acceptedNameUsageID,Scientific name,Depth0_Top,Depth0_Bottom,Depth0_midPoint,Depth1_Top,Depth1_Bottom,Depth1_midPoint,Lat0_Top,Lat0_Bottom,Lat0_midPoint,Lon0_Top,Lon0_Bottom,Lon0_midPoint,common size0_Top,common size0_Bottom,common size0_midPoint,max size0_Top,max size0_Bottom,max size0_midPoint,Temperature0_Top,Temperature0_Bottom,Temperature0_midPoint,Lon1_Top,Lon1_Bottom,Lon1_midPoint,max size1_Top,max size1_Bottom,max size1_midPoint,Lat1_Top,Lat1_Bottom,Lat1_midPoint,Depth2_Top,Depth2_Bottom,Depth2_midPoint,Temperature1_Top,Temperature1_Bottom,Temperature1_midPoint,Depth3_Top,Depth3_Bottom,Depth3_midPoint,max size2_Top,max size2_Bottom,max size2_midPoint,common size1_Top,common size1_Bottom,common size1_midPoint,common size2_Top,common size2_Bottom,common size2_midPoint,max size3_Top,max size3_Bottom,max size3_midPoint,spawning temperature0_Top,spawning temperature0_Bottom,spawning temperature0_midPoint,spawning temperature1_Top,spawning temperature1_Bottom,spawning temperature1_midPoint,spawning temperature2_Top,spawning temperature2_Bottom,spawning temperature2_midPoint,common size3_Top,common size3_Bottom,common size3_midPoint,common size4_Top,common size4_Bottom,common size4_midPoint,common size5_Top,common size5_Bottom,common size5_midPoint,spawning temparature0_Top,spawning temparature0_Bottom,spawning temparature0_midPoint,temperature0_Top,temperature0_Bottom,temperature0_midPoint,max size4_Top,max size4_Bottom,max size4_midPoint,max size5_Top,max size5_Bottom,max size5_midPoint
105787,Carcharhinus altimus,80,220,,0,810,,-31,46,,-180,180,,,,250,,,300,,,,,,,,,,,,,,,,,,,,,,,,,,,,,,,,,,,,,,,,,,,,,,,,,,,,,,,,,,,,,,,
105788,Carcharhinus brevipinna,0,200,,0,100,,-38,40,,-100,155,,,,250,,,300,,,,,,,,,,,,,,,,,,,,,,,,,,,,,,,,,,,,,,,,,,,,,,,,,,,,,,,,,,,,,,,
105789,Carcharhinus falciformis,0,500,,18,500,,-43,42,,-180,180,,,,250,,,350,,,23,,,,,,,,,,,,,,,,,,,,,,,,,,,,,,,,,,,,,,,,,,,,,,,,,,,,,,,,,,,,
105790,Carcharhinus galapagensis,30,180,,0,285,,-34,36,,-180,180,,,,300,,,370,,,,,,,,,,,,,,,,,,,,,,,,,,,,,,,,,,,,,,,,,,,,,,,,,,,,,,,,,,,,,,,
105791,Carcharhinus isodon,0,20,,,,,-38,42,,-100,-12,,,,,,,,,,,,,,,,,,,,,,,,,,,,,,,,,,,,,,,,,,,,,,,,,,,,,,,,,,,,,,,,,,,,,,
105792,Carcharhinus leucas,1,30,,0,164,,-39,42,,-180,180,,,,260,,,360,,,,,,,,,,,,,,,,,,,,,,,,,,,,,,,,,,,,,,,,,,,,,,,,,,,,,,,,,,,,,,,
105793,Carcharhinus limbatus,0,140,,0,30,,-38,45,,-180,180,,,,150,,,286,,,,,,,,,,,,,,,,,,,,,,,,,,,,,,,,,,,,,,,,,,,,,,,,,,,,,,,,,,,,,,,
105794,Carcharhinus longimanus,0,1082,,0,152,,-43,46,,-180,180,,,,270,,,400,18,28,,,,,,,,,,,,,,,,,,,,,,,,,,,,,,,,,,,,,,,,,,,,,,,,,,,,,,,,,,,,,
105795,Carcharhinus melanopterus,0,75,,,,,-25,35,,-180,-134,,,,,,,,,,,7,180,,,,,,,,,,,,,,,,,,,,,,,,,,,,,,,,,,,,,,,,,,,,,,,,,,,,,,,,,,
105796,Carcharhinus obscurus,0,500,,200,400,,-46,45,,-120,156,,,,250,,,420,,,,,,,,,,,,,,,,,,,,,,,,,,,,,,,,,,,,,,,,,,,,,,,,,,,,,,,,,,,,,,,
105797,Carcharhinus plumbeus,0,280,,20,65,,-41,45,,-180,180,,,,200,,,300,23,27,,,,,,,280,,,,,,,,,,,,,,,,,,,,,,,,,,,,,,,,,,,,,,,,,,,,,,,,,,,,,,
105798,Carcharhinus signatus,0,600,,50,100,,-43,39,,-98,15,,,,200,,,280,11,16,,,,,,,,,,,,,,,,,,,,,,,,,,,,,,,,,,,,,,,,,,,,,,,,,,,,,,,,,,,,,
105799,Galeocerdo cuvier,0,100,,0,1136,,-36,40,,-180,180,,,,500,,,750,,,,,,,,,,-44,62,,,,,,,,,,,,,,,,,,,,,,,,,,,,,,,,,,,,,,,,,,,,,,,,,,,,
105800,Negaprion brevirostris,0,92,,,,,-33,45,,-114,14,,,,240,340,368,,,,,,,,,,,,,,,,,,,,,,,,,,,,,,,,,,,,,,,,,,,,,,,,,,,,,,,,,,,,,,,,
105801,Prionace glauca,1,220,,1,1082,,-55,70,,-180,180,,,,335,,,400,7,21,,,,,,,,,,,,,,,,,,,,,,,,,,,,,,,,,,,,,,,,,,,,,,,,,,,,,,,,,,,,,
105802,Rhizoprionodon acutus,,,,,,,-30,41,,-27,156,,,,110,,,175,,,,,,,,,,,,,,,,,,,,,,,,,,,,,,,,,,,,,,,,,,,,,,,,,,,,,,,,,,,,,,,
105803,Paragaleus pectoralis,30,70,,0,100,,?,30,,,,,,,100,,,140,,,,,,,,,,,,,,,,,,,,,,,,,,,,,,,,,,,,,,,,,,,,,,,,,,,,,,,,,,,,,,,
105816,Sphyrna lewini,0,1043,,0,25,,-39,46,,-180,180,,,,360,,,430,,,,,,,,,,,,,0,275,,,,,,,,,,,,,,,,,,,,,,,,,,,,,,,,,,,,,,,,,,,,,,,,,
105817,Sphyrna mokarran,0,300,,1,100,,-37,40,,-180,180,,?,400,370,400,610,550,,,,,,,,,,,,,,,,,,,,,,,,,,,,,,,,,,,,,,,,,,,,,,,,,,,,,,,,,,,,,,,
105819,Sphyrna zygaena,0,200,,0,20,,-55,59,,-180,180,,,,335,,,500,,,,,,,,,,,,,,,,,,,,,,,,,,,,,,,,,,,,,,,,,,,,,,,,,,,,,,,,,,,,,,,
105820,Galeorhinus galeus,0,200,,0,826,,-58,70,,-180,37,,,,160,,,193,,,,111,180,,,,,,,,,,,,,,,,,,,,,,,,,,,,,,,,,,,,,,,,,,,,,,,,,,,,,,,,,,
105822,Mustelus mustelus,5,624,,5,50,,-34,58,,-19,36,,,,100,,,200,,,,,,,,,,,,,,,,,,,,,,,,,,,,,,,,,,,,,,,,,,,,,,,,,,,,,,,,,,,,,,,
105832,Heptranchias perlo,27,720,,0,1000,,-58,58,,-180,-173,,,,100,,,137,,,,-98,180,,,,,,,,180,450,,,,,,,,,,,,,,,,,,,,,,,,,,,,,,,,,,,,,,,,,,,,,,,,,
105833,Hexanchus griseus,180,1100,,1,2500,,-48,65,,-180,180,,,,300,,,600,6,10,,,,,,,,,,,,,,,,,,,,,,,,,,,,,,,,,,,,,,,,,,,,,,,,,,,,,,,,,,,,,
105835,Alopias superciliosus,0,955,,0,100,,-40,46,,-180,180,,,,350,,,488,,,,,,,,,,,,,,,,,,,,,,,,,,,,,,,,,,,,,,,,,,,,,,,,,,,,,,,,,,,,,,,
105836,Alopias vulpinus,0,650,,0,200,,-58,74,,-180,180,,,,450,,,573,,,,,,,,,,,,,,,,,,,,,,,,,,,,,,,,,,,,,,,,,,,,,,,,,,,,,,,,,,,,,,,
105837,Cetorhinus maximus,0,1264,,0,2000,,-58,75,,-180,42,,,,700,,,1520,8,16,,111,180,,,,,,,,,,,6,24,,,,,,,,,,,,,,,,,,,,,,,,,,,,,,,,,,,,,,,,,,,,,,
105838,Carcharodon carcharias,0,1200,,0,250,,-58,61,,-180,180,,,,,,,,,,,,,,,,,,,,,,,,,,,,,,,,,,,,,,,,,,,,,,,,,,,,,,,,,,,,,,,,,,,,,,
105839,Isurus oxyrinchus,100,150,,0,888,,-54,65,,-180,180,,,,270,,,445,16,?,,,,,,,,,,,,,,,,,,,,,,,,,,,,,,,,,,,,,,,,,,,,,,,,,,,,,,,,,,,,,
105840,Isurus paucus,0,1752,,,,,-38,46,,-180,180,,,,200,,,427,,,,,,,,,,,,,,,,,,,,,,,,,,,,,,,,,,,,,,,,,,,,,,,,,,,,,,,,,,,,,,,
105841,Lamna nasus,0,1809,,0,300,,-59,76,,-180,180,,,,244,,,350,5,10,,,,,,,,,,,,,,-1,23,,,,,,,,,,,,,,,,,,,,,,,,,,,,,,,,,,,,,,,,,,,,,,
105843,Carcharias taurus,0,232,,15,25,,-48,45,,-100,155,,,,250,,,330,,,,,,,,,,,,,,,,,,,,,,,,,,,,,,,,,,,,,,,,,,,,,,,,,,,,,,,,,,,,,,,
105844,Odontaspis ferox,10,2000,,13,880,,-49,50,,-180,180,,,,,,,,,,,,,,,,,,,,,,,,,,,,,,,,,,,,,,,,,,,,,,,,,,,,,,,,,,,,,,,,,,,,,,
105845,Odontaspis noronhai,35,1000,,,,,-34,31,,-163,-27,,,,,,,,,,,,,,,,,,,,,,,,,,,,,,,,,,,,,,,,,,,,,,,,,,,,,,,,,,,,,,,,,,,,,,
105846,Ginglymostoma cirratum,0,130,,1,35,,-35,44,,-122,10,,,,304,,,430,,,,,,,,,,,,,,,,,,,,,,,,,,,,,,,,,,,,,,,,,,,,,,,,,,,,,,,,,,,,,,,
105847,Rhincodon typus,0,100,,0,1928,,-48,45,,-180,180,,,,1000,,,1700,26.5,30,,,,,,,,,,,,,,18,30,,,,,,,,,,,,,,,,,,,,,,,,,,,,,,,,,,,,,,,,,,,,,,
105858,Mobula japanica,0,200,,0,647,,-30,40,,,,,,,225,,,310,,,,,,,,,,13,53,,0,50,,,,,0,1112,,,,,,,,,,,,,,,,,,,,,,,,,,,,,,,,,,,,,,,,,,,
105859,Mobula tarapacana,0,1896,,0,20,,-37,50,,-180,180,,,,250,,,328,,,,,,,,,,,,,,,,,,,,,,,,,,,,,,,,,,,,,,,,,,,,,,,,,,,,,,,,,,,,,,,
105860,Myliobatis aquila,0,537,,1,95,,-36,60,,-32,58,,,,,,,,,,,,,,,,,,,,,,,,,,,,,,,,,,,,,,,,,,,,,,,,,,,,,,,,,,,,,,,,,,,,,,
105899,Centrophorus granulosus,300,1100,,50,1500,,-43,58,,-98,156,,,,,,,,,,,,,,,,,,,,200,600,,,,,,,,,,,,,,,,,,,,,,,,,,,,,,,,,,,,,,,,,,,,,,,,,
105901,Centrophorus squamosus,0,200,mostly,0,3366,,-54,69,,-180,-176,,,,,,,,,,,-92,180,,,,,,,,,,,,,,,,,,,,,,,,,,,,,,,,,,,,,,,,,,,,,,,,,,,,,,,,,,
105902,Centrophorus uyato,400,800,,50,1400,,-43,43,,,,,,,,,,,,,,,,,,,,,,,,,,,,,,,,,,,,,,,,,,,,,,,,,,,,,,,,,,,,,,,,,,,,,,,,,
105907,Centroscymnus coelolepis,400,3675,mostly,128,3675,,-61,75,,-180,-147,,,,92,,,121,5,13,,-98,180,,,,,,,,,,,,,,,,,,,,,,,,,,,,,,,,,,,,,,,,,,,,,,,,,,,,,,,,,,
105910,Dalatias licha,37,1800,,300,600,,-56,72,,-180,-153,,,,,,,,,,,-98,180,,,,,,,,,,,,,,,,,,,,,,,,,,,,,,,,,,,,,,,,,,,,,,,,,,,,,,,,,,
105918,Scymnodon ringens,200,1600,,,,,-54,61,,-180,-172,,,,,?,,110,,,,-18,180,,,,,,,,,,,,,,,,,,,,,,,,,,,,,,,,,,,,,,,,,,,,,,,,,,,,,,,,,,
105919,Somniosus microcephalus,0,2647,,180,550,,27,83,,-95,61,,,,,,,,-1.8,17.2,,,,,,,,,,,,,,,,,,,,,,,,,,,,,,,,,,,,,,,,,,,,,,,,,,,,,,,,,,,,,
105921,Squaliolus laticaudus,60,750,,10,1800,,-40,48,,-180,180,,,,,?,,27.5,,,,,,,?,,25,,,,,,,,,,,,,?,,22,,,,,,,,,,,,,,,,,,,,,,,,,,,,,,,,,,,,,,,
105923,Squalus acanthias,0,1978,,50,300,,-57,78,,-180,-171,,,,100,,,160,7,15,,-82,180,,,,,,,,,,,,,,,,,,,,,,,,,,,,,,,,,,,,,,,,,,,,,,,,,,,,,,,,,,
126292,Nessorhamphus ingolfianus,0,1800,,,,,,,,,,,,,,,,60,,,,,,,,,,,,,,,,,,,,,,,,,,,,,,,,,,,,,,,,,,,,,,,,,,,,,,,,,,,,,,,
126305,Nemichthys curvirostris,0,4400,,0,2000,,-40,40,,-180,180,,,,,,,143,,,,,,,,,130,,,,,,,,,,,,,,,,,,,,,,,,,,,,,,,,,,,,,,,,,,,,,,,,,,,,,,
126306,Nemichthys scolopaceus,100,1000,,0,3656,,-42,55,,-180,180,,,,,,,130,,,,,,,,,,,,,,,,,,,,,,,,,,,,,,,,,,,,,,,,,,,,,,,,,,,,,,,,,,,,,,,
126332,Alepisaurus brevirostris,640,1591,,,,,-72,68,,-180,180,,,,70,,,96,,,,,,,,,,,,,,,,,,,,,,,,,,,,,,,,,,,,,,,,,,,,,,,,,,,,,,,,,,,,,,,
126333,Alepisaurus ferox,0,1830,,,,,-57,84,,-180,180,,,,150,,,215,,,,,,,,,,,,,,,,,,,,,,,,,,,,,,,,,,,,,,,,,,,,,,,,,,,,,,,,,,,,,,,
126349,Scopelosaurus lepidus,500,800,,70,2500,,-18,71,,-81,15,,,,35,,,36.4,,,,,,,,,,,,,,,,,,,,,,,,,,,,,,,,,,,,,,,,,,,,,,,,,,,,,,,,,,,,,,,
126350,Scopelosaurus smithii,500,?,,50,815,,-30,40,,,,,,,,,,25,,,,,,,,,,,,,,,,,,,,,,,,,,,,,,,,,,,,,,,,,,,,,,,,,,,,,,,,,,,,,,,
126361,Paralepis coregonoides,50,1032,,50,600,,30,65,,-77,21,,,,,,,29,,,,,,,,,50,,,,,,,,,,,,,,,,,,,,,,,,,,,,,,,,,,,,,,,,,,,,,,,,,,,,,,
126367,Scopelarchus analis,0,820,,200,1500,,,,,,,,,,,,,12.6,,,,,,,,,,,,,,,,,,,,,,,,,,,,,,,,,,,,,,,,,,,,,,,,,,,,,,,,,,,,,,,
126368,Scopelarchus michaelsarsi,250,500,,,,,-37,30,,-180,-150,,,,,,,10.1,,,,-85,180,,,,,,,,,,,,,,,,,,,,,,,,,,,,,,,,,,,,,,,,,,,,,,,,,,,,,,,,,,
126375,Belone belone,0,20,,,,,14,65,,-32,42,,,,45,,,104,,,,,,,,,,,,,,,,,,,,,,,,,,,,,,,,,,,,,,,,,,,,,,,,,,,,,,,,,,,,,,,
126378,Tylosurus acus,0,20,,,,,?,43,,-98,36,,,,90,95,129,,,,,,,,,,153,,,,,,,,,,,,,,,,,,90,,,,,,,,,,,,,,,,,,,,,,,,,,,,,,,,,,,,
126385,Exocoetus volitans,0,20,,,,,-36,44,,-180,180,,,,20,,,30,,,,,,,,,,,,,,,,,,,,,,,,,,,,,,,,,,,,,,,,,,,,,,,,,,,,,,,,,,,,,,,
126387,Hirundichthys speculiger,0,20,,,,,-36,42,,-180,180,,,,,,,25.1,,,,,,,,,,,,,,,,,,,,,,,,,,,,,,,,,,,,,,,,,,,,,,,,,,,,,,,,,,,,,,,
126392,Scomberesox saurus,0,30,,,,,-22,66,,-98,36,,,,32,,,50,,,,,,,,,,,,,,,,,,,,,,,,,,,,,,,,,,,,,,,,,,,,,,,,,,,,,,,,,,,,,,,
126393,Anoplogaster cornuta,500,2000,,2,4992,,-46,65,,-180,180,,,,,,,18,,,,,,,,,,,,,,,,,,,,,,,,,,,,,,,,,,,,,,,,,,,,,,,,,,,,,,,,,,,,,,,
126404,Hoplostethus mediterraneus,100,1408,,,,,-78,68,,-98,180,,,,20,,,42,,,,-180,-167,,,,,,,,,,,,,,,,,,,,,,,,,,,,,,,,,,,,,,,,,,,,,,,,,,,,,,,,,,
126407,Ditropichthys storeri,1000,2000,,650,3400,,-43,45,,,,,,,,,,12.8,,,,,,,,,,,,,,,,,,,,,,,,,,,,,,,,,,,,,,,,,,,,,,,,,,,,,,,,,,,,,,,
126412,Rondeletia loricata,200,1400,,100,3500,,-40,45,,-180,180,,,,9,,,11,,,,,,,,,,,,,,,,,,,,,,,,,,,,,,,,,,,,,,,,,,,,,,,,,,,,,,,,,,,,,,,
126421,Sardina pilchardus,10,35,,25,100,,14,68,,-32,43,,,,27.5,,,20,,,,,,,,,,,,,,,,,,,,,,,,,,,,,,,,,,,,,,,,,,,,,,,,,,,,,,,,,,,,,,,
126422,Sardinella aurita,0,350,,,,,-40,47,,-98,43,,,,25,,,41,,,,,,,,,,,,,,,,,,,,,,,,,,,,,,,,,,,,,,,,,,,,,,,,,,,,,,,,,,,,,,,
126423,Sardinella maderensis,0,80,,,,,-23,46,,-17,36,,20,25,,,,30,,,,,,,,,32,,,,,,,,,,,,,,,,,,25,,,22.5,,,,,,,,,,,,,,,,,,,,,,,,,,,,,,,,,
126425,Sprattus sprattus,10,150,,,,,30,60,,-11,42,,,,12,,,16,,,,,,,,,,,,,,,,,,,,,,,,,,,,,,,,,,,,,,,,,,,,,,,,,,,,,,,,,,,,,,,
126439,Micromesistius poutassou,300,400,,150,3000,,26,79,,-82,51,,,,22,,,55.5,,,,,,,,,,,,,,,,,,,,,,,,,,,,,,,,,,,,,,,,,,,,,,,,,,,,,,,,,,,,,,,
126444,Trisopterus esmarkii,100,200,,50,300,,48,79,,-27,30,,,,19,,,35,,,,,,,,,,,,,,,,,,,,,,,,,,,,,,,,,,,,,,,,,,,,,,,,,,,,,,,,,,,,,,,
126473,Nezumia aequalis,200,2320,,200,1000,,-12,70,,-98,30,,,,25,,,36,,,,,,,,,,,,,,,,,,,,,,,,,,,,,,,,,,,,,,,,,,,,,,,,,,,,,,,,,,,,,,,
126482,Trachyrincus scabrus,400,1500,,,,,-27,55,,-26,36,,,,,,,50,,,,,,,,,60,,,,,,,,,,,,,,,,,,,,,,,,,,,,,,,,,,,,,,,,,,,,,,,,,,,,,,
126484,Merluccius merluccius,70,370,,30,1075,,18,76,,-30,42,,,,45,,,100,,,,,,,,,140,,,,,,,,,,,,,,,,,,,,,,,,,,,,,,,,,,,,,,,,,,,,,,,,,,,,,,
126486,Antimora rostrata,1300,2500,,350,3000,,-68,70,,-180,180,,,,,,,75,,,,,,,,,,,,,,,,,,,,,,,,,,,,,,,,,,,,,,,,,,,,,,,,,,,,,,,,,,,,,,,
126497,Mora moro,450,2500,,50,2500,,-51,64,,-180,-174,,,,45,,,80,,,,-77,180,,,,,,,,,,,,,,,,,,,,,,,,,,,,,,,,,,,,,,,,,,,,,,,,,,,,,,,,,,
126522,Lampris guttatus,100,400,Day,50,150,Night,-60,75,,-180,180,,,,120,,,200,8,22,,,,,,,,,,,,,,,,,,,,,,,,,,,,,,,,,,,,,,,,,,,,,,,,,,,,,,,,,,,,,
126524,Radiicephalus elongatus,,,,,,,-40,38,,-180,180,,60,75,,,,80,,,,-130,20,,,,76,,,,,,,,,,,,,,,,,,,,,,,,,,,,,,,,,,,,,,,,,,,,,,,,,,,,,,
126525,Regalecus glesne,15,1000,,20,200,,15,72,,-180,180,,,,300,,,800,,,,,,,,,,-52,-15,,,,,,,,,,,,,,,,,,,,,,,,,,,,,,,,,,,,,,,,,,,,,,,,,,,,
126526,Stylephorus chordatus,625,800,,300,600,,-37,45,,-130,20,,,,,,,32,,,,,,,,,28,,,,,,,,,,,,,,,,,,,,,,,,,,,,,,,,,,,,,,,,,,,,,,,,,,,,,,
126527,Trachipterus arcticus,100,900,,300,600,,25,72,,-62,25,,,,,,,,,,,,,,,,,,,,,,,,,,,,,,,,,,,,,,,,,,,,,,,,,,,,,,,,,,,,,,,,,,,,,,
126528,Trachipterus trachypterus,200,1355,,100,600,,-48,45,,-180,-153,,,,,,,,,,,-76,180,,,,,,,,,,,,,,,,,,,,,,,,,,,,,,,,,,,,,,,,,,,,,,,,,,,,,,,,,,
126537,Ceratias holboelli,400,4400,,400,2000,,-45,67,,-180,180,,,,77,,,16,,,,,,,,,120,,,,,,,,,,,,,,,16,,,77,,,,,,120,,,,,,,,,,,,,,,,,,,,,,,,,,,,,,
126538,Cryptopsaras couesii,500,1250,,0,3085,,-52,81,,-180,180,,,,1.05,,,44,,,,,,,,,7.3,,,,,,,,,,,,,,,7.3,,,1.05,,,,,,,,,,,,,,,,,,,,,,,,,,,,,,,,,,,,
126566,Leptacanthichthys gracilispinis,0,2000,,,,,,,,,,,,,,6.9,10.3,,,,,,,,?,,0.8,,,,,,,,,,,,,,,,,,,,,,,,,,,,,,,,,,,,,,,,,,,,,,,,,,,,,,
126581,Benthosema suborbitale,0,125,Night,375,750,Day,-50,50,,-180,180,,,,,,,3.9,,,,,,,,,,,,,50,2500,,,,,,,,,,,,,,,,,,,,,,,,,,,,,,,,,,,,,,,,,,,,,,,,,
126582,Bolinichthys indicus,25,300,Night,500,900,Day,-45,-20,Indian Ocean,,,,,,,,,4.6,,,,,,,,,,?,50,,,,,,,,,,,,,,,,,,,,,,,,,,,,,,,,,,,,,,,,,,,,,,,,,,,,
126583,Bolinichthys supralateralis,40,650,Night,375,750,Day,-40,45,,-169,-153,,,,,,,11.7,,,,,,,,,,,,,,,,,,,,,,,,,,,,,,,,,,,,,,,,,,,,,,,,,,,,,,,,,,,,,,,
126584,Centrobranchus nigroocellatus,0,200,Night,375,650,Day,-45,40,,,,,,,,,,5,,,,,,,,,,,,,,,,,,,,,,,,,,,,,,,,,,,,,,,,,,,,,,,,,,,,,,,,,,,,,,,
126585,Ceratoscopelus maderensis,51,250,Night,650,700,Day,20,50,,,,,,,,,,8.1,,,,,,,,,,,,,51,1480,,,,,,,,,,,,,,,,,,,,,,,,,,,,,,,,,,,,,,,,,,,,,,,,,
126589,Diaphus brachycephalus,0,225,Night,175,550,Day,-33,42,,,,,,,,,,6,,,,,,,,,,,,,,,,,,,,,,,,,,,,,,,,,,,,,,,,,,,,,,,,,,,,,,,,,,,,,,,
126590,Diaphus dumerilii,0,50,Night,225,750,Day,-45,51,,,,,,,,,,9.5,,,,,,,,,,,,,,,,,,,,,,,,,,,,,,,,,,,,,,,,,,,,,,,,,,,,,,,,,,,,,,,
126594,Diaphus metopoclampus,375,850,Day,90,1085,,-55,49,,-180,-153,,,,,,,7.5,,,,-67,180,,,,,,,,,,,,,,,,,,,,,,,,,,,,,,,,,,,,,,,,,,,,,,,,,,,,,,,,,,
126599,Diogenichthys atlanticus,18,1050,Night,400,930,Day,-48,50,,-180,-109,,,,,,,2.9,,,,-82,180,,,,,,,,,,,,,,,,,,,,,,,,,,,,,,,,,,,,,,,,,,,,,,,,,,,,,,,,,,
126603,Hygophum hygomii,0,300,Night,600,800,Day,-40,46,,,,,,,,,,7.7,,,,,,,,,,,,,,,,,,,,,,,,,,,,,,,,,,,,,,,,,,,,,,,,,,,,,,,,,,,,,,,
126607,Lampadena chavesi,0,175,Night,600,800,Day,-33,-26,Atlantic ,,,,,,,,,8,,,,,,,,,,26,41,Atlantic ,,,,,,,,,,,,,,,,,,,,,,,,,,,,,,,,,,,,,,,,,,,,,,,,,,,
126612,Lampanyctus crocodilus,0,1200,,700,800,Day,16,72,,-82,36,,,,8,,,14.8,,,,,,,,,30,,,,45,150,Night,,,,,,,,,,,,,,,,,,,,,,,,,,,,,,,,,,,,,,,,,,,,,,,,
126614,Lampanyctus festivus,40,1052,,,,,-56,50,,-180,180,,,,,,,13.8,,,,,,,,,,,,,,,,,,,,,,,,,,,,,,,,,,,,,,,,,,,,,,,,,,,,,,,,,,,,,,,
126616,Nannobrachium lineatum,60,225,Night,650,1000,Day,-27,42,,-180,-153,,,,,,,23.7,,,,-82,180,,,,,,,,,,,,,,,,,,,,,,,,,,,,,,,,,,,,,,,,,,,,,,,,,,,,,,,,,,
126625,Loweina rara,0,175,Night,550,1050,Day,-30,46,,,,,,,,,,4.5,,,,,,,,,,,,,,,,,,,,,,,,,,,,,,,,,,,,,,,,,,,,,,,,,,,,,,,,,,,,,,,
126626,Myctophum nitidulum,0,5,Night,475,850,Day,-34,42,,-180,-117,,,,,,,8.3,,,,112,180,,,,,,,,,,,,,,,,,,,,,,,,,,,,,,,,,,,,,,,,,,,,,,,,,,,,,,,,,,
126627,Myctophum punctatum,225,750,Day,0,125,Night,15,69,,-67,36,,,,,,,11,,,,,,,,,,,,,,,,,,,,,,,,,,,,,,,,,,,,,,,,,,,,,,,,,,,,,,,,,,,,,,,
126629,Notolychnus valdiviae,25,350,Night,375,700,Day,-40,56,,-180,180,,,,,,,6.3,,,,,,,,,,,,,,,,,,,,,,,,,,,,,,,,,,,,,,,,,,,,,,,,,,,,,,,,,,,,,,,
126632,Taaningichthys minimus,50,500,,600,800,,-30,-18,,-180,21,,,,,,,6.5,,,,131,180,,,,,14,40,,,,,,,,,,,,,,,,,,,,,,,,,,,,,,,,,,,,,,,,,,,,,,,,,,,,
126715,Argentina silus,182.8,255.9,,140,1440,,42,80,,-71,31,,,,,,,70,,,,,,,,,,,,,,,,,,,,,,,,,,,,,,,,,,,,,,,,,,,,,,,,,,,,,,,,,,,,,,,
126733,Opisthoproctus soleatus,500,700,,300,4000,,?,51,,,,,,,,,,11,,,,,,,,,10.5,,,,,,,,,,,,,,,,,,,,,,,,,,,,,,,,,,,,,,,,,,,,,,,,,,,,,,
126734,Rhynchohyalus natalensis,250,625,,,,,-49,35,,-180,-154,,,,,,,16,,,,-89,180,,,,,,,,,,,,,,,,,,,,,,,,,,,,,,,,,,,,,,,,,,,,,,,,,,,,,,,,,,
126735,Mallotus villosus,0,725,,,,,37,84,,-180,180,,,,15,,,25.2,,,,,,,,,20,,,,,,,,,,,,,,,,,,,,,,,,,,,,,,,,,,,,,,,,,,,,,,,,,,,,,,
126757,Anarhichas denticulatus,100,900,,60,1700,,43,81,,-123,61,,,,,,,180,,,,,,,,,,,,,,,,,,,,,,,,,,,,,,,,,,,,,,,,,,,,,,,,,,,,,,,,,,,,,,,
126783,Brama brama,0,1000,,0,200,,-35,30,,-180,180,,,,40,,,100,12,24,,,,,,,,-70,65,,,,,,,,,,,,,,,,,,,,,,,,,,,,,,,,,,,,,,,,,,,,,,,,,,,,
126785,Pterycombus brama,25,400,,,,,-1,67,,-98,36,,,,,,,46,,,,,,,,,,,,,,,,,,,,,,,,,,,,,,,,,,,,,,,,,,,,,,,,,,,,,,,,,,,,,,,
126786,Taractes asper,0,1000,,1,140,,-40,70,,-180,180,,,,,,,,,,,,,,,,,-35,72,,,,,,,,,,,,,,,,,,,,,,,,,,,,,,,,,,,,,,,,,,,,,,,,,,,,
126787,Taractes rubescens,0,600,,,,,,,,,,,,,30,,,89,,,,,,,,,,,,,,,,,,,,,,,,,,,,,,,,,,,,,,,,,,,,,,,,,,,,,,,,,,,,,,,
126788,Taractichthys longipinnis,0,500,,42,200,,-35,60,,-98,21,,,,,,,,10,?,,,,,,,,-68,47,,,,,,,,,,,,,,,,,,,,,,,,,,,,,,,,,,,,,,,,,,,,,,,,,,,,
126802,Caranx crysos,0,100,,,,,-26,46,,-97,32,,,,40,,,70,,,,,,,,,,,,,,,,,,,,,,,,,,,,,,,,,,,,,,,,,,,,,,,,,,,,,,,,,,,,,,,
126803,Caranx hippos,1,200,,1,350,,-35,45,,-98,14,,,,75,,,124,,,,,,,,,,,,,,,,,,,,,,,,,,,,,,,,,,,,,,,,,,,,,,,,,,,,,,,,,,,,,,,
126805,Caranx lugubris,3,380,,24,65,,-30,30,,-180,180,,,,70,,,100,,,,,,,,,,,,,,,,,,,,,,,,,,,,,,,,,,,,,,,,,,,,,,,,,,,,,,,,,,,,,,,
126807,Decapterus macarellus,40,200,,1,400,,-46,54,,-180,180,,,,30,,,46,,,,,,,,,,,,,,,,,,,,,,,,,,,,,,,,,,,,,,,,,,,,,,,,,,,,,,,,,,,,,,,
126809,Elagatis bipinnulata,1,150,,2,10,,-41,44,,-180,180,,,,90,,,180,,,,,,,,,,,,,,,,,,,,,,,,,,,,,,,,,,,,,,,,,,,,,,,,,,,,,,,,,,,,,,,
126811,Naucrates ductor,0,150,,0,300,,-43,61,,-180,180,,,,40,,,70,,,,,,,,,,,,,,,,,,,,,,,,,,,,,,,,,,,,,,,,,,,,,,,,,,,,,,,,,,,,,,,
126814,Selene dorsalis,20,100,,0,60,,-28,39,,,,,,,24,,,40,,,,,,,,,,,,,,,,,,,,,,,,,,,,,,,,,,,,,,,,,,,,,,,,,,,,,,,,,,,,,,,
126816,Seriola dumerili,1,385,,18,72,,-36,49,,-98,128,,,,100,,,190,,,,,,,,,,,,,,,,,,,,,,,,,,,,,,,,,,,,,,,,,,,,,,,,,,,,,,,,,,,,,,,
126818,Seriola rivoliana,3,250,,30,35,,-38,43,,-180,180,,,,90,,,160,,,,,,,,,,,,,,,,,,,,,,,,,,,,,,,,,,,,,,,,,,,,,,,,,,,,,,,,,,,,,,,
126820,Trachurus mediterraneus,5,250,,0,500,,16,50,,-20,43,,,,30,,,60,,,,,,,,,,,,,,,,,,,,,,,,,,,,,,,,,,,,,,,,,,,,,,,,,,,,,,,,,,,,,,,
126821,Trachurus picturatus,305,370,,,,,-41,45,,-32,17,,,,,,,,,,,,,,,,,,,,,,,,,,,,,,,,,,,,,,,,,,,,,,,,,,,,,,,,,,,,,,,,,,,,,,
126822,Trachurus trachurus,0,1050,,100,200,,-38,67,,-26,42,,,,22,,,70,,,,,,,,,,,,,,,,,,,,,,,,,,,,,,,,,,,,,,,,,,,,,,,,,,,,,,,,,,,,,,,
126823,Trachurus trecae,20,300,,,,,-19,35,,-26,14,,,,,,,,15,22,,,,,,,,,,,,,,,,,,,,,,,,,,,,,,,,,,,,,,,,,,,,,,,,,,,,,,,,,,,,,
126828,Spicara maena,30,90,,30,200,,28,47,,-19,42,,,,,,,21,,,,,,,,,25,,,,,,,,,,,,,,,,,,,,,,,,,,,,,,,,,,,,,,,,,,,,,,,,,,,,,,
126830,Spicara smaris,,,,,,,20,47,,-19,42,,,,14,,,24.2,,,,,,,,,20,,,,,,,,,,,,,,,,,,,,,,,,,,,,,,,,,,,,,,,,,,,,,,,,,,,,,,
126831,Centrolophus niger,300,700,,40,1050,,-55,68,,-180,180,,,,60,,,150,,,,,,,,,,,,,,,,,,,,,,,,,,,,,,,,,,,,,,,,,,,,,,,,,,,,,,,,,,,,,,,
126843,Pseudoscopelus altipinnis,30,2400,,50,1870,,-36,46,,-180,180,,,,10.1,,,20,,,,,,,,,20,,,,,,,,,,,,,,,,,,,,,,,,,,,,,,,,,,,,,,,,,,,,,,,,,,,,,,
126845,Coryphaena equiselis,0,119,,0,400,,-48,48,,-180,180,,,50,,,,,24,?,,,,,,,,,,,,,,,,,,,,,,,,,,,,,,,,21,,,,,,,,,,,,,,,,,,,,,,,,,,,,,
126846,Coryphaena hippurus,0,85,,5,10,,-40,50,,180,-180,,,,100,,,210,21,30,,,,,,,,,,,,,,,,,,,,,,,,,,,,,,,,,,,,,,,,,,,,,,,,,,,,,,,,,,,,,
126848,Echeneis naucrates,0,50,,,,,-45,45,,-180,180,,,,66,,,110,,,,,,,,,,,,,,,,,,,,,,,,,,,,,,,,,,,,,,,,,,,,,,,,,,,,,,,,,,,,,,,
126849,Phtheirichthys lineatus,1,100,,0,5,,,,,,,,,,,,,,,,,,,,,,,,,,,,,,,,,,,,,,,,,,,,,,,,,,,,,,,,,,,,,,,,,,,,,,,,,,,,
126851,Remora brachyptera,0,200,,,,,,,,,,,,,25,,,50,,,,,,,,,,,,,,,,,,,,,,,,,,,,,,,,,,,,,,,,,,,,,,,,,,,,,,,,,,,,,,,
126852,Remora osteochir,1,200,,1,100,,-45,42,,-180,180,,,,,,,,,,,,,,,,,,,,,,,,,,,,,,,,,,,,,,,,,,,,,,,,,,,,,,,,,,,,,,,,,,,,,,
126853,Remora remora,62,86,,0,200,,-36,60,,-180,180,,,,40,,,86.4,,,,,,,,,,,,,,,,,,,,,,,,,,,,,,,,,,,,,,,,,,,,,,,,,,,,,,,,,,,,,,,
126862,Gempylus serpens,0,200,,0,950,,-40,42,,-180,180,,,,60,,,100,,,,,,,,,,,,,,,,,,,,,,,,,,,,,,,,,,,,,,,,,,,,,,,,,,,,,,,,,,,,,,,
126863,Lepidocybium flavobrunneum,200,1100,,,,,-56,50,,-180,180,,,,150,,,200,,,,,,,,,,,,,,,,,,,,,,,,,,,,,,,,,,,,,,,,,,,,,,,,,,,,,,,,,,,,,,,
126864,Nealotus tripes,0,1646,,914,1646,,-35,47,,-180,180,,,,15,,,25,,,,,,,,,,,,,,,,,,,,,,,,,,,,,,,,,,,,,,,,,,,,,,,,,,,,,,,,,,,,,,,
126865,Nesiarchus nasutus,200,1200,,,,,-47,70,,-180,180,,,,80,,,130,,,,,,,,,,,,,,,,,,,,,,,,,,,,,,,,,,,,,,,,,,,,,,,,,,,,,,,,,,,,,,,
126866,Promethichthys prometheus,300,400,,80,800,,-36,50,,-180,180,,,,40,,,100,,,,,,,,,,,,,,,,,,,,,,,,,,,,,,,,,,,,,,,,,,,,,,,,,,,,,,,,,,,,,,,
126867,Ruvettus pretiosus,200,400,,18,1100,,-43,55,,-180,180,,,,150,,,300,,,,,,,,,,,,,,,,,,,,,,,,,,,,,,,,,,,,,,,,,,,,,,,,,,,,,,,,,,,,,,,
126949,Istiophorus albicans,0,200,,,,,-55,56,,-99,18,,,,240,,,315,21,28,,,,,,,,,,,,,,,,,,,,,,,,,,,,,,,,,,,,,,,,,,,,,,,,,,,,,,,,,,,,,
126950,Makaira nigricans,0,10,,0,1000,,-45,50,,-180,180,,,,290,,,500,22,31,27.25,,,,,,,,,,,,,,,,,,,,,,,,,,,,,,,,,,,,,,,,,,,,,,,,,,,,,,,,,,,,
126952,Tetrapturus belone,0,200,,,,,30,46,,-6,36,,,,200,,,240,,,,,,,,,,,,,,,,,,,,,,,,,,,,,,,,,,,,,,,,,,,,,,,,,,,,,,,,,,,,,,,
126953,Tetrapturus georgii,0,200,,,,,-29,42,,-98,18,,,,,,,,,,,,,,,,,,,,,,,,,,,,,,,,,,,,,,,,,,,,,,,,,,,,,,,,,,,,,,,,,,,,,,
126954,Tetrapturus pfluegeri,0,240,,,,,-35,40,,-98,17,,,,165,,,254,,,,,,,,,,-33,44,,,,,,,,,,,,,,,,,,,,,,,,,,,,,,,,,,,,,,,,,,,,,,,,,,,,
126973,Lobotes surinamensis,0,70,,,,,-53,45,,-180,-154,,,,80,,,110,,,,-98,180,,,,,,,,,,,,,,,,,,,,,,,,,,,,,,,,,,,,,,,,,,,,,,,,,,,,,,,,,,
126974,Luvarus imperialis,0,500,,0,200,,-25,60,,-180,180,,,,152,,,200,,,,,,,,,,,,,,,,,,,,,,,,,,,,,,,,,,,,,,,,,,,,,,,,,,,,,,,,,,,,,,,
126976,Dicentrarchus punctatus,30,?,,,,,10,51,,,,,,,30,,,70,,,,,,,,,,,,,,,,,,,,,,,,,,,,,,,,,,,,,,,,,,,,,,,,,,,,,,,,,,,,,,,
126989,Upeneus moluccensis,10,150,,,,,-27,35,,32,168,,,,,,,,,,,,,,,,22.5,,,,,,,,,,,,,,,,,,18,,,,,,,,,,,,,,,,,,,,,,,,,,,,,,,,,,,,
126991,Nomeus gronovii,0,1000,,,,,-45,52,,-180,180,,,,,,,40,,,,,,,,,39,,,,,,,,,,,,,,,,,,,,,,,,,,,,,,,,,,,,,,,,,,,,,,,,,,,,,,
126992,Psenes maculatus,0,1280,,,,,7,41,,-180,180,,,,,,,10,,,,,,,,,30,,,,,,,,,,,,,,,,,,,,,,,,,,,,,,,,,,,,,,,,,,,,,,,,,,,,,,
126998,Polyprion americanus,42,1000,,150,500,,-55,70,,-82,179,,,,80,,,210,6,16.3,,,,,,,,,,,,,,,,,,,,,,,,,,,,,,,,,,,,,,,,,,,,,,,,,,,,,,,,,,,,,
127006,Rachycentron canadum,0,50,,0,1200,,-37,47,,-98,166,,,,110,,,200,17,32,,,,,,,,,,,,,,,,,,,,,,,,,,,,,,,,,,,,,,,,,,,,,,,,,,,,,,,,,,,,,
127014,Acanthocybium solandri,0,340,,0,12,,-48,59,,-180,180,,,,170,,,250,,,,,,,,,,,,,,,,,,,,,,,,,,,,,,,,,,,,,,,,,,,,,,,,,,,,,,,,,,,,,,,
127015,Auxis rochei,0,200,,,,,-51,61,,-180,180,,,,,,,,?,28,,,,,,,,,,,,,,,,,,,,,,,,,,,,,,,,,,,,,,,,,,,,,,,,,,,,,,,,,,,,,
127016,Auxis thazard,0,200,,,,,-51,61,,-180,180,,,,60,,,65,27,28,,,,,,,,,,,,,,,,,,,,,,,,,,,,,,,,24,,,,,,,,,,,,,,,,,,,,,,,,,,,,,
127017,Euthynnus alletteratus,1,150,,,,,-30,56,,-92,42,,,,80,,,122,,,,,,,,,,,,,,,,,,,,,,,,,,,,,,,,,,,,,,,,,,,,,,,,,,,,,,,,,,,,,,,
127018,Katsuwonus pelamis,0,596,,0,260,,-47,63,,-180,180,,,,80,,,110,15,30,21,,,,,,,,,,,,,,,,,,,,,,,,,,,,,,,24,30,,20,25,,,,,,,,,,,,,,,,,,,,,,,,,
127019,Orcynopsis unicolor,,,,,,,-13,60,,-18,36,,,,90,,,130,,,,,,,,,,,,,,,,,,,,,,,,,,,,,,,,,,,,,,,,,,,,,,,,,,,,,,,,,,,,,,,
127020,Rastrelliger kanagurta,0,90,,,,,-36,38,,20,180,,,,25,,,42.1,,,,,,,,,36,,,,,,,,,,,,,,,,,,,,,,,,,,,,,,,,,,,,,,,,,,,,,,,,,,,,,,
127021,Sarda sarda,0,200,,80,200,,-40,62,,-98,42,,,,50,,,91.4,12,27,,,,,,,,,,,,,,,,,,,,,,,,,,,,,,,,,,,,,,,,,,,,,,,,,,,,,,,,,,,,,
127023,Scomber scombrus,0,200,,0,1000,,30,75,,-77,42,,,,30,,,60,,,,,,,,,,,,,,,,,,,,,,,,,,,,,,,,,,,,,,,,,,,,,,,,,,,,,,,,,,,,,,,
127024,Scomberomorus commerson,0,200,,10,70,,-41,39,,-7,180,,,,120,,,240,,,,,,,,,,,,,,,,,,,,,,,,,,,,,,,,,,,,,,,,,,,,,,,,,,,,,,,,,,,,,,,
127025,Scomberomorus tritor,1,40,,20,25,,-19,45,,-24,14,,,,75,,,100,,,,,,,,,,,,,,,,,,,,,,,,,,,,,,,,,,,,,,,,,,,,,,,,,,,,,,,,,,,,,,,
127026,Thunnus alalunga,0,600,,,,,-50,60,,-180,180,,,,100,,,140,10,25,15.9,,,,,,,,,,,,,,,,,,,,,,,,,,,,,,,24,,,,,,,,,,,,,,,,,,,,,,,,,,,,,
127027,Thunnus albacares,1,250,,1,1602,,-20,20,,-180,180,,,,150,,,239,15,31,23.75,,,,,,,-50,50,,,,,,,,,,,,,,,,,,,,,,,26,30,,,,,,,,,,,,,,,,,,,,,,,,,,,,
127028,Thunnus obesus,0,500,,0,1902,,-50,60,,-180,180,,,,180,,,250,17,22,,,,,,,,-48,52,,,,,13,29,,,,,,,,,,,,,,,,,24,,,,,,,,,,,,,,,,,,,,,,,,,,,,,
127029,Thunnus thynnus,0,100,,0,1015,,-58,69,,-99,42,,,,200,,,458,1,30,,,,,,,,,,,,,,,,,,,,,,,,,,,,,,,,22.5,25.5,,22.6,27.5,,22.6,27.5,,,,,,,,,,,,,,,,,,,,,,
127068,Sphyraena sphyraena,0,100,,,,,-18,48,,-31,37,,82.6,93.2,,,,150,,,,,,,,,165,,,,,,,,,,,,,,,,33,76,,26,32.6,27.1,,,,,,,,,,,,,33.5,49.8,33.5,25,60,,,,60,,,,,,,,,,,,
127076,Stromateus fiatola,10,160,,10,70,,-34,48,,-18,36,,,,40,,,50,,,,,,,,,,,,,,,,,,,,,,,,,,,,,,,,,,,,,,,,,,,,,,,,,,,,,,,,,,,,,,,
127087,Benthodesmus simonyi,200,950,,,,,16,72,,-67,20,,,,,,,,,,,,,,,,,,,,,,,,,,,,,,,,,,,,,,,,,,,,,,,,,,,,,,,,,,,,,,,,,,,,,,
127088,Lepidopus caudatus,50,750,,,,,-49,64,,-29,180,,,,117,,,210,,,,-180,-176,,,,,,,,,,,,,,,,,,,,,,,,,,,,,,,,,,,,,,,,,,,,,,,,,,,,,,,,,,
127089,Trichiurus lepturus,40,120,,100,350,,-54,49,,-114,180,,50,100,,,,234,,,,,,,,,234,,,,0,589,,,,,,,,,,,,,100,,,,,,,,,,,,,,,,,,,,,,,,,,,,,,,,,,,,
127094,Xiphias gladius,0,100,,0,2878,,-50,69,,-180,180,,,,300,,,455,3.2,28.8,,,,,,,,,,,0,550,,18,22,,,,,,,,,,,,,,,,,24,,,24,?,Larvae,,,,,,,,,,,,,,,,,,,,,,,,
127254,Sebastes mentella,300,750,,300,1441,,41,79,,-67,35,,,,,,,77.5,,,,,,,,,,,,,,,,,,,,,,,,,,,,,,,,,,,,,,,,,,,,,,,,,,,,,,,,,,,,,,,
127268,Melamphaes microps,300,2516,,,,,-46,-27,Atlantic ,,,,,,,,,9.64,,,,,,,,,9.6,-47,60,,,,,,,,,,,,,,,,,,,,,,,,,,,,,,,,,,,,,,,,,,,,,,,,,,,,
127282,Cyclothone acclinidens,300,1500,,0,4416,,-67,80,,-180,180,,,,,,,6.5,,,,,,,,,6.3,,,,,,,,,,,,,,,,,,,,,,,,,,,,,,,,,,,,,,,,,,,,,,,,,,,,,,
127286,Cyclothone microdon,500,2700,,200,5301,,-45,67,,-180,180,,,,,,,7.6,,,,,,,,,,,,,,,,,,,,,,,,,,,,,,,,,,,,,,,,,,,,,,,,,,,,,,,,,,,,,,,
127288,Cyclothone pallida,600,1800,,16,4663,,-40,61,,-180,180,,,,,,,7.5,,,,,,,,,4.8,,,,,,,,,,,,,,,,,,,,,,,,,,,,,,,,,,,,,,,,,,,,,,,,,,,,,,
127292,Diplophos taenia,15,650,,0,1594,,-30,40,,,,,,,20,,,27.6,,,,,,,,,,,,,,,,,,,,,,,,,,,,,,,,,,,,,,,,,,,,,,,,,,,,,,,,,,,,,,,
127293,Gonostoma atlanticum,,,,,,,-40,41,,-180,-110,,,,,,,6.6,,,,-98,180,,,,,,,,,,,,,,,,,,,,,,,,,,,,,,,,,,,,,,,,,,,,,,,,,,,,,,,,,,
127297,Margrethia obtusirostra,200,500,Night,100,300,Day,-49,33,,-180,-154,,,,,,,8.3,,,,-98,180,,,,,,,,,,,,,,,,,,,,,,,,,,,,,,,,,,,,,,,,,,,,,,,,,,,,,,,,,,
127299,Pollichthys mauli,300,600,,100,600,,-34,60,,-98,144,,,,,,,6,,,,,,,,,,,,,,,,,,,,,,,,,,,,,,,,,,,,,,,,,,,,,,,,,,,,,,,,,,,,,,,
127300,Polymetme corythaeola,400,1000,,165,800,,-48,66,,-180,180,,,,,,,26,,,,,,,,,,,,,,,,,,,,,,,,,,,,,,,,,,,,,,,,,,,,,,,,,,,,,,,,,,,,,,,
127303,Vinciguerria nimbaria,0,100,,200,400,,,,,,,,,,3.7,,,4.8,,,,,,,,,5.5,,,,,,,,,,,,,,,,,,,,,,,,,,,,,,,,,,,,,,,,,,,,,,,,,,,,,,
127304,Vinciguerria poweriae,50,350,,300,600,,?,43,,,,,,,,,,4.3,,,,,,,,,4.3,,,,,,,,,,,,,,,,,,,,,,,,,,,,,,,,,,,,,,,,,,,,,,,,,,,,,,
127307,Argyropelecus affinis,300,650,,1,3872,,-30,30,Western Atlantic,-180,180,,,,,,,,,,,,,,,,,-45,45,,,,,,,,,,,,,,,,,,,,,,,,,,,,,,,,,,,,,,,,,,,,,,,,,,,,
127309,Argyropelecus hemigymnus,100,700,,0,2400,,-56,60,,,,,,,,,,5.1,,,,,,,,,,,,,,,,,,,,,,,,,,,,,,,,,,,,,,,,,,,,,,,,,,,,,,,,,,,,,,,
127312,Maurolicus muelleri,0,250,Day,270,1520,,-55,72,,-180,180,,,,4,,,8,,,,,,,,,,,,,,,,,,,,,,,,,,,,,,,,,,,,,,,,,,,,,,,,,,,,,,,,,,,,,,,
127314,Sternoptyx diaphana,600,900,,300,1500,,?,52,,,,,,,,,,5.5,,,,,,,,,,,,,,,,,,,,,,,,,,,,,,,,,,,,,,,,,,,,,,,,,,,,,,,,,,,,,,,
127316,Valenciennellus tripunctulatus,351,550,,100,1000,,-34,67,,-180,-117,,,,,,,3.1,,,,-98,180,,,,,,,,,,,,,,,,,,,,,,,,,,,,,,,,,,,,,,,,,,,,,,,,,,,,,,,,,,
127322,Astronesthes gemmifer,0,2400,,,,,-32,62,,-180,-154,,,,,,,17,,,,-98,180,,,,,,,,,,,,,,,,,,,,,,,,,,,,,,,,,,,,,,,,,,,,,,,,,,,,,,,,,,
127324,Astronesthes leucopogon,0,500,,,,,-30,41,,-7,-2,SE Atlantic,,,,,,12,,,,-42,-2,,,,,,,,,,,,,,,,,,,,,,,,,,,,,,,,,,,,,,,,,,,,,,,,,,,,,,,,,,
127326,Astronesthes micropogon,120,600,,,,,-26,35,,,,,,,,,,7,,,,,,,,,8.2,,,,,,,,,,,,,,,,,,,,,,,,,,,,,,,,,,,,,,,,,,,,,,,,,,,,,,
127328,Astronesthes niger,0,500,,,,,20,43,Atlantic,,,,,,,,,16,,,,,,,,,,-36,-5,Atlantic,,,,,,,,,,,,,,,,,,,,,,,,,,,,,,,,,,,,,,,,,,,,,,,,,,,
127335,Borostomias elucens,500,2500,,,,,-18,36,,-98,143,,,,,,,35,,,,,,,,,,,,,,,,,,,,,,,,,,,,,,,,,,,,,,,,,,,,,,,,,,,,,,,,,,,,,,,
127338,Chauliodus sloani,494,1000,,0,4700,,-56,70,,-180,180,,,,,,,35,,,,,,,,,,,,,,,,,,,,,,,,,,,,,,,,,,,,,,,,,,,,,,,,,,,,,,,,,,,,,,,
127348,Eustomias schmidti,50,150,,,,,-35,-30,,-180,-154,,,,,,,21.2,,,,-98,180,,,,,35,40,,,,,,,,,,,,,,,,,,,,,,,,,,,,,,,,,,,,,,,,,,,,,,,,,,,,
127354,Idiacanthus fasciola,30,800,,0,2000,,-54,40,,-180,-150,,,,,,,4,,,,-85,180,,,,35,,,,,,,,,,,,,,,29,,,,,,,,,48.9,,,,,,,,,,,,,,,,,,,,,,,,,,,,,,
127355,Leptostomias gladiator,0,5000,,,,,-41,51,,-180,-154,,,,,,,37.3,,,,-98,180,,,,,,,,,,,,,,,,,,,,,,,,,,,,,,,,,,,,,,,,,,,,,,,,,,,,,,,,,,
127373,Rhadinesthes decimus,0,4900,,,,,-46,65,,-180,180,,,,,,,41,,,,,,,,,,,,,,,,,,,,,,,,,,,,,,,,,,,,,,,,,,,,,,,,,,,,,,,,,,,,,,,
127374,Stomias boa,200,2173,,,,,-50,71,,-131,180,,,,,,,32,,,,,,,,,32.2,,,,,,,,,,,,,,,,,,,,,,,,,,,,,,,,,,,,,,,,,,,,,,,,,,,,,,
127378,Macroramphosus scolopax,50,350,adult,25,600,,-43,66,,-180,180,,,,12,,,20,,,,,,,,,,,,,,,,,,,,,,,,,,,,,,,,,,,,,,,,,,,,,,,,,,,,,,,,,,,,,,,
127396,Balistes punctatus,0,200,,0,50,,-17,32,,-26,14,,,,25,,,60,,,,,,,,,,,,,,,,,,,,,,,,,,,,,,,,,,,,,,,,,,,,,,,,,,,,,,,,,,,,,,,
127398,Canthidermis maculata,1,110,,,,,-18,46,,,,,,,35,,,50,,,,,,,,,,,,,,,,,,,,,,,,,,,,,,,,,,,,,,,,,,,,,,,,,,,,,,,,,,,,,,,
127399,Canthidermis sufflamen,5,70,,,,,-17,43,,,,,,,,,,,,,,,,,,,,,,,,,,,,,,,,,,,,,,,,,,,,,,,,,,,,,,,,,,,,,,,,,,,,,,,,,
127401,Diodon eydouxii,1,10,,,,,-37,31,,-180,-154,,,,,,,,,,,-50,180,,,,,,,,,,,,,,,,,,,,,,,,,,,,,,,,,,,,,,,,,,,,,,,,,,,,,,,,,,
127403,Diodon hystrix,2,50,,,,,-31,35,,-180,180,,,,40,,,91,,,,,,,,,,,,,,,,,,,,,,,,,,,,,,,,,,,,,,,,,,,,,,,,,,,,,,,,,,,,,,,
127404,Masturus lanceolatus,0,670,,,,,-35,37,,,,,,,,,,,,,,,,,,,,,,,,,,,,,,,,,,,,,,,,,,,,,,,,,,,,,,,,,,,,,,,,,,,,,,,,,
127405,Mola mola,30,1515,,30,70,,-65,75,,-180,180,,,,,,,,12,25,,,,,,,,,,,30,480,,,,,,,,,,,,,,,,,,,,,,,,,,,,,,,,,,,,,,,,,,,,,,,,,
127406,Ranzania laevis,0,140,,,,,-55,71,,-180,180,,,,,,,,,,,,,,,,,,,,,,,,,,,,,,,,,,,,,,,,,,,,,,,,,,,,,,,,,,,,,,,,,,,,,,
127407,Aluterus monoceros,1,80,,,,,-39,43,,-180,180,,,,40,,,76.2,,,,,,,,,,,,,,,,,,,,,,,,,,,,,,,,,,,,,,,,,,,,,,,,,,,,,,,,,,,,,,,
127414,Lagocephalus lagocephalus,10,1000,,10,100,,,,,,,,,,,,,,,,,,,,,,,,,,,,,,,,,,,,,,,,,,,,,,,,,,,,,,,,,,,,,,,,,,,,,,,,,,,,
127420,Grammicolepis brachiusculus,500,700,,300,1016,,-37,42,,-80,180,,,,,,,64,,,,-180,-154,,,,,,,,,,,,,,,,,,,,,,,,,,,,,,,,,,,,,,,,,,,,,,,,,,,,,,,,,,
127426,Zenopsis conchifer,200,300,,90,600,,-28,58,,,,,,,50,,,80,,,,,,,,,,,,,,,,,,,,,,,,,,,,,,,,,,,,,,,,,,,,,,,,,,,,,,,,,,,,,,,
151174,Scomber colias,0,300,,,,,-65,46,,-98,42,,,,,,,55,,,,,,,,,,,,,,,,,,,,,,,,,,,,,,,,,,,,,,,,,,,,,,,,,,,,,,,,,,,,,,,
151324,Sebastes norvegicus/ Sebastes marinus,100,1000,,100,500,,39,79,,-75,71,,,,45,,,100,,,,,,,,,,,,,,,,,,,,,,,,,,,,,,,,,,,,,,,,,,,,,,,,,,,,,,,,,,,,,,,
151482,Pomatomus saltatrix,0,200,,,,,-44,53,,-98,180,,,,60,,,130,14,30,,,,,,,,,,,,,,,,,,,,,,,,,,,,,,,,,,,,,,,,,,,,,,,,,,20,26.8,,,,,,,,,,
154721,Balistes capriscus,30,50,,0,110,,-37,58,,-98,36,,,,44,,,66,,,,,,,,,,,,,,,,,,,,,,,,,,,,,,,,,,22.6,,,,,,,,,,,,,,,,,,,,,,,,,,,,,
158508,Carcharhinus acronotus,9,64,,,,,-37,40,,-100,-33,,,,,,,,,,,,,,,,,,,,,,,,,,,,,,,,,,,,,,,,,,,,,,,,,,,,,,,,,,,,,,,,,,,,,,
158510,Rhizoprionodon terraenovae,0,280,,0,10,,-25,43,,-100,-32,,,,70,,,110,,,,,,,,,,,,,,,,,,,,,,,,,,,,,,,,,,,,,,,,,,,,,,,,,,,,,,,,,,,,,,,
158523,Etmopterus gracilispinis,70,480,pelagic,25,1200,,-45,40,,,,,,,,?,,33,,,,,,,?,,35,,,,,,,,,,,,,,,,,,,,,,,,,,,,,,,,,,,,,,,,,,,,,,,,,,,,,,
158530,Mobula hypostoma,0,100,,,,,-40,41,,-80,-29,,,,,,,,,,,,,,,,,,,,,,,,,,,,,,,,,,,,,,,,,,,,,,,,,,,,,,,,,,,,,,,,,,,,,,
158540,Pteroplatytrygon violacea,1,100,,1,381,,-50,52,,-180,180,,,,80,,,96,,,,,,,,,,,,,,,,,,,,,,,,,,,,,,,,,,,,,,,,,,,,,,,,,,,,,,,,,,,,,,,
158668,Alosa mediocris,,,,,,,25,46,,-82,-66,,,,34,,,60,,,,,,,,,,,,,,,,,,,,,,,,,,,,,,,,,,,,,,,,,,,,,,,,,,,,,,,,,,,,,,,
158669,Alosa pseudoharengus,5,145,,,,,34,55,,-93,-53,,,,30,,,40,,,,,,,,,,,,,,,,,,,,,,,,,,,,,,,,,,,,,,,,,,,,,,,,,,,,,,,,,,,,,,,
158691,Brevoortia tyrannus,0,50,,,,,30,46,,-81,-64,,,,,,,50,,,,,,,,,,,,,,,,,,,,,,,,,,,,,,,,,,,,,,,,,,,,,,,,,,,,,,,,,,,,,,,
158695,Opisthonema oglinum,0,3,,0,180,,-37,41,,-98,-33,,,,20,,,38,,,,,,,,,38,,,,0,50,,,,,,,,,,,,,20,,,,,,,,,,,,,,,,,,,,,,,,,,,,,,,,,,,,
158736,Stomias affinis,0,3182,,,,,-39,35,,-180,180,,,,,,,20,,,,,,,,,21.9,,,,,,,,,,,,,,,,,,,,,,,,,,,,,,,,,,,,,,,,,,,,,,,,,,,,,,
158812,Istiophorus platypterus,0,10,,0,500,,-43,50,,-180,180,,,,270,,,348,21,28,,,,,,,,,,,,,,,,,,,,,,,,,,,,,,,,,,,,,,,,,,,,,,,,,,,,,,,,,,,,,
158843,Astronesthes richardsoni,275,1000,,,,,-18,62,,-98,14,,,,,,,17.2,,,,,,,,,,,,,,,,,,,,,,,,,,,,,,,,,,,,,,,,,,,,,,,,,,,,,,,,,,,,,,,
158873,Lestrolepis intermedia,10,2700,,35,1320,,-37,46,,-180,-147,,,,,,,33.8,,,,-98,180,,,,,,,,,,,,,,,,,,,,,,,,,,,,,,,,,,,,,,,,,,,,,,,,,,,,,,,,,,
158887,Diaphus fragilis,15,125,Night,520,600,Day,-36,35,,-180,-153,,,,,,,12.3,,,,-78,180,,,,,,,,15,1313,,,,,,,,,,,,,,,,,,,,,,,,,,,,,,,,,,,,,,,,,,,,,,,,,
158890,Diaphus perspicillatus,315,1500,Day,0,125,Night,-35.93333333,27.5,Western Atlantic,-180,-153,,,,,,,10.4,,,,-78,180,,,,,-58,50,,,,,,,,,,,,,,,,,,,,,,,,,,,,,,,,,,,,,,,,,,,,,,,,,,,,
158894,Diaphus taaningi,40,250,Night,325,475,Day,-27,44,,,,,,,,,,7,,,,,,,,,,,,,,,,,,,,,,,,,,,,,,,,,,,,,,,,,,,,,,,,,,,,,,,,,,,,,,,
158898,Lampanyctus tenuiformis,40,325,Night,300,700,Day,-52,41,,-180,14,,,,,,,15.3,,,,105,180,,,,,,,,,,,,,,,,,,,,,,,,,,,,,,,,,,,,,,,,,,,,,,,,,,,,,,,,,,
158913,Notoscopelus bolini,0,125,Night,1000,1300,Day,15,50,,-50,36,,,,,,,10.3,,,,,,,,,10.2,,,,,,,,,,,,,,,,,,,,,,,,,,,,,,,,,,,,,,,,,,,,,,,,,,,,,,
158916,Notoscopelus resplendens,0,300,Night,651,2000,Day,-61,55,,,,,,,,,,9.5,,,,,,,,,,,,,,,,,,,,,,,,,,,,,,,,,,,,,,,,,,,,,,,,,,,,,,,,,,,,,,,
158917,Protomyctophum arcticum,90,325,,250,850,,40,70,,-65,12,,,,,,,6,,,,,,,,,,,,,90,1600,,,,,,,,,,,,,,,,,,,,,,,,,,,,,,,,,,,,,,,,,,,,,,,,,
158960,Coryphaenoides rupestris,400,1200,,180,2600,,20,73,,-77,32,,,,,,,110,,,,,,,,,,,,,,,,,,,,,,,,,,,,,,,,,,,,,,,,,,,,,,,,,,,,,,,,,,,,,,,
159067,Brotula barbata,50,300,,,,,-14,30,,-98,15,,,,50,,,94,,,,,,,,,,,,,,,,,,,,,,,,,,,,,,,,,,,,,,,,,,,,,,,,,,,,,,,,,,,,,,,
159184,Lophius americanus,0,800,,,,,28,60,,-82,-43,,,,90,,,120,,,,,,,,,,,,,,,,,,,,,,,,,,,,,,,,,,,,,,,,,,,,,,,,,,,,,,,0,21,,,,,,,
159228,Menidia menidia,0,126,,0,3,,25,60,,-82,-52,,,,11.5,,,15,,,,,,,,,,,,,,,,,,,,,,,,,,,,,,,,,,,,,,,,,,,,,,,,,,,,,,,,,,,,,,,
159246,Ablennes hians,0,12,,,,,-37,43,,-180,180,,,,70,,,140,,23.9,,,,,,,,,,,,,,,,,,,,,,,,,,,,,,,,,,,,,,,,,,,,,,,,,,,,,,,,,,,,,
159261,Cheilopogon furcatus,0,20,,,,,-42,46,,-180,180,,,,25,,,35,,,,,,,,,,,,,,,,,,,,,,,,,,,,,,,,,,,,,,,,,,,,,,,,,,,,,,,,,,,,,,,
159276,Euleptorhamphus velox,0,5,,,,,,,,,,,,,35,,,61,,,,,,,,,,,,,,,,,,,,,,,,,,,,,,,,,,,,,,,,,,,,,,,,,,,,,,,,,,,,,,,
159281,Hyporhamphus unifasciatus,0,5,,,,,-40,45,,-98,-32,,,,20,,,30,,,,,,,,,,,,,,,,,,,,,,,,,,,,,,,,,,,,,,,,,,,,,,,,,,,,,,,,,,,,,,,
159288,Abudefduf saxatilis,0,40,,,,,-37,41,,-89,14,,,,15,,,22.9,,,,,,,,,,,,,,,,,,,,,,,,,,,,,,,,,,,,,,,,,,,,,,,,,,,,,,,,,,,,,,,
159330,Melamphaes pumilus,200,2000,,50,400,,10,40,,,,,,,,,,2.3,,,,,,,,,,,,,,,,,,,,,,,,,,,,,,,,,,,,,,,,,,,,,,,,,,,,,,,,,,,,,,,
159335,Sciaenops ocellatus,0,27,,,,,0,43,,,,,,,100,,,155,15,26,,,,,,,,,,,,,,,,,,,,,,,,,,,,,,,,,,,,,,,,,,,,,,,,,,,,,,,,,,,,,
159340,Scomberomorus cavalla,5,140,,5,15,,-22,44,,-98,-34,,,,70,,,184,,,,,,,,,,,,,,,,,,,,,,,,,,,,,,,,,,26.3,31,Larvae,,,,,,,,,,,,,,,,,,,,,,,,,,,
159342,Scomberomorus maculatus,0,35,,,,,19,44,,-97,-64,,,,,,,91,,,,,,,,,,,,,,,,,,,,,,,,,,,,,,,,,,,,,,,,,,,,,,,,,,,,,,,,,,,,,,,
159343,Thunnus atlanticus,0,57,,,,,-26,,,-100,-26,,,,72,,,108,20,?,,,,,,,,-28,43,,,,,,,,,,,,,,,,,,,,,,,29,,,,,,,,,,,,,,,,,,,,,,,,,,,,,
159423,Cubiceps capensis,0,140,,,,,-35,40,,,,,,,,,,,,,,,,,,,,,,,,,,,,,,,,,,,,,,,,,,,,,,,,,,,,,,,,,,,,,,,,,,,,,,,,,
159427,Psenes cyanophrys,0,550,,,,,-43,49,,-180,180,,,,,,,,,,,,,,,,,,,,,,,,,,,,,,,,,,,,,,,,,26.64,28.8,,,,,,,,,,,,,,,,,,,,,,,,,,,,
159445,Hippocampus erectus,1,73,,,,,-32,50,,-98,-32,,,,,,,19,,,,,,,,,,,,,,,,,,,,,,,,,,,,,,,,,,,,,,,,,,,,,,,,,,,,,,,,,,,,,,,
159484,Decapterus tabl,150,220,,7,550,,-55,45,,102,180,,,,25,,,50,,,,-180,41,,,,,,,,,,,,,,,,,,,,,,,,,,,,,,,,,,,,,,,,,,,,,,,,,,,,,,,,,,
159486,Xanthichthys ringens,30,60,,0,190,,-33,37,,-89,-34,,,,,,,25,,,,,,,,,,,,,,,,,,,,,,,,,,,,,,,,,,,,,,,,,,,,,,,,,,,,,,,,,,,,,,,
159490,Aluterus schoepfii,0,900,,0,50,,-27,46,,-97,13,,,,40,,,61,,,,,,,,,,,,,,,,,,,,,,,,,,,,,,,,,,,,,,,,,,,,,,,,,,,,,,,,,,,,,,,
159491,Aluterus scriptus,,,,,,,-30,46,,-180,180,,,,55,,,110,,,,,,,,,,,,,,,,,,,,,,,,,,,,,,,,,,,,,,,,,,,,,,,,,,,,,,,,,,,,,,,
159570,Prionotus alatus,35,457,,35,180,,-10,38,,-98,-60,,,,,,,,,,,,,,,,,,,,,,,,,,,,,,,,,,,,,,,,,,,,,,,,,,,,,,,,,,,,,,,,,,,,,,
159658,Uraspis secunda,1,50,,,,,-34,42,,-180,180,,,,40,,,50,,,,,,,,,,,,,,,,,,,,,,,,,,,,,,,,,,,,,,,,,,,,,,,,,,,,,,,,,,,,,,,
159712,Neoepinnula americana,183,515,,,,,3,31,,-94,-49,,,,,,,30,,,,,,,,,22,,,,,,,,,,,,,,,,,,,,,,,,,,,,,,,,,,,,,,,,,,,,,,,,,,,,,,
159800,Lutjanus synagris,1,400,,21,70,,-38,38,,-98,-31,,,,25,,,60,,,,,,,,,,,,,,,,,,,,,,,,,,,,,,,,,,,,,,,,,,,,,,,,,,,,,,,,,,,,,,,
159803,Ocyurus chrysurus,1,165,,10,70,,-26,42,,-98,-31,,,,40,,,86.3,,,,,,,,,,,,,,,,,,,,,,,,,,,,,,,,,,,,,,,,,,,,,,,,,,,,,,,,,,,,,,,
159827,Peprilus paru,50,70,,15,136,,-38,?,,,,,,,18,,,30,,,,,,,,,,,,,,,,,,,,,,,,,,,,,,,,,,,,,,,,,,,,,,,,,,,,,,,,,,,,,,,
159833,Aphanopus intermedius,800,1300,,300,1408,,-35,50,,-180,14,,,,,,,,,,,105,180,,,,,,,,,,,,,,,,,,,,,,,,,,,,,,,,,,,,,,,,,,,,,,,,,,,,,,,,,,
159836,Evoxymetopon taeniatus,100,200,,,,,-29,35,,-180,-39,,,,155,,,200,,,,126,180,,,,,,,,,,,,,,,,,,,,,,,,,,,,,,,,,,,,,,,,,,,,,,,,,,,,,,,,,,
212050,Sphyraena putnamae,3,20,,,,,-31,36,,-180,-146,,,,60,,,90,,,,30,180,,,,,,,,,,,,,,,,,,,,,,,,,,,,,,,,,,,,,,,,,,,,,,,,,,,,,,,,,,
212239,Hippocampus histrix,15,40,,1,82,,-35,35,,22,180,,,,,,,17,,,,-180,-132,,,,,,,,,,,,,,,,,,,,,,,,,,,,,,,,,,,,,,,,,,,,,,,,,,,,,,,,,,
212264,Herklotsichthys quadrimaculatus,1,13,,,,,-33,39,,-180,-166,,,,10,,,25,,,,29,180,,,,,,,,,,,,,,,,,,,,,,,,,,,,,,,,,,,,,,,,,,,,,,,,,,,,,,,,,,
212280,Stolephorus indicus,20,50,,,,,-37,30,,-180,-144,,,,12,,,18,,,,23,180,,,,15.3,,,,,,,,,,,,,,,15.5,,,,,,,,,,,,,,,,,,,,,,,,,,,,,,,,,,,,,,,
215607,Etmopterus granulosus,400,600,,220,1620,,-59,-29,,,,,,,,?,,86,,,,,,,,,,,,,,,,,,,,,,,,,,,,,,,,,,,,,,,,,,,,,,,,,,,,,,,,,,,,,,,
215608,Euprotomicrus bispinatus,400,1800,Day,0,200,Night,-54,38,,,,,,,,?,,30.5,,,,,,,,,,,,,,,,,,,,,,,,,,,,,,,,,,,,,,,,,,,,,,,,,,,,,,,,,,,,,,,
215612,Isistius brasiliensis,1000,3500,Day,0,20,Night,-47,35,,-180,180,,,,36,,,42,,,,,,,,,56,,,,,,,,,,,,,,,,,,39,,,,,,,,,,,,,,,,,,,,,,,,,,,,,,,,,,,,
217337,Carcharhinus amblyrhynchos,0,280,,,,,-35,29,,-180,-151,,,,,,,,,,,33,180,,,,,,,,,,,,,,,,,,,,,,,,,,,,,,,,,,,,,,,,,,,,,,,,,,,,,,,,,,
217340,Carcharhinus amboinensis,0,60,,0,150,,-26,26,,,,,,,,,,,,,,,,,,,,,,,,,,,,,,,,,,,,,,,,,,,,,,,,,,,,,,,,,,,,,,,,,,,,,,,,,
217341,Carcharhinus brachyurus,1,145,,0,360,,-52,45,,-122,180,,,,,,,,,,,,,,,,,,,,,,,,,,,,,,,,,,,,,,,,,,,,,,,,,,,,,,,,,,,,,,,,,,,,,,
217342,Carcharhinus porosus,0,84,,16,32,,-36,33,,-116,-33,,,,90,,,150,,,,,,,,,,,,,,,,,,,,,,,,,,,,,,,,,,,,,,,,,,,,,,,,,,,,,,,,,,,,,,,
217352,Carcharhinus albimarginatus,0,800,,,,,-31,32,,-180,-77,,,,200,,,300,,,,31,180,,,,,,,,,,,,,,,,,,,,,,,,,,,,,,,,,,,,,,,,,,,,,,,,,,,,,,,,,,
217430,Mobula thurstoni,0,100,,,,,-34,38,,,,,,,150,,,220,,,,,,,,,,,,,,,,,,,,,,,,,,,,,,,,,,,,,,,,,,,,,,,,,,,,,,,,,,,,,,,
217436,Mobula kuhlii,0,50,,,,,,,,,,,,,,?,,120,,,,,,,?,,135,,,,,,,,,,,,,?,,119,,,,,,,,,,,,,,,,,,,,,,,,,,,,,,,,,,,,,,,
217452,Sardinops sagax,0,200,,,,,-47,61,,-145,180,,18,25,21.5,,,36,,,,,,,,,39.5,,,,,,,,,,,,,,,,,,21.5,,,20,,,,,,,,,,,,,,,,,,,,,,,,,,,,,,,,,
217618,Melanostomias paucilaternatus,150,2000,,,,,-27,-27,,3,3,,,,,,,20.1,,,,-14,-14,,,,,-18,-18,,,,,,,,,,,,,,,,,,,,,,,,,,,,,,,,,,,,,,,,,,,,,,,,,,,,
217632,Pseudocarcharias kamoharai,0,590,,0,200,,-40,40,,-180,180,,,,100,,,110,,,,,,,,,,,,,,,,,,,,,,,,,,,,,,,,,,,,,,,,,,,,,,,,,,,,,,,,,,,,,,,
217680,Benthosema pterotum,10,200,Night,130,300,Day,-33,37,,33,154,,,,,,,7,,,,,,,,,,,,,,,,,,,,,,,,,,,,,,,,,,,,,,,,,,,,,,,,,,,,,,,,,,,,,,,
217697,Electrona antarctica,1,1010,,,,,-78,-45,,,,,,,,,,10.3,,,,,,,,,11.5,,,,,,,,,,,,,,,,,,,,,,,,,,,,,,,,,,,,,,,,,,,,,,,,,,,,,,
217698,Gonichthys barnesi,0,175,Night,425,1000,Day,-40,-30,,-180,180,,,,,,,5,,,,,,,,,,,,,,,,,,,,,,,,,,,,,,,,,,,,,,,,,,,,,,,,,,,,,,,,,,,,,,,
217704,Lampanyctodes hectoris,100,850,Day,0,1000,,-43,-13,,,,,,,,,,7,,,,,,,,,,,,,,,,,,,,,,,,,,,,,,,,,,,,,,,,,,,,,,,,,,,,,,,,,,,,,,,
217707,Lampanyctus achirus,800,1000,,200,1000,,?,-21,,,,,,,,,,16.2,,,,,,,,,,,,,,,,,,,,,,,,,,,,,,,,,,,,,,,,,,,,,,,,,,,,,,,,,,,,,,,
217720,Symbolophorus barnardi,0,450,,100,800,,-45,-27,,,,,,,,,,11.6,,,,,,,,,,,,,,,,,,,,,,,,,,,,,,,,,,,,,,,,,,,,,,,,,,,,,,,,,,,,,,,
217820,Selachophidium guentheri,200,980,,200,400,,-40,-17,,,,,,,,,,28,,,,,,,,,30,,,,,,,,,,,,,,,,,,,,,,,,,,,,,,,,,,,,,,,,,,,,,,,,,,,,,,
217959,Neocyttus rhomboidalis,450,800,,200,1240,,-48,-23,,-81,180,,,,,,,,,,,-180,-176,,,,,,,,,,,,,,,,,,,,,,,,,,,,,,,,,,,,,,,,,,,,,,,,,,,,,,,,,,
218404,Caranx sexfasciatus,0,146,,,,,-36,32,,-180,-77,,,,60,,,120,26,29,,25,180,,,,,,,,,,,,,,,,,,,,,,,,,,,,,,,,,,,,,,,,,,,,,,,,,,,,,,,,,,
218419,Caranx melampygus,1,190,,,,,-35,35,,-180,-78,,,,60,,,117,,,,30,180,,,,,,,,,,,,,,,,,,,,,,,,,,,,,,,,,,,,,,,,,,,,,,,,,,,,,,,,,,
218426,Decapterus macrosoma,30,70,,20,214,,-34,39,,-180,180,,,,25,,,35,,,,,,,,,,,,,,,,,,,,,,,,,,,,,,,,,,,,,,,,,,,,,,,,,,,,,,,,,,,,,,,
218436,Seriola lalandi,1,146,,3,825,,-57,55,,-180,180,,,,80,,,250,18,24,,,,,,,,,,,,,,,,,,,,,,,,,,,,,,,,,,,,,,,,,,,,,,,,,,,,,,,,,,,,,
218444,Trachurus capensis,0,500,,100,300,,-37,7,,4,24,,,,30,,,52,,,,,,,,,60,,,,,,,,,,,,,,,,,,,,,,,,,,,,,,,,,,,,,,,,,,,,,,,,,,,,,,
218448,Uraspis uraspis,20,130,,,,,-36,30,,-180,-154,,,,,,,,,,,22,180,,,,,,,,,,,,,,,,,,,,,,,,,,,,,,,,,,,,,,,,,,,,,,,,,,,,,,,,,,
218449,Uraspis helvola,50,300,,,,,-50,35,,32,180,,,,35,,,58,,,,-180,-5,,,,,,,,,,,,,,,,,,,,,,,,,,,,,,,,,,,,,,,,,,,,,,,,,,,,,,,,,,
218450,Mene maculata,50,200,,,,,-30,32,,30,169,,,,20,,,30,,,,,,,,,,,,,,,,,,,,,,,,,,,,,,,,,,,,,,,,,,,,,,,,,,,,,,,,,,,,,,,
218465,Emmelichthys nitidus,86,500,,,,,-43,16,,-13,180,,,,,,,55,,,,-180,-167,,,,,,,,,,,,,,,,,,,,,,,,,,,,,,,,,,,,,,,,,,,,,,,,,,,,,,,,,,
218706,Kyphosus vaigiensis,0,40,,,,,-38,35,,-180,-133,,,,50,,,70,,,,25,180,,,,,,,,,,,,,,,,,,,,,,,,,,,,,,,,,,,,,,,,,,,,,,,,,,,,,,,,,,
218708,Kyphosus cinerascens,1,25,,1,40,,-30,35,,-180,-140,,,,45,50,53,53,,,,30,180,,,,,,,,,,,,,,,,,,,,,,,,,,,,,,,,,,,,,,,,,,,,,,,,,,,,,,,,,,
218710,Platax teira,3,70,,,,,-36,31,,23,175,,,,,,,65,,,,,,,,,70,,,,,,,,,,,,,,,,,,,,,,,,,,,,,,,,,,,,,,,,,,,,,,,,,,,,,,
219667,Naso hexacanthus,6,229,,,,,-32,31,,30,180,,,,,,,,,,,-180,-122,,,,,,,,,,,,,,,,,,,,,,,,,,,,,,,,,,,,,,,,,,,,,,,,,,,,,,,,,,
219671,Naso brevirostris,4,46,,2,122,,-36,29,,26,180,,,,50,,,60,,,,-180,-137,,,,75,,,,,,,,,,,,,,,,,,,,,,,,,,,,,,,,,,,,,,,,,,,,,,,,,,,,,,
219697,Thyrsites atun,100,500,,0,550,,-56,-21,,-75,177,,,,75,,,200,13,18,,,,,,,,,,,,,,,,,,,,,,,,,,,,,,,,,,,,,,,,,,,,,,,,,,,,,,,,,,,,,
219707,Allothunnus fallai,,,,,,,-35,-20,,-180,180,,,,86,,,105,19,24,,,,,,,,-50,-10,,,,,,,,,,,,,,,,,,,,,,,,,,,,,,,,,,,,,,,,,,,,,,,,,,,,
219709,Gasterochisma melampus,0,200,,,,,-55,-19,,-180,180,,,,,,,,8,15,,,,,,,,,,,,,,,,,,,,,,,,,,,,,,,,,,,,,,,,,,,,,,,,,,,,,,,,,,,,,
219712,Gymnosarda unicolor,,,,,,,-30,31,,-180,-130,,,,190,,,248,20,28,,32,180,,,,,,,,,,,,,,,,,,,,,,,,,,,,,,,,,,,,,,,,,,,,,,,,,,,,,,,,,,
219715,Scomber australasicus,0,300,,87,200,,-50,43,,32,180,,,,30,,,44,,,,-180,-110,,,,40,,,,,,,,,,,,,,,,,,,,,,,,,,,,,,,,,,,,,,,,,,,,,,,,,,,,,,
219719,Scomberomorus plurilineatus,0,200,,,,,-37,-1,,23,59,,,,,,,120,,,,,,,,,,,,,,,,,,,,,,,,,,,,,,,,,,,,,,,,,,,,,,,,,,,,,,,,,,,,,,,
219720,Thunnus maccoyii,0,1000,,50,2743,,-50,-30,,-180,180,,,,160,,,245,5,20,,,,,,,,-60,-10,,,,,,,,,,,,,,,,,,,,,,,24,,,20,30,,,,,,,,,,,,,,,,,,,,,,,,,
219722,Thunnus tonggol,0,10,,,,,-33,47,,34,154,,,,70,,,145,,,24,,,,,,,-31,47,,,,,,,,,,,,,,,,,,,,,,,,,28,,,,,,,,,,,,,,,,,,,,,,,,,,,
219734,Tetrapturus angustirostris,0,200,,0,1830,,-56,43,,-180,-68,,,,190,,,230,,,,20,180,,,,,,,,,,,,,,,,,,,,,,,,,,,,,25,,,,,,,,,,,,,,,,,,,,,,,,,,,,,
219737,Hyperoglyphe antarctica,260,490,,100,300,,-55,-19,,-67,180,,,,60,,,140,,,,-180,-173,,,,,,,,,,,,,,,,,,,,,,,,,,,,,,,,,,,,,,,,,,,,,,,,,,,,,,,,,,
219741,Schedophilus huttoni,0,1000,,275,500,,-43,-18,,,,,,,,,,,,,,,,,,,,,,,,,,,,,,,,,,,,,,,,,,,,,,,,,,,,,,,,,,,,,,,,,,,,,,,,,
219742,Schedophilus velaini,40,500,,,,,-45,2,,-180,180,,,,,,,,,,,,,,,,,,,,,,,,,,,,,,,,,,,,,,,,,,,,,,,,,,,,,,,,,,,,,,,,,,,,,,
219872,Abalistes stellaris,4,120,,7,350,,-36,46,,-180,-164,,,,40,,,60,,,,21,180,,,,,,,,,,,,,,,,,,,,,,,,,,,,,,,,,,,,,,,,,,,,,,,,,,,,,,,,,,
219954,Lagocephalus sceleratus,8,180,,,,,-40,40,,-180,-169,,,,40,,,110,,,,16,180,,,,,,,,,,,,,,,,,,,,,,,,,,,,,,,,,,,,,,,,,,,,,,,,,,,,,,,,,,
220007,Phosichthys argenteus,300,1050,,,,,-49,-6,,-180,-177,,,,,,,30,,,,-54,180,,,,30,,,,,,,,,,,,,,,,,,,,,,,,,,,,,,,,,,,,,,,,,,,,,,,,,,,,,,
221409,Linophryne parini,1200,1220,,0,3100,,,,,,,,,,,,,1.25,,,,,,,,,8,,,,,,,,,,,,,,,6.4,,,,,,,,,1.25,,,,,,,,,,,,,,,,,,,,,,,,,,,8,,,6.4
221430,Polyprion oxygeneios,50,854,,,,,-50,-28,,-180,180,,,,100,,,160,,,,,,,,,,,,,,,,,,,,,,,,,,,,,,,,,,,,,,,,,,,,,,,,,,,,,,,,,,,,,,,
221512,Sigmops elongatus,100,1500,,25,4740,,?,65,,-180,180,,,,,,,27.5,,,,-180,180,,,,,,,,,,,,,,,,,,,,,,,,,,,,,,,,,,,,,,,,,,,,,,,,,,,,,,,,,,
234627,Notolepis annulata,550,2000,,45,2000,,-72,-37,,,,,,,,,,30,,,,,,,,,,,,,,,,,,,,,,,,,,,,,,,,,,,,,,,,,,,,,,,,,,,,,,,,,,,,,,,
234638,Electrona carlsbergi,100,350,,1,1008,,-69,-39,,-180,180,,,,,,,9.6,,,,,,,,,11.2,,,,,,,,,,,,,,,,,,,,,,,,,,,,,,,,,,,,,,,,,,,,,,,,,,,,,,
234664,Lampris immaculatus,50,500,,,,,-69,-34,,,,,,,,,,,,,,,,,,,,,,,,,,,,,,,,,,,,,,,,,,,,,,,,,,,,,,,,,,,,,,,,,,,,,,,,,
234697,Paradiplospinus antarcticus,0,830,adult,0,2830,,-79,-31,,-180,180,,,,35,,,52,,,,,,,,,,,,,,,,,,,,,,,,,,,,,,,,,,,,,,,,,,,,,,,,,,,,,,,,,,,,,,,
234700,Dissostichus eleginoides,0,2144,,70,1500,,-66,-33,,-77,180,,,,70,,,215,,,,,,,,,,,,,,,,,,,,,,,,,,,,,,,,,,,,,,,,,,,,,,,,,,,,,,,,,,,,,,,
234731,Scopelosaurus hamiltoni,400,1200,,600,800,,-60,-30,,-180,180,,,,,,,45,,,,,,,,,50,,,,,,,,,,,,,,,,,,,,,,,,,,,,,,,,,,,,,,,,,,,,,,,,,,,,,,
234742,Muraenolepis microps,10,1600,,,,,-78,-50,,-180,-19,,,,27,,,35,,,,143,180,,,,,,,,,,,,,,,,,,,,,,,,,,,,,,,,,,,,,,,,,,,,,,,,,,,,,,,,,,
234767,Protomyctophum tenisoni,0,100,,100,850,,-67,-46,,-180,180,,,,,,,5.4,,,,,,,,,,,,,,,,,,,,,,,,,,,,,,,,,,,,,,,,,,,,,,,,,,,,,,,,,,,,,,,
234788,Lepidonotothen squamifrons,195,312,,10,900,,-79,-45,,-180,180,,,,35,,,55,,,,,,,,,,,,,,,,,,,,,,,,,,,,,,,,,,,,,,,,,,,,,,,,,,,,,,,,,,,,,,,
254538,Gadus macrocephalus,100,400,,10,1280,,31,63,,-180,-119,,,,,,,119,,,,119,180,,,,,,,,,,,,,,,,,,,,,,,,,,,,,,,,,,,,,,,,,,,,,,,,,,,,,,,,,,
271328,Rhizoprionodon porosus,0,100,,0,500,,-40,28,,-88,-32,,,,75,,,113,,,,,,,,,,,,,,,,,,,,,,,,,,,,,,,,,,,,,,,,,,,,,,,,,,,,,,,,,,,,,,,
271378,Sphyrna couardi,,,,,,,-5,17,,-19,13,,,,,,,,,,,,,,,,,,,,,,,,,,,,,,,,,,,,,,,,,,,,,,,,,,,,,,,,,,,,,,,,,,,,,,
271651,Scymnodalatias albicauda,140,512,,,,,-50,-42,,,,,,,,,,,,,,,,,,,,,,,,,,,,,,,,,,,,,,,,,,,,,,,,,,,,,,,,,,,,,,,,,,,,,,,,,
272087,Omosudis lowei,70,1830,,100,4000,,-40,40,,,,,,,20,,,23,,,,,,,,,,,,,,,,,,,,,,,,,,,,,,,,,,,,,,,,,,,,,,,,,,,,,,,,,,,,,,,
272173,Parexocoetus hillianus,0,20,,,,,,,,,,,,,,,,12.5,,,,,,,,,,,,,,,,,,,,,,,,,,,,,,,,,,,,,,,,,,,,,,,,,,,,,,,,,,,,,,,
272452,Merluccius australis,28,1000,,,,,-59,-33,,-180,-66,,,,80,,,155,,,,165,180,,,,,,,,,,,,,,,,,,,,,,,,,,,,,,,,,,,,,,,,,,,,,,,,,,,,,,,,,,
272528,Lophotus capellei,1,1100,,,,,,,,,,,,,,,,,,,,,,,,,,,,,,,,,,,,,,,,,,,,,,,,,,,,,,,,,,,,,,,,,,,,,,,,,,,,,,,
272534,Trachipterus jacksonensis,0,400,,0,1000,,,,,,,,,,200,,,211,,,,,,,,,220,,,,,,,,,,,,,,,,,,,,,,,,,,,,,,,,,,,,,,,,,,,,,,,,,,,,,,
272562,Gigantactis golovani,0,2100,,,,,,,,,,,,,,,,17.9,,,,,,,,,,,,,,,,,,,,,,,,,,,,,,,,,,,,,,,,,,,,,,,,,,,,,,,,,,,,,,,
272630,Oneirodes kreffti,150,1170,,0,2000,,-45,-18,,0,180,,,,2,,,12.6,,,,,,,,,7.5,,,,,,,,,,,,,,,11.1,,,,,,,,,,,,,,,,,,,,,,,,,,,,,,,,,,,,,,,
272656,Ceratoscopelus townsendi,425,1500,Day,0,200,Night,?,35,,,,,,,,,,18.4,,,,,,,,,,?,55,,,,,,,,,,,,,,,,,,,,,,,,,,,,,,,,,,,,,,,,,,,,,,,,,,,,
272728,Notoscopelus kroyeri,0,125,Night,325,1000,Day,37,68,,-66,16,,,,,,,14,,,,,,,,,14.3,,,,,,,,,,,,,,,,,,,,,,,,,,,,,,,,,,,,,,,,,,,,,,,,,,,,,,
272734,Symbolophorus kreffti,0,300,,0,150,,-20,-7,,,,,,,,,,11.2,,,,,,,,,,-4,20,,,,,,,,,,,,,,,,,,,,,,,,,,,,,,,,,,,,,,,,,,,,,,,,,,,,
273675,Cubiceps caeruleus,20,250,,,,,?,-19,,,,,,,,,,,,,,,,,,,,,,,,,,,,,,,,,,,,,,,,,,,,,,,,,,,,,,,,,,,,,,,,,,,,,,,,,
273811,Scomberomorus brasiliensis,20,60,,0,130,,-36,21,,-90,-29,,,,65,,,125,,,,,,,,,,,,,,,,,,,,,,,,,,,,,,,,,,,,,,,,,,,,,,,,,,,,,,,,,,,,,,,
273819,Scomberomorus regalis,1,20,,,,,-24,41,,-99,-34,,,,,,,,,,,,,,,,,,,,,,,,,,,,,,,,,,,,,,,,,,,,,,,,,,,,,,,,,,,,,,,,,,,,,,
273998,Stromateus brasiliensis,22,133,,,,,-55,-26,,-69,-48,,,,,,,38,,,,,,,,,,,,,,,,,,,,,,,,,,,,,,,,,,,,,,,,,,,,,,,,,,,,,,,,,,,,,,,
274967,Argyropelecus olfersii,100,600,Night,200,800,Day,-50,65,,,,,,,,,,9,,,,,,,,,,,,,,,,,,,,,,,,,,,,,,,,,,,,,,,,,,,,,,,,,,,,,,,,,,,,,,,
274978,Maurolicus stehmanni,0,200,,0,1500,,-40,-22,,-60,-40,,,,,,,5.8,,,,,,,,,5.2,,,,,,,,,,,,,,,,,,,,,,,,,,,,,,,,,,,,,,,,,,,,,,,,,,,,,,
275069,Eustomias bigelowi,0,500,,,,,-25,0,South Atlantic,-30,0,South Atlantic,,,,,,19.8,,,,-90,-35,Western Atlantic,,,,20,35,Western Atlantic,,,,,,,,,,,,,,,,,,,,,,,,,,,,,,,,,,,,,,,,,,,,,,,,,,,
275138,Eustomias spherulifer,0,1900,,,,,-31,-2,,-9,-4,Eastern Atlantic,,,,,,16.5,,,,,,,,,15,,,,,,,,,,,,,,,,,,,,,,,,,,,,,,,,,,,,,,,,,,,,,,,,,,,,,,
275171,Photonectes albipennis,0,800,,,,,-55,50,,-180,-150,,,,,,,30,,,,25,180,,,,,,,,,,,,,,,,,,,,,,,,,,,,,,,,,,,,,,,,,,,,,,,,,,,,,,,,,,
275500,Brevoortia patronus,0,50,,,,,19,31,,-95,-80,,,,20,,,35,,,,,,,,,,,,,,,,,,,,,,,,,,,,,,,,,,,,,,,,,,,,,,,,,,,,,,,,,,,,,,,
276250,Cantherhines macrocerus,3,20,,,,,-26,33,,-99,-14,,,,,,,,,,,,,,,,,,,,,,,,,,,,,,,,,,,,,,,,,,,,,,,,,,,,,,,,,,,,,,,,,,,,,,
276307,Bathyclupea schroederi,380,750,,,,,12,23,,-79.65,-79.65,,,,,,,13.2,,,,-82,-79,,,,,,,,,,,,,,,,,,,,,,,,,,,,,,,,,,,,,,,,,,,,,,,,,,,,,,,,,,
276560,Peprilus burti,155,225,,0,275,,17,39,,-99,-73,,,,,,,25,,,,,,,,,,,,,,,,,,,,,,,,,,,,,,,,,,,,,,,,,,,,,,,,,,,,,,,,,,,,,,,
277287,Pellona harroweri,0,35,,,,,-30,12,,-89,-32,,,,12,,,18,,,,,,,,,18,,,,,,,,,,,,,,,,,,12,,,,,,,,,,,,,,,,,,,,,,,,,,,,,,,,,,,,
278434,Grammatorcynus bilineatus,15,50,,,,,-25,31,,32,180,,,,50,,,100,,,,-180,-175,,,,,,,,,,,,,,,,,,,,,,,,,,,,,,,,,,,,,,,,,,,,,,,,,,,,,,,,,,
278702,Genypterus blacodes,22,1000,,300,550,,-57,-17,,114,180,,,,100,,,200,,,,-180,-30,,,,,,,,,,,,,,,,,,,,,,,,,,,,,,,,,,,,,,,,,,,,,,,,,,,,,,,,,,
279766,Assurger anzac,,,,,,,-37,37,,-180,180,,,,200,,,250,,,,,,,,,,,,,,,,,,,,,,,,,,,,,,,,,,,,,,,,,,,,,,,,,,,,,,,,,,,,,,,
280091,Cetengraulis edentulus,10,?,,,,,-28,23,,-98,-32,,,,15,,,20.5,,,,,,,,,,,,,,,,,,,,,,,,,,,,,,,,,,,,,,,,,,,,,,,,,,,,,,,,,,,,,,,
280695,Epinnula magistralis,200,350,,100,185,,-19,38,,109,180,,,,45,,,100,,,,-180,-74,,,,,,,,,,,,,,,,,,,,,,,,,,,,,,,,,,,,,,,,,,,,,,,,,,,,,,,,,,
281542,Megachasma pelagios,5,1500,,120,166,,-40,40,,-180,180,,,,,,,900,,,,,,,?,,709,,,,,,,,,,,,,?,,549,,,,,,,,,,,,,,,,,,,,,,,,,,,,,,,,,,,,,,,
281832,Odontognathus compressus,0,30,,,,,4,14,,-84,-53,,,,12,,,13,,,,,,,,,15,,,,,,,,,,,,,,,,,,,,,,,,,,,,,,,,,,,,,,,,,,,,,,,,,,,,,,
282546,Ramnogaster arcuata,0,50,,,,,-42,-33,,-64,-52,,7,8,,,,7.5,,,,,,,,,9,,,,,,,,,,,,,,,9,,,7.5,,,,,,,,,,,,,,,,,,,,,,,,,,,,,,,,,,,,
282757,Seriolella porosa,,,,,,,-55,0,,-89,-45,,,,35,,,44,,,,,,,,,,,,,,,,,,,,,,,,,,,,,,,,,,,,,,,,,,,,,,,,,,,,,,,,,,,,,,,
282973,Thysanactis dentex,75,1500,,,,,-30,18,,-180,-150,,,,,,,18,,,,-62,180,,,,,,,,,,,,,,,,,,,,,,,,,,,,,,,,,,,,,,,,,,,,,,,,,,,,,,,,,,
283164,Winteria telescopa,500,700,,400,2500,,-49,28,,-180,-154,,,,,,,15,,,,-52,180,,,,,,,,,,,,,,,,,,,,,,,,,,,,,,,,,,,,,,,,,,,,,,,,,,,,,,,,,,
283166,Woodsia nonsuchae,530,1335,,,,,-33,31,,-180,-64,,,,,,,9,,,,130,180,,,,12,,,,,,,,,,,,,,,,,,,,,,,,,,,,,,,,,,,,,,,,,,,,,,,,,,,,,,
283206,Zameus squamulosus,400,900,,0,2200,,-56,68,,-180,180,,,,,,,,,,,,,,,,,,,,,,,,,,,,,,,,,,,,,,,,,,,,,,,,,,,,,,,,,,,,,,,,,,,,,,
298438,Carcharhinus perezi,0,30,,0,378,,-35,33,,-100,-33,,,,,,,,,,,,,,,,,,,,,,,,,,,,,,,,,,,,,,,,,,,,,,,,,,,,,,,,,,,,,,,,,,,,,,
299089,Centroscymnus owstoni,600,1459,common,100,1500,,-38,33,,-52,30,,,,,,,,,,,,,,,,,,,,,,,,,,,,,,,,,,,,,,,,,,,,,,,,,,,,,,,,,,,,,,,,,,,,,,
300735,Gadus chalcogrammus,,,,,,,34,68,,129,180,,,,,,,91,,,,-180,-120,,,,,,,,,,,,,,,,,,,,,,,,,,,,,,,,,,,,,,,,,,,,,,,,,,,,,,,,,,
301526,Lampanyctus isaacsi,0,2300,,40,325,Night,,,,,,,,,,,,5.8,,,,,,,,,,,,,550,750,Day,,,,,,,,,,,,,,,,,,,,,,,,,,,,,,,,,,,,,,,,,,,,,,,,
302432,Caranx ruber,0,35,,0,22,,33,35,,-100,-33,,,,50,,,73,,,,,,,,,,,,,,,,,,,,,,,,,,,,,,,,,,,,,,,,,,,,,,,,,,,,,,,,,,,,,,,
302877,Remora albescens,1,50,,1,200,,,,,,,,,,,,,,,,,,,,,,,,,,,,,,,,,,,,,,,,,,,,,,,,,,,,,,,,,,,,,,,,,,,,,,,,,,,,
303486,Kyphosus sectatrix,1,30,,,,,-29,46,,-98,16,,,,50,,,76,,,,,,,,,,,,,,,,,,,,,,,,,,,,,,,,,,,,,,,,,,,,,,,,,,,,,,,,,,,,,,,
313240,Pentaceros richardsoni,0,600,,0,1000,,-56,-23,,-68,180,,,,,,,56,,,,-180,-174,,,,,,,,,,,,,,,,,,,,,,,,,,,,,,,,,,,,,,,,,,,,,,,,,,,,,,,,,,
317659,Dasyscopelus asper,425,750,Day,0,125,Night,-52,46,,-180,180,,,,,,,8.5,,,,,,,,,,,,,,,,,,,,,,,,,,,,,,,,,,,,,,,,,,,,,,,,,,,,,,,,,,,,,,,
319394,Monacoa grimaldii,300,400,,0,4750,,-49,43,,-180,15,,,,,,,18,,,,149,180,,,,8,,,,,,,,,,,,,,,,,,,,,,,,,,,,,,,,,,,,,,,,,,,,,,,,,,,,,,
321911,Tetronarce nobiliana,0,925,,,,,-48,60,,-180,180,,,,40,,,180,,,,,,,,,,,,,,,,,,,,,,,,,,,,,,,,,,,,,,,,,,,,,,,,,,,,,,,,,,,,,,,
345843,Sphyraena barracuda,0,110,,3,30,,-35,42,,-180,180,,,,140,,,200,,,,,,,,,,,,,,,,,,,,,,,,,,,,,,,,,,,,,,,,,,,,,,,,,,,,,,,,,,,,,,,
388863,Scopeloberyx bannikovi,1500,1500,,,,,14.86666667,14.86666667,,-73.81666667,-73.81666667,,,,,,,,,,,,,,,,,,,,,,,,,,,,,,,,,,,,,,,,,,,,,,,,,,,,,,,,,,,,,,,,,,,,,,
398478,Odontanthias caudicinctus,100,300,,,,,,,,,,,,,,,,10,,,,,,,,,,,,,,,,,,,,,,,,,,,,,,,,,,,,,,,,,,,,,,,,,,,,,,,,,,,,,,,
401555,Alectis alexandrina/ Alectis alexandrinus,?,70,,,,,-13,42,,-19,36,,,,60,,,100,,,,,,,,,,,,,,,,,,,,,,,,,,,,,,,,,,,,,,,,,,,,,,,,,,,,,,,,,,,,,,,
712905,Istiompax indica,0,915,,0,20,,-40,40,,-180,-69,,,,380,,,465,26,27,,18,180,,,,,-47,44,,,,,15,30,,,,,,,,,,,,,,,,,27,28,,,,,,,,,,,,,,,,,,,,,,,,,,,,
712906,Kajikia albida,0,100,,0,300,,-45,47,,-99,27,,,,210,,,300,20,29,24,,,,,,,-45,45,,,,,,,,,,,,,,,,,,,,,,,24,29,,,,,,,,,,,,,,,,,,,,,,,,,,,,
712907,Kajikia audax,0,120,,0,544,,-49,46,,-180,-69,,,,290,,,420,15,31,,19,180,,,,,,,,,,,20,25,,,,,,,,,,,,,,,,,24,,,,,,,,,,,,,,,,,,,,,,,,,,,,,
713109,Lophotus guntheri,30,300,,,,,,,,,,,,,,,,,,,,,,,,,,,,,,,,,,,,,,,,,,,,,,,,,,,,,,,,,,,,,,,,,,,,,,,,,,,,,,,
990089,Gadus finnmarchicus,,,,,,,,,,,,,,,,,,50,,,,,,,,,,,,,,,,,,,,,,,,,,,,,,,,,,,,,,,,,,,,,,,,,,,,,,,,,,,,,,,
1007133,Liopropoma santi,182,241,,,,,,,,,,,,,,,,11.6,,,,,,,,,,,,,,,,,,,,,,,,,,,,,,,,,,,,,,,,,,,,,,,,,,,,,,,,,,,,,,,
1017161,Mugil brevirostris,,,,,,,,,,,,,,,,,,20.9,,,,,,,,,,,,,,,,,,,,,,,,,,,,,,,,,,,,,,,,,,,,,,,,,,,,,,,,,,,,,,,
1026118,Mobula birostris,0,1000,,,,,-38,42,,-180,180,,,,450,,,910,,,,,,,,,,,,,,,,,,,,,,,,,,,,,,,,,,,,,,,,,,,,,,,,,,,,,,,,,,,,,,,
1042799,Squalus bassi,159,591,,,,,,,,,,,,,,?,,110,,,,,,,?,,96,,,,,,,,,,,,,,,,,,,,,,,,,,,,,,,,,,,,,,,,,,,,,,,,,,,,,,
1042856,Hypanus americanus,0,100,,,,,-4,36,,-100,-37,,,,90,,,200,,,,,,,,,,,,,,,,,,,,,,,,,,,,,,,,,,,,,,,,,,,,,,,,,,,,,,,,,,,,,,,
1042871,Mobula alfredi,,,,,,,-34,32,,-180,-134,,,,,,,,,,,30,180,,,,,,,,,,,,,,,,,,,,,,,,,,,,,,,,,,,,,,,,,,,,,,,,,,,,,,,,,,
1287298,Squalus clarkae,100,750,,242,613,,,,,,,,,,,?,,82,,,,,,,?,,72.3,,,,100,500,,,,,,,,?,,55,,,,,,,,,,,,,,,,,,,,,,,,,,,,,,,,,,,,,,,
1510072,Melamphaes lentiginosus,2200,2200,,,,,,,,,,,,,,,,1.8,,,,,,,,,,,,,,,,,,,,,,,,,,,,,,,,,,,,,,,,,,,,,,,,,,,,,,,,,,,,,,,
1524348,Neobathyclupea elongata,,,,,,,,,,,,,,,,,,40,,,,,,,,,,,,,,,,,,,,,,,,,,,,,,,,,,,,,,,,,,,,,,,,,,,,,,,,,,,,,,,
1525496,Dasyscopelus selenops,40,225,Night,225,450,Day,-52,48,,-180,-153,,,,7.2,,,7.5,,,,-79,180,,,,,,,,,,,,,,,,,,,,,,,,,,,,,,,,,,,,,,,,,,,,,,,,,,,,,,,,,,
