acceptedNameUsageID,Scientific name,Behavior0_Bottom,Behavior0_Top,Behavior0_Average,Behavior0_# records,Food0_Bottom,Food0_Top,Food0_Average,Food0_# records,Habitat0_Bottom,Habitat0_Top,Habitat0_Average,Habitat0_# records,Salinity0_Bottom,Salinity0_Top,Salinity0_Average,Salinity0_# records,TemperatureT0_Bottom,TemperatureT0_Top,TemperatureT0_Average,TemperatureT0_# records,Aggregation0_Bottom,Aggregation0_Top,Aggregation0_Average,Aggregation0_# records,Associate0_Bottom,Associate0_Top,Associate0_Average,Associate0_# records,Behavior1_Bottom,Behavior1_Top,Behavior1_Average,Behavior1_# records,Food1_Bottom,Food1_Top,Food1_Average,Food1_# records,Habitat1_Bottom,Habitat1_Top,Habitat1_Average,Habitat1_# records,Salinity1_Bottom,Salinity1_Top,Salinity1_Average,Salinity1_# records,TemperatureT1_Bottom,TemperatureT1_Top,TemperatureT1_Average,TemperatureT1_# records
105787,Carcharhinus altimus,2.0,2.0,2.0,1,2.0,3.6,2.866666667,3,1.5,3.0,2.357142857,7,2.0,2.0,2.0,1,2.0,3.0,2.5,4,,,,,,,,,,,,,,,,,,,,,,,,,,,,
105788,Carcharhinus brevipinna,3.0,3.0,3.0,1,2.0,3.6,2.866666667,3,1.3,2.5,1.966666667,6,2.0,2.0,2.0,1,2.0,3.0,2.5,4,1.0,4.0,2.5,2,,,,,,,,,,,,,,,,,,,,,,,,
105789,Carcharhinus falciformis,3.2,3.2,3.2,1,2.0,3.0,2.333333333,3,1.3,3.0,2.22,10,2.0,2.0,2.0,1,2.6,2.6,2.6,1,,,,,2.2,3.0,2.6,2,,,,,,,,,,,,,,,,,,,,
105790,Carcharhinus galapagensis,3.0,3.0,3.0,1,2.0,4.0,3.0,3,1.3,3.0,2.15,10,2.0,2.0,2.0,1,2.4,3.0,2.7,2,,,,,,,,,,,,,,,,,,,,,,,,,,,,
105791,Carcharhinus isodon,1.0,1.0,1.0,1,2.0,3.0,2.5,2,1.1,2.0,1.466666667,3,2.0,2.0,2.0,1,2.6,2.6,2.6,1,4.0,4.0,4.0,1,,,,,,,,,,,,,,,,,,,,,,,,
105792,Carcharhinus leucas,1.0,3.0,2.0,2,1.0,3.6,2.166666667,6,0.0,2.5,1.4,7,0.0,2.0,1.0,3,2.4,3.0,2.666666667,3,,,,,,,,,,,,,,,,,,,,,,,,,,,,
105793,Carcharhinus limbatus,1.0,3.0,2.0,3,2.0,3.6,2.65,4,1.0,3.0,1.86,10,1.0,2.0,1.5,2,2.4,3.0,2.666666667,3,5.0,5.0,5.0,1,,,,,,,,,,,,,,,,,,,,,,,,
105794,Carcharhinus longimanus,3.2,3.2,3.2,1,1.0,4.5,2.45,8,2.0,3.0,2.625,4,2.0,2.0,2.0,1,2.0,3.0,2.533333333,3,,,,,2.5,2.5,2.5,1,,,,,,,,,,,,,,,,,,,,
105795,Carcharhinus melanopterus,,,,,1.5,3.0,2.125,4,1.0,2.5,1.525,8,1.0,2.0,1.5,2,2.6,3.0,2.8,2,1.0,3.0,2.0,2,,,,,,,,,,,,,,,,,,,,,,,,
105796,Carcharhinus obscurus,3.0,3.0,3.0,1,1.0,3.6,2.157142857,7,1.5,3.0,2.25,4,1.0,2.0,1.5,2,2.4,3.0,2.666666667,3,,,,,,,,,,,,,,,,,,,,,,,,,,,,
105797,Carcharhinus plumbeus,1.0,3.0,2.0,3,1.5,3.6,2.42,5,1.3,3.0,2.2,8,1.0,2.0,1.5,2,2.0,3.0,2.533333333,3,,,,,,,,,,,,,,,,,,,,,,,,,,,,
105798,Carcharhinus signatus,2.0,3.0,2.5,2,2.0,3.0,2.5,2,2.0,3.0,2.4,5,2.0,2.0,2.0,1,2.6,2.6,2.6,1,4.0,4.0,4.0,1,,,,,,,,,,,,,,,,,,,,,,,,
105799,Galeocerdo cuvier,2.0,2.0,2.0,1,1.0,5.0,3.1375,8,1.0,3.0,2.088888889,9,1.0,2.0,1.5,2,2.0,3.0,2.5,4,,,,,,,,,,,,,,,,,,,,,,,,,,,,
105800,Negaprion brevirostris,1.0,3.0,2.0,3,1.5,3.0,2.166666667,3,1.0,3.0,1.7,11,1.0,2.0,1.5,2,2.6,3.0,2.8,2,1.0,3.0,2.0,2,,,,,,,,,,,,,,,,,,,,,,,,
105801,Prionace glauca,3.2,3.2,3.2,1,1.0,5.0,2.575,8,1.0,3.0,1.825,4,1.0,2.0,1.5,2,2.0,3.0,2.533333333,3,,,,,,,,,,,,,,,,,,,,,,,,,,,,
105802,Rhizoprionodon acutus,2.0,2.0,2.0,1,1.4,2.0,1.7,2,0.0,2.0,1.26,5,0.0,2.0,1.0,3,2.6,3.0,2.8,2,,,,,,,,,,,,,,,,,,,,,,,,,,,,
105803,Paragaleus pectoralis,1.0,1.0,1.0,1,2.0,3.0,2.5,2,1.3,2.5,1.95,4,2.0,2.0,2.0,1,3.0,3.0,3.0,1,,,,,,,,,,,,,,,,,,,,,,,,,,,,
105816,Sphyrna lewini,3.0,3.0,3.0,1,2.0,3.6,2.4,7,1.0,3.0,2.1,8,1.0,2.0,1.5,2,2.0,3.0,2.466666667,3,1.0,4.0,2.333333333,3,,,,,,,,,,,,,,,,,,,,,,,,
105817,Sphyrna mokarran,2.0,3.0,2.5,2,2.0,3.6,2.984615385,13,1.3,3.0,2.257142857,7,1.0,2.0,1.5,2,2.0,3.0,2.5,4,,,,,,,,,,,,,,,,,,,,,,,,,,,,
105819,Sphyrna zygaena,2.0,3.0,2.5,2,1.4,3.6,2.777777778,9,1.3,3.0,2.257142857,7,1.0,2.0,1.5,2,2.0,3.0,2.533333333,3,4.0,4.0,4.0,1,,,,,,,,,,,,,,,,,,,,,,,,
105820,Galeorhinus galeus,1.0,2.0,1.5,2,1.4,3.2,2.175,8,1.3,3.0,2.4125,8,2.0,2.0,2.0,1,2.0,2.6,2.3,2,3.0,3.0,3.0,1,,,,,,,,,,,,,,,,,,,,,,,,
105822,Mustelus mustelus,1.0,2.0,1.5,2,2.0,3.0,2.333333333,3,2.0,3.0,2.375,4,2.0,2.0,2.0,1,2.0,2.0,2.0,1,,,,,,,,,,,,,,,,,,,,,,,,,,,,
105832,Heptranchias perlo,1.2,2.0,1.6,2,2.0,3.6,2.65,4,2.0,3.0,2.5,6,2.0,2.0,2.0,1,2.0,3.0,2.533333333,3,,,,,,,,,,,,,,,,,,,,,,,,,,,,
105833,Hexanchus griseus,1.0,3.0,1.733333333,3,2.0,3.6,2.65,4,1.3,3.0,2.471428571,7,2.0,2.0,2.0,1,1.3,3.0,2.375,4,,,,,,,,,,,,,,,,,,,,,,,,,,,,
105835,Alopias superciliosus,3.0,3.2,3.1,2,2.0,3.0,2.5,2,1.3,3.0,2.075,4,2.0,2.0,2.0,1,2.0,3.0,2.533333333,3,,,,,,,,,,,,,,,,,,,,,,,,,,,,
105836,Alopias vulpinus,3.2,3.2,3.2,1,2.0,5.0,3.0,4,1.3,3.0,2.16,5,2.0,2.0,2.0,1,2.0,3.0,2.533333333,3,,,,,,,,,,,,,,,,,,,,,,,,,,,,
105837,Cetorhinus maximus,3.0,3.2,3.066666667,3,1.8,1.8,1.8,1,1.3,3.0,2.216666667,6,2.0,2.0,2.0,1,1.3,3.0,2.1,3,1.0,4.0,2.5,4,,,,,,,,,,,,,,,,,,,,,,,,
105838,Carcharodon carcharias,3.0,3.0,3.0,1,2.0,5.0,3.52,5,1.0,3.0,2.1625,8,1.0,2.0,1.5,2,2.0,3.0,2.533333333,3,1.0,3.0,2.0,3,,,,,,,,,,,,,,,,,,,,,,,,
105839,Isurus oxyrinchus,3.0,3.2,3.1,2,2.0,4.0,3.15,4,1.3,3.0,2.1,3,2.0,2.0,2.0,1,2.0,3.0,2.533333333,3,,,,,,,,,,,,,,,,,,,,,,,,,,,,
105840,Isurus paucus,2.5,3.2,2.9,3,2.0,3.0,2.5,2,3.0,3.0,3.0,1,2.0,2.0,2.0,1,2.0,3.0,2.533333333,3,,,,,,,,,,,,,,,,,,,,,,,,,,,,
105841,Lamna nasus,3.0,3.0,3.0,1,2.0,3.6,2.866666667,3,1.3,3.0,2.328571429,7,2.0,2.0,2.0,1,1.3,2.0,1.633333333,3,1.0,4.0,2.5,2,,,,,,,,,,,,,,,,,,,,,,,,
105843,Carcharias taurus,1.0,3.2,2.3,4,2.0,3.6,2.65,4,1.3,2.0,1.6,3,2.0,2.0,2.0,1,2.0,3.0,2.533333333,3,1.0,4.0,2.666666667,3,,,,,,,,,,,,,,,,,,,,,,,,
105844,Odontaspis ferox,2.0,2.0,2.0,1,2.0,3.0,2.333333333,3,2.0,3.0,2.5,6,2.0,2.0,2.0,1,2.6,3.0,2.8,2,,,,,,,,,,,,,,,,,,,,,,,,,,,,
105845,Odontaspis noronhai,3.0,3.0,3.0,1,,,,,2.5,3.0,2.666666667,3,2.0,2.0,2.0,1,3.0,3.0,3.0,1,,,,,,,,,,,,,,,,,,,,,,,,,,,,
105846,Ginglymostoma cirratum,1.7,1.7,1.7,1,1.4,3.6,2.666666667,3,1.3,2.5,1.675,8,1.0,2.0,1.5,2,2.6,3.0,2.8,2,1.0,3.0,2.0,2,,,,,,,,,,,,,,,,,,,,,,,,
105847,Rhincodon typus,3.2,3.2,3.2,1,1.8,3.0,2.2,5,1.0,3.0,1.883333333,6,2.0,2.0,2.0,1,2.0,3.0,2.533333333,3,1.0,4.0,2.5,2,2.8,3.0,2.9,2,,,,,,,,,,,,,,,,,,,,
105858,Mobula japanica,3.0,3.0,3.0,1,1.8,3.2,2.24,5,1.3,3.0,1.95,4,2.0,2.0,2.0,1,2.6,2.6,2.6,1,1.0,3.0,2.0,2,,,,,3.0,3.2,3.1,2,2.0,3.2,2.6,2,1.5,3.0,2.2,5,2.0,2.0,2.0,1,2.0,3.0,2.533333333,3
105859,Mobula tarapacana,,,,,1.8,3.2,2.5,2,1.5,3.0,2.166666667,3,2.0,2.0,2.0,1,3.0,3.0,3.0,1,1.0,3.0,2.0,2,,,,,,,,,,,,,,,,,,,,,,,,
105860,Myliobatis aquila,2.0,2.0,2.0,2,1.4,3.0,1.825,4,1.0,3.0,1.966666667,6,1.0,2.0,1.5,2,2.6,2.6,2.6,1,3.0,3.0,3.0,1,,,,,,,,,,,,,,,,,,,,,,,,
105899,Centrophorus granulosus,1.0,2.0,1.475,4,2.0,3.0,2.333333333,3,2.0,3.0,2.5,4,2.0,2.0,2.0,1,,,,,1.0,1.0,1.0,1,,,,,,,,,,,,,,,,,,,,,,,,
105901,Centrophorus squamosus,1.0,2.0,1.4,3,2.0,3.0,2.5,2,2.0,3.0,2.6,5,2.0,2.0,2.0,1,,,,,,,,,,,,,,,,,,,,,,,,,,,,,,,,
105902,Centrophorus uyato,1.2,1.2,1.2,1,2.0,3.0,2.5,2,2.0,3.0,2.625,4,2.0,2.0,2.0,1,,,,,,,,,,,,,,,,,,,,,,,,,,,,,,,,
105907,Centroscymnus coelolepis,1.0,1.2,1.1,2,1.5,3.6,2.42,5,2.5,3.0,2.666666667,3,2.0,2.0,2.0,1,,,,,,,,,,,,,,,,,,,,,,,,,,,,,,,,
105910,Dalatias licha,1.0,3.0,1.8,4,2.0,3.6,2.971428571,7,2.0,3.0,2.5,6,2.0,2.0,2.0,1,,,,,1.0,3.0,2.0,2,,,,,,,,,,,,,,,,,,,,,,,,
105918,Scymnodon ringens,2.0,3.0,2.5,3,,,,,2.5,2.5,2.5,1,2.0,2.0,2.0,1,,,,,,,,,,,,,,,,,,,,,,,,,,,,,,,,
105919,Somniosus microcephalus,1.0,3.2,2.3,4,1.4,5.0,2.717241379,29,1.0,3.0,2.1625,8,1.0,2.0,1.5,2,1.0,1.3,1.15,2,,,,,,,,,,,,,,,,,,,,,,,,,,,,
105921,Squaliolus laticaudus,2.5,3.2,2.9,3,2.6,3.2,3.05,4,2.2,3.0,2.566666667,3,2.0,2.0,2.0,1,3.0,3.0,3.0,1,,,,,,,,,,,,,,,,,,,,,,,,,,,,
105923,Squalus acanthias,1.0,2.0,1.5,2,1.4,3.2,2.333333333,12,1.0,3.0,2.28,10,0.0,2.0,1.0,3,1.0,2.0,1.5,2,,,,,,,,,,,,,,,,,,,,,,,,,,,,
126292,Nessorhamphus ingolfianus,2.5,3.0,2.75,2,2.0,2.0,2.0,1,3.0,3.0,3.0,1,2.0,2.0,2.0,1,2.0,2.6,2.3,2,,,,,,,,,,,,,,,,,,,,,,,,,,,,
126305,Nemichthys curvirostris,2.5,2.5,2.5,1,2.0,2.0,2.0,1,,,,,2.0,2.0,2.0,1,2.0,3.0,2.5,2,,,,,,,,,,,,,,,,,,,,,,,,,,,,
126306,Nemichthys scolopaceus,2.5,3.0,2.75,2,2.0,2.2,2.066666667,3,3.0,3.0,3.0,1,2.0,2.0,2.0,1,2.0,3.0,2.5,2,,,,,,,,,,,,,,,,,,,,,,,,,,,,
126332,Alepisaurus brevirostris,2.5,2.5,2.5,1,2.2,3.0,2.466666667,3,3.0,3.0,3.0,2,2.0,2.0,2.0,1,2.0,3.0,2.5,2,,,,,,,,,,,,,,,,,,,,,,,,,,,,
126333,Alepisaurus ferox,2.5,3.2,2.9,3,1.4,3.0,1.96,5,1.3,3.0,2.15,2,2.0,2.0,2.0,1,1.3,3.0,2.3,3,,,,,,,,,,,,,,,,,,,,,,,,,,,,
126349,Scopelosaurus lepidus,2.0,3.0,2.5,3,1.8,3.2,2.25,4,3.0,3.0,3.0,1,2.0,2.0,2.0,1,1.3,3.0,2.225,4,,,,,,,,,,,,,,,,,,,,,,,,,,,,
126350,Scopelosaurus smithii,2.0,3.0,2.5,2,1.8,1.8,1.8,1,2.2,2.5,2.35,2,2.0,2.0,2.0,1,2.0,3.0,2.5,2,,,,,,,,,,,,,,,,,,,,,,,,,,,,
126361,Paralepis coregonoides,2.5,3.2,2.88,5,,,,,,,,,2.0,2.0,2.0,1,,,,,,,,,,,,,,,,,,,,,,,,,,,,,,,,
126367,Scopelarchus analis,2.5,3.0,2.75,2,3.2,3.2,3.2,1,3.0,3.0,3.0,1,2.0,2.0,2.0,1,2.0,3.0,2.466666667,3,,,,,,,,,,,,,,,,,,,,,,,,,,,,
126368,Scopelarchus michaelsarsi,2.5,3.0,2.75,2,3.2,3.2,3.2,1,3.0,3.0,3.0,1,2.0,2.0,2.0,1,2.6,3.0,2.8,2,,,,,,,,,,,,,,,,,,,,,,,,,,,,
126375,Belone belone,3.0,3.0,3.0,1,3.0,3.0,3.0,1,3.0,3.0,3.0,1,1.0,2.0,1.5,2,2.0,2.0,2.0,1,,,,,,,,,,,,,,,,,,,,,,,,,,,,
126378,Tylosurus acus,3.2,3.2,3.2,1,2.0,3.2,2.6,2,1.5,3.0,2.125,4,2.0,2.0,2.0,1,2.4,3.0,2.666666667,3,,,,,,,,,,,,,,,,,,,,,,,,,,,,
126385,Exocoetus volitans,3.0,3.2,3.1,2,1.8,2.0,1.9,2,2.0,2.0,2.0,2,2.0,2.0,2.0,1,2.6,3.0,2.8,2,,,,,,,,,,,,,,,,,,,,,,,,,,,,
126387,Hirundichthys speculiger,3.0,3.0,3.0,1,,,,,3.0,3.0,3.0,1,2.0,2.0,2.0,1,3.0,3.0,3.0,1,,,,,,,,,,,,,,,,,,,,,,,,,,,,
126392,Scomberesox saurus,3.0,3.0,3.0,1,1.8,3.2,2.15,4,3.0,3.0,3.0,1,2.0,2.0,2.0,1,2.0,2.6,2.3,2,4.0,4.0,4.0,1,,,,,,,,,,,,,,,,,,,,,,,,
126393,Anoplogaster cornuta,2.5,2.5,2.5,1,2.0,3.0,2.5,2,,,,,2.0,2.0,2.0,1,2.0,3.0,2.5,2,1.0,3.0,2.0,2,,,,,,,,,,,,,,,,,,,,,,,,
126404,Hoplostethus mediterraneus,2.0,2.0,2.0,1,,,,,,,,,2.0,2.0,2.0,1,2.6,2.6,2.6,1,,,,,,,,,,,,,,,,,,,,,,,,,,,,
126407,Ditropichthys storeri,2.5,2.5,2.5,1,,,,,,,,,2.0,2.0,2.0,1,,,,,,,,,,,,,,,,,,,,,,,,,,,,,,,,
126412,Rondeletia loricata,2.5,3.0,2.75,2,1.8,2.0,1.9,2,3.0,3.0,3.0,1,2.0,2.0,2.0,1,2.0,3.0,2.5,2,,,,,,,,,,,,,,,,,,,,,,,,,,,,
126421,Sardina pilchardus,3.0,3.0,3.0,1,1.8,1.8,1.8,1,2.0,2.0,2.0,1,0.0,2.0,1.0,3,1.6,2.6,2.1,2,4.0,4.0,4.0,1,,,,,,,,,,,,,,,,,,,,,,,,
126422,Sardinella aurita,3.0,3.0,3.0,1,1.2,1.8,1.6,3,1.3,2.0,1.766666667,3,1.0,2.0,1.5,2,2.6,2.6,2.6,1,,,,,,,,,,,,,,,,,,,,,,,,,,,,
126423,Sardinella maderensis,3.0,3.0,3.0,1,1.2,1.8,1.6,3,1.0,2.0,1.5,2,1.0,2.0,1.5,2,2.6,2.6,2.6,1,4.0,4.0,4.0,1,,,,,,,,,,,,,,,,,,,,,,,,
126425,Sprattus sprattus,3.0,3.0,3.0,1,1.8,1.8,1.8,1,1.0,3.0,1.825,4,0.0,2.0,1.0,3,2.0,2.0,2.0,1,4.0,4.0,4.0,1,,,,,,,,,,,,,,,,,,,,,,,,
126439,Micromesistius poutassou,2.5,2.5,2.5,1,2.0,3.0,2.5,3,2.0,2.5,2.25,2,2.0,2.0,2.0,1,2.0,2.0,2.0,1,,,,,,,,,,,,,,,,,,,,,,,,,,,,
126444,Trisopterus esmarkii,2.0,3.0,2.5,2,1.8,3.2,2.088888889,9,,,,,2.0,2.0,2.0,1,2.0,2.0,2.0,1,,,,,,,,,,,,,,,,,,,,,,,,,,,,
126473,Nezumia aequalis,2.0,2.0,2.0,1,1.4,2.0,1.7,2,,,,,2.0,2.0,2.0,1,,,,,,,,,,,,,,,,,,,,,,,,,,,,,,,,
126482,Trachyrincus scabrus,1.2,1.2,1.2,1,1.4,3.0,2.085714286,7,2.0,3.0,2.5,3,2.0,2.0,2.0,1,,,,,4.0,4.0,4.0,1,,,,,,,,,,,,,,,,,,,,,,,,
126484,Merluccius merluccius,1.0,1.0,1.0,1,2.0,3.0,2.533333333,3,,,,,2.0,2.0,2.0,1,2.0,2.0,2.0,1,,,,,,,,,,,,,,,,,,,,,,,,,,,,
126486,Antimora rostrata,1.7,2.5,2.066666667,3,1.4,1.4,1.4,1,2.5,2.5,2.5,1,2.0,2.0,2.0,1,,,,,,,,,,,,,,,,,,,,,,,,,,,,,,,,
126497,Mora moro,1.0,2.5,1.833333333,3,1.4,4.5,2.48,5,2.5,2.5,2.5,1,2.0,2.0,2.0,1,,,,,,,,,,,,,,,,,,,,,,,,,,,,,,,,
126522,Lampris guttatus,2.5,3.2,2.9,3,1.5,3.0,2.371428571,7,3.0,3.0,3.0,1,2.0,2.0,2.0,1,2.0,3.0,2.5,2,1.0,1.0,1.0,1,,,,,,,,,,,,,,,,,,,,,,,,
126524,Radiicephalus elongatus,3.0,3.0,3.0,1,2.2,3.2,2.8,3,3.0,3.0,3.0,1,2.0,2.0,2.0,1,,,,,,,,,,,,,,,,,,,,,,,,,,,,,,,,
126525,Regalecus glesne,3.0,3.2,3.066666667,3,1.8,3.2,2.428571429,7,3.0,3.0,3.0,2,2.0,2.0,2.0,1,1.6,3.0,2.3,4,1.0,2.0,1.5,2,,,,,,,,,,,,,,,,,,,,,,,,
126526,Stylephorus chordatus,2.5,3.0,2.8,5,1.4,1.8,1.6,2,3.0,3.0,3.0,1,2.0,2.0,2.0,1,2.6,3.0,2.8,2,,,,,,,,,,,,,,,,,,,,,,,,,,,,
126527,Trachipterus arcticus,2.5,3.2,2.9,3,2.0,3.2,2.6,3,3.0,3.0,3.0,1,2.0,2.0,2.0,1,,,,,1.0,3.0,2.0,2,,,,,,,,,,,,,,,,,,,,,,,,
126528,Trachipterus trachypterus,2.5,3.2,2.9,3,1.8,3.2,2.65,4,2.5,3.0,2.75,2,2.0,2.0,2.0,1,2.6,3.0,2.8,2,,,,,,,,,,,,,,,,,,,,,,,,,,,,
126537,Ceratias holboelli,2.5,2.5,2.5,1,,,,,,,,,2.0,2.0,2.0,1,1.3,3.0,1.9,4,,,,,,,,,,,,,,,,,,,,,,,,,,,,
126538,Cryptopsaras couesii,2.5,2.5,2.5,1,,,,,,,,,2.0,2.0,2.0,1,2.6,3.0,2.8,2,,,,,,,,,,,,,,,,,,,,,,,,,,,,
126566,Leptacanthichthys gracilispinis,2.5,2.5,2.5,1,,,,,3.0,3.0,3.0,1,2.0,2.0,2.0,1,,,,,,,,,,,,,,,,,,,,,,,,,,,,,,,,
126581,Benthosema suborbitale,2.5,3.2,2.9,3,1.8,1.8,1.8,1,3.0,3.0,3.0,1,2.0,2.0,2.0,1,2.0,3.0,2.5,2,,,,,,,,,,,,,,,,,,,,,,,,,,,,
126582,Bolinichthys indicus,2.5,3.0,2.75,2,,,,,3.0,3.0,3.0,1,2.0,2.0,2.0,1,2.6,2.6,2.6,1,,,,,,,,,,,,,,,,,,,,,,,,,,,,
126583,Bolinichthys supralateralis,2.5,3.0,2.75,2,,,,,3.0,3.0,3.0,1,2.0,2.0,2.0,1,3.0,3.0,3.0,1,,,,,,,,,,,,,,,,,,,,,,,,,,,,
126584,Centrobranchus nigroocellatus,2.5,3.2,2.9,3,,,,,3.0,3.0,3.0,1,2.0,2.0,2.0,1,,,,,,,,,,,,,,,,,,,,,,,,,,,,,,,,
126585,Ceratoscopelus maderensis,2.5,3.2,2.85,2,1.8,1.8,1.8,1,3.0,3.0,3.0,1,2.0,2.0,2.0,1,2.0,2.0,2.0,1,,,,,,,,,,,,,,,,,,,,,,,,,,,,
126589,Diaphus brachycephalus,2.5,3.0,2.75,2,,,,,3.0,3.0,3.0,1,2.0,2.0,2.0,1,2.6,3.0,2.8,2,,,,,,,,,,,,,,,,,,,,,,,,,,,,
126590,Diaphus dumerilii,3.0,3.2,3.1,2,,,,,3.0,3.0,3.0,1,2.0,2.0,2.0,1,2.6,3.0,2.8,2,,,,,,,,,,,,,,,,,,,,,,,,,,,,
126594,Diaphus metopoclampus,2.0,3.0,2.5,3,,,,,3.0,3.0,3.0,1,2.0,2.0,2.0,1,,,,,,,,,,,,,,,,,,,,,,,,,,,,,,,,
126599,Diogenichthys atlanticus,2.5,3.2,2.9,3,,,,,3.0,3.0,3.0,1,2.0,2.0,2.0,1,,,,,,,,,,,,,,,,,,,,,,,,,,,,,,,,
126603,Hygophum hygomii,2.5,3.0,2.75,2,,,,,3.0,3.0,3.0,1,2.0,2.0,2.0,1,2.6,2.6,2.6,1,,,,,,,,,,,,,,,,,,,,,,,,,,,,
126607,Lampadena chavesi,2.5,3.2,2.9,3,,,,,3.0,3.0,3.0,1,2.0,2.0,2.0,1,,,,,,,,,,,,,,,,,,,,,,,,,,,,,,,,
126612,Lampanyctus crocodilus,2.0,3.2,2.675,4,1.8,1.8,1.8,1,3.0,3.0,3.0,1,2.0,2.0,2.0,1,,,,,,,,,,,,,,,,,,,,,,,,,,,,,,,,
126614,Lampanyctus festivus,2.5,3.0,2.75,2,,,,,3.0,3.0,3.0,1,2.0,2.0,2.0,1,2.6,2.6,2.6,1,,,,,,,,,,,,,,,,,,,,,,,,,,,,
126616,Lampanyctus lineatus,2.5,3.0,2.875,4,,,,,3.0,3.0,3.0,2,2.0,2.0,2.0,1,2.6,3.0,2.8,2,,,,,,,,,,,,,,,,,,,,,,,,,,,,
126625,Loweina rara,2.5,3.2,2.9,3,,,,,3.0,3.0,3.0,1,2.0,2.0,2.0,1,,,,,,,,,,,,,,,,,,,,,,,,,,,,,,,,
126626,Myctophum nitidulum,2.5,3.2,2.9,3,,,,,3.0,3.0,3.0,1,2.0,2.0,2.0,1,2.6,3.0,2.8,2,,,,,,,,,,,,,,,,,,,,,,,,,,,,
126627,Myctophum punctatum,2.5,3.2,2.9,3,1.8,2.2,1.933333333,3,3.0,3.0,3.0,1,2.0,2.0,2.0,1,,,,,,,,,,,,,,,,,,,,,,,,,,,,,,,,
126628,Myctophum selenops,2.5,3.2,2.9,3,,,,,3.0,3.0,3.0,1,2.0,2.0,2.0,1,,,,,,,,,,,,,,,,,,,,,,,,,,,,,,,,
126629,Notolychnus valdiviae,2.5,3.2,2.9,3,1.8,2.2,2.0,3,3.0,3.0,3.0,1,2.0,2.0,2.0,1,2.0,2.6,2.3,2,,,,,,,,,,,,,,,,,,,,,,,,,,,,
126632,Taaningichthys minimus,2.5,3.2,2.9,3,,,,,3.0,3.0,3.0,1,2.0,2.0,2.0,1,,,,,,,,,,,,,,,,,,,,,,,,,,,,,,,,
126715,Argentina silus,2.5,2.5,2.5,1,1.8,3.0,2.266666667,3,,,,,2.0,2.0,2.0,1,1.0,1.0,1.0,1,4.0,4.0,4.0,1,,,,,,,,,,,,,,,,,,,,,,,,
126733,Opisthoproctus soleatus,2.5,3.0,2.75,2,,,,,3.0,3.0,3.0,1,2.0,2.0,2.0,1,2.0,3.0,2.5,2,,,,,,,,,,,,,,,,,,,,,,,,,,,,
126734,Rhynchohyalus natalensis,3.0,3.0,3.0,1,,,,,3.0,3.0,3.0,1,2.0,2.0,2.0,1,2.0,3.0,2.5,2,,,,,,,,,,,,,,,,,,,,,,,,,,,,
126735,Mallotus villosus,3.0,3.0,3.0,1,1.4,3.0,2.1,4,1.3,3.0,2.15,2,0.0,2.0,1.0,3,1.0,1.0,1.0,2,4.0,4.0,4.0,1,,,,,,,,,,,,,,,,,,,,,,,,
126757,Anarhichas denticulatus,1.7,3.0,2.233333333,3,1.4,3.0,1.9,5,2.0,2.0,2.0,1,2.0,2.0,2.0,1,1.0,1.0,1.0,1,,,,,,,,,,,,,,,,,,,,,,,,,,,,
126783,Brama brama,2.0,3.2,2.8,4,1.8,3.2,2.4,6,2.0,3.0,2.5,3,2.0,2.0,2.0,1,2.4,3.0,2.666666667,3,3.0,3.0,3.0,1,,,,,,,,,,,,,,,,,,,,,,,,
126785,Pterycombus brama,3.0,3.0,3.0,1,,,,,2.0,3.0,2.333333333,3,2.0,2.0,2.0,1,2.6,2.6,2.6,1,,,,,,,,,,,,,,,,,,,,,,,,,,,,
126786,Taractes asper,3.0,3.2,3.1,2,,,,,2.0,3.0,2.5,4,2.0,2.0,2.0,1,2.0,3.0,2.466666667,3,,,,,,,,,,,,,,,,,,,,,,,,,,,,
126787,Taractes rubescens,2.0,3.2,2.733333333,3,1.4,3.2,2.4,3,1.3,3.0,2.266666667,3,2.0,2.0,2.0,1,2.0,3.0,2.533333333,3,1.0,1.0,1.0,1,,,,,,,,,,,,,,,,,,,,,,,,
126788,Taractichthys longipinnis,3.0,3.2,3.066666667,3,1.4,2.6,2.066666667,3,2.0,3.0,2.5,2,2.0,2.0,2.0,1,2.6,2.6,2.6,1,1.0,3.0,2.0,2,,,,,,,,,,,,,,,,,,,,,,,,
126802,Caranx crysos,3.0,3.0,3.0,1,1.4,3.0,2.2,3,1.0,3.0,2.0,5,1.0,2.0,1.5,2,2.6,3.0,2.8,2,4.0,4.0,4.0,1,2.0,2.0,2.0,2,,,,,,,,,,,,,,,,,,,,
126803,Caranx hippos,,,,,1.4,3.0,2.2,3,0.0,2.0,1.416666667,6,1.0,2.0,1.5,2,2.6,2.6,2.6,1,1.0,4.0,2.5,2,,,,,,,,,,,,,,,,,,,,,,,,
126805,Caranx lugubris,2.0,2.0,2.0,1,3.0,3.0,3.0,1,1.5,3.0,2.25,4,2.0,2.0,2.0,1,2.6,2.6,2.6,1,4.0,4.0,4.0,1,,,,,,,,,,,,,,,,,,,,,,,,
126807,Decapterus macarellus,3.0,3.2,3.066666667,3,1.8,1.8,1.8,1,2.0,3.0,2.5,4,2.0,2.0,2.0,1,2.6,2.6,2.6,1,4.0,4.0,4.0,1,,,,,,,,,,,,,,,,,,,,,,,,
126809,Elagatis bipinnulata,3.0,3.0,3.0,1,1.4,3.2,2.133333333,3,1.5,3.0,2.0,4,2.0,2.0,2.0,1,2.6,2.6,2.6,1,5.0,5.0,5.0,1,2.2,2.2,2.2,2,,,,,,,,,,,,,,,,,,,,
126811,Naucrates ductor,3.0,3.0,3.0,1,1.0,3.2,1.52,5,1.5,3.0,2.166666667,3,2.0,2.0,2.0,1,2.6,2.6,2.6,1,,,,,1.8,4.5,2.66,10,,,,,,,,,,,,,,,,,,,,
126814,Selene dorsalis,1.0,3.0,2.0,2,2.0,3.2,2.6,2,1.0,3.0,1.825,4,1.0,2.0,1.5,2,2.6,2.6,2.6,1,4.0,4.0,4.0,1,,,,,,,,,,,,,,,,,,,,,,,,
126816,Seriola dumerili,1.7,3.0,2.35,2,1.4,3.0,2.2,2,1.3,3.0,1.966666667,6,2.0,2.0,2.0,1,2.6,2.6,2.6,1,1.0,3.0,2.333333333,3,2.0,4.0,2.733333333,3,,,,,,,,,,,,,,,,,,,,
126818,Seriola rivoliana,1.7,3.0,2.233333333,3,1.4,3.0,2.2,2,1.5,2.5,1.875,4,2.0,2.0,2.0,1,2.0,2.6,2.3,2,3.0,3.0,3.0,1,2.2,2.2,2.2,1,,,,,,,,,,,,,,,,,,,,
126820,Trachurus mediterraneus,2.0,3.2,2.6,2,1.4,3.2,2.7,4,2.0,3.0,2.5,2,1.0,2.0,1.5,2,2.6,2.6,2.6,1,4.0,4.0,4.0,1,,,,,,,,,,,,,,,,,,,,,,,,
126821,Trachurus picturatus,1.0,3.0,2.0,3,1.8,2.0,1.9,2,2.0,3.0,2.4,5,2.0,2.0,2.0,1,2.6,2.6,2.6,1,4.0,4.0,4.0,1,2.2,2.2,2.2,1,,,,,,,,,,,,,,,,,,,,
126822,Trachurus trachurus,3.0,3.0,3.0,1,2.0,3.0,2.525,4,2.0,3.0,2.5,2,2.0,2.0,2.0,1,2.6,2.6,2.6,1,5.0,5.0,5.0,1,1.8,1.8,1.8,1,,,,,,,,,,,,,,,,,,,,
126823,Trachurus trecae,2.0,2.0,2.0,1,2.0,2.0,2.0,1,2.0,3.0,2.5,2,1.0,2.0,1.5,2,3.0,3.0,3.0,1,,,,,,,,,,,,,,,,,,,,,,,,,,,,
126828,Spicara maena,1.0,3.0,2.0,2,1.8,1.8,1.8,1,1.3,2.0,1.65,2,2.0,2.0,2.0,1,2.6,2.6,2.6,1,,,,,,,,,,,,,,,,,,,,,,,,,,,,
126830,Spicara smaris,1.0,3.0,2.0,2,1.5,2.0,1.75,2,1.3,2.0,1.65,2,2.0,2.0,2.0,1,2.6,2.6,2.6,1,4.0,4.0,4.0,1,,,,,,,,,,,,,,,,,,,,,,,,
126831,Centrolophus niger,1.7,3.2,2.68,5,1.6,3.2,2.25,8,2.0,3.0,2.5,5,2.0,2.0,2.0,1,2.0,2.4,2.2,2,5.0,5.0,5.0,1,1.0,2.2,1.666666667,3,,,,,,,,,,,,,,,,,,,,
126843,Pseudoscopelus altipinnis,2.5,3.0,2.833333333,3,,,,,3.0,3.0,3.0,1,2.0,2.0,2.0,1,3.0,3.0,3.0,1,,,,,,,,,,,,,,,,,,,,,,,,,,,,
126845,Coryphaena equiselis,3.0,3.0,3.0,1,2.6,3.2,2.9,2,2.0,3.0,2.5,2,2.0,2.0,2.0,1,2.6,3.0,2.8,2,4.0,4.0,4.0,1,2.2,2.2,2.2,1,,,,,,,,,,,,,,,,,,,,
126846,Coryphaena hippurus,3.0,3.0,3.0,1,1.8,3.2,2.32,5,2.0,3.0,2.666666667,3,1.0,2.0,1.5,2,2.0,3.0,2.533333333,3,4.0,4.0,4.0,1,2.2,2.2,2.2,1,,,,,,,,,,,,,,,,,,,,
126848,Echeneis naucrates,3.0,3.0,3.0,1,1.0,3.2,1.8,4,1.3,3.0,2.06,5,1.0,2.0,1.5,2,2.0,3.0,2.533333333,3,,,,,2.5,4.5,3.4,8,,,,,,,,,,,,,,,,,,,,
126849,Phtheirichthys lineatus,3.0,3.0,3.0,1,,,,,2.0,3.0,2.5,2,2.0,2.0,2.0,1,2.6,3.0,2.8,2,,,,,3.0,3.0,3.0,1,,,,,,,,,,,,,,,,,,,,
126851,Remora brachyptera,3.0,3.2,3.1,2,,,,,2.0,3.0,2.5,2,2.0,2.0,2.0,1,2.4,3.0,2.666666667,3,,,,,3.0,3.2,3.05,4,,,,,,,,,,,,,,,,,,,,
126852,Remora osteochir,3.0,3.0,3.0,1,1.0,1.0,1.0,1,2.0,3.0,2.5,2,2.0,2.0,2.0,1,2.0,3.0,2.5,4,,,,,2.0,3.0,2.666666667,3,,,,,,,,,,,,,,,,,,,,
126853,Remora remora,,,,,1.0,1.0,1.0,1,1.5,3.0,2.166666667,3,2.0,2.0,2.0,1,2.4,3.0,2.666666667,3,,,,,2.5,4.5,3.3,4,,,,,,,,,,,,,,,,,,,,
126862,Gempylus serpens,3.0,3.2,3.1,4,2.0,3.2,2.885714286,7,2.0,3.0,2.5,2,2.0,2.0,2.0,1,2.0,3.0,2.533333333,3,1.0,1.0,1.0,1,,,,,,,,,,,,,,,,,,,,,,,,
126863,Lepidocybium flavobrunneum,2.0,3.0,2.5,2,2.0,3.0,2.6,6,2.0,3.0,2.5,4,2.0,2.0,2.0,1,2.0,3.0,2.5,2,,,,,,,,,,,,,,,,,,,,,,,,,,,,
126864,Nealotus tripes,2.5,3.2,2.9,3,2.0,3.2,2.7,4,2.0,3.0,2.5,2,2.0,2.0,2.0,1,2.0,3.0,2.5,2,,,,,,,,,,,,,,,,,,,,,,,,,,,,
126865,Nesiarchus nasutus,2.0,3.0,2.5,2,2.0,3.0,2.533333333,3,2.0,3.0,2.625,4,2.0,2.0,2.0,1,2.0,3.0,2.533333333,3,,,,,,,,,,,,,,,,,,,,,,,,,,,,
126866,Promethichthys prometheus,2.0,3.0,2.5,2,2.0,3.0,2.5,3,2.0,3.0,2.5,5,2.0,2.0,2.0,1,2.0,3.0,2.533333333,3,,,,,,,,,,,,,,,,,,,,,,,,,,,,
126867,Ruvettus pretiosus,2.0,2.0,2.0,1,2.0,3.0,2.533333333,3,2.0,3.0,2.583333333,6,2.0,2.0,2.0,1,2.0,3.0,2.5,4,1.0,2.0,1.5,2,,,,,,,,,,,,,,,,,,,,,,,,
126949,Istiophorus albicans,3.0,3.2,3.1,2,1.4,3.0,2.2,2,2.0,3.0,2.5,2,2.0,2.0,2.0,1,2.0,3.0,2.5,4,4.0,4.0,4.0,1,,,,,,,,,,,,,,,,,,,,,,,,
126950,Makaira nigricans,3.0,3.2,3.1,2,1.4,3.0,2.416666667,6,2.0,3.0,2.5,2,2.0,2.0,2.0,1,2.0,3.0,2.533333333,3,1.0,1.0,1.0,1,,,,,,,,,,,,,,,,,,,,,,,,
126952,Tetrapturus belone,3.0,3.2,3.066666667,3,2.0,3.2,2.92,5,2.0,3.0,2.5,2,2.0,2.0,2.0,1,2.6,2.6,2.6,1,2.0,2.0,2.0,1,,,,,,,,,,,,,,,,,,,,,,,,
126953,Tetrapturus georgii,3.0,3.0,3.0,1,,,,,2.0,3.0,2.5,2,2.0,2.0,2.0,1,2.6,3.0,2.8,2,,,,,,,,,,,,,,,,,,,,,,,,,,,,
126954,Tetrapturus pfluegeri,3.0,3.2,3.1,2,2.6,3.2,2.9,2,2.5,3.0,2.75,2,2.0,2.0,2.0,1,2.6,2.6,2.6,1,,,,,,,,,,,,,,,,,,,,,,,,,,,,
126973,Lobotes surinamensis,2.0,2.0,2.0,1,1.4,3.2,2.3,2,1.0,2.5,1.7,4,1.0,2.0,1.5,2,2.6,3.0,2.8,2,,,,,2.0,2.2,2.1,2,,,,,,,,,,,,,,,,,,,,
126974,Luvarus imperialis,3.0,3.2,3.066666667,3,1.6,1.6,1.6,4,2.0,3.0,2.5,2,2.0,2.0,2.0,1,2.0,3.0,2.533333333,3,1.0,1.0,1.0,1,,,,,,,,,,,,,,,,,,,,,,,,
126976,Dicentrarchus punctatus,2.0,2.0,2.0,1,1.5,2.2,1.85,2,0.0,2.0,1.0,2,1.0,2.0,1.5,2,2.6,2.6,2.6,1,,,,,,,,,,,,,,,,,,,,,,,,,,,,
126989,Upeneus moluccensis,,,,,,,,,1.5,2.2,1.925,4,1.0,2.0,1.5,2,2.6,2.6,2.6,1,4.0,4.0,4.0,1,,,,,,,,,,,,,,,,,,,,,,,,
126991,Nomeus gronovii,1.0,3.0,2.0,2,1.6,1.8,1.7,2,2.0,3.0,2.5,2,2.0,2.0,2.0,1,2.4,3.0,2.666666667,3,,,,,1.8,2.0,1.866666667,3,,,,,,,,,,,,,,,,,,,,
126992,Psenes maculatus,3.0,3.2,3.1,2,,,,,3.0,3.0,3.0,1,1.0,2.0,1.5,2,2.6,2.6,2.6,1,,,,,1.8,1.8,1.8,1,,,,,,,,,,,,,,,,,,,,
126998,Polyprion americanus,1.0,1.0,1.0,1,2.0,3.2,2.666666667,6,2.0,3.0,2.5,2,2.0,2.0,2.0,1,,,,,1.0,1.0,1.0,1,2.2,2.2,2.2,1,,,,,,,,,,,,,,,,,,,,
127006,Rachycentron canadum,3.0,3.0,3.0,1,2.0,3.6,2.533333333,6,1.0,3.0,1.7625,8,1.0,2.0,1.5,2,2.6,3.0,2.8,2,3.0,3.0,3.0,1,2.2,2.2,2.2,1,,,,,,,,,,,,,,,,,,,,
127014,Acanthocybium solandri,3.0,3.2,3.1,2,2.6,3.2,2.96,5,2.0,3.0,2.5,2,2.0,2.0,2.0,1,2.6,3.0,2.8,2,1.0,4.0,2.666666667,3,,,,,,,,,,,,,,,,,,,,,,,,
127015,Auxis rochei,3.0,3.0,3.0,1,1.8,3.2,2.218181818,11,2.0,3.0,2.5,2,1.0,2.0,1.5,2,2.0,3.0,2.5,2,4.0,4.0,4.0,1,,,,,,,,,,,,,,,,,,,,,,,,
127016,Auxis thazard,3.0,3.2,3.1,2,1.8,3.2,2.35,4,2.0,3.0,2.5,2,2.0,2.0,2.0,1,2.6,2.6,2.6,1,,,,,,,,,,,,,,,,,,,,,,,,,,,,
127017,Euthynnus alletteratus,3.0,3.0,3.0,1,1.4,3.0,2.0,8,1.3,3.0,1.95,4,1.0,2.0,1.5,2,2.6,3.0,2.8,2,4.0,4.0,4.0,2,,,,,,,,,,,,,,,,,,,,,,,,
127018,Katsuwonus pelamis,3.0,3.0,3.0,1,1.5,3.0,2.22,5,2.0,3.0,2.5,3,2.0,2.0,2.0,1,2.0,3.0,2.466666667,3,4.0,4.0,4.0,1,2.2,5.0,3.48,5,,,,,,,,,,,,,,,,,,,,
127019,Orcynopsis unicolor,3.0,3.2,3.1,2,3.0,3.2,3.166666667,6,2.0,3.0,2.5,2,1.0,2.0,1.5,2,2.0,2.6,2.3,2,3.0,3.0,3.0,1,5.0,5.0,5.0,1,,,,,,,,,,,,,,,,,,,,
127020,Rastrelliger kanagurta,3.0,3.0,3.0,1,1.2,2.2,1.76,5,1.3,2.0,1.65,2,2.0,2.0,2.0,1,3.0,3.0,3.0,1,5.0,5.0,5.0,1,,,,,,,,,,,,,,,,,,,,,,,,
127021,Sarda sarda,3.0,3.2,3.1,2,1.4,3.2,2.714285714,7,1.0,3.0,2.0,3,1.0,2.0,1.5,2,2.6,2.6,2.6,1,4.0,4.0,4.0,1,,,,,,,,,,,,,,,,,,,,,,,,
127023,Scomber scombrus,3.0,3.2,3.1,2,1.8,3.2,2.5,2,2.0,3.0,2.333333333,3,1.0,2.0,1.5,2,2.0,2.0,2.0,1,5.0,5.0,5.0,1,,,,,,,,,,,,,,,,,,,,,,,,
127024,Scomberomorus commerson,3.0,3.0,3.0,1,2.0,3.2,2.533333333,6,1.5,3.0,2.0,5,1.0,2.0,1.5,2,3.0,3.0,3.0,1,1.0,3.0,2.0,2,,,,,,,,,,,,,,,,,,,,,,,,
127025,Scomberomorus tritor,3.0,3.0,3.0,1,2.0,2.0,2.0,1,1.0,3.0,2.0,3,1.0,2.0,1.5,2,2.4,3.0,2.7,2,4.0,4.0,4.0,1,,,,,,,,,,,,,,,,,,,,,,,,
127026,Thunnus alalunga,3.0,3.2,3.066666667,3,2.0,3.0,2.533333333,3,2.0,3.0,2.5,2,2.0,2.0,2.0,1,2.0,3.0,2.533333333,3,,,,,2.0,3.0,2.64,5,,,,,,,,,,,,,,,,,,,,
127027,Thunnus albacares,3.0,3.2,3.066666667,3,2.0,3.0,2.533333333,6,2.0,3.0,2.666666667,3,1.0,2.0,1.5,2,2.6,3.0,2.8,2,4.0,4.0,4.0,1,2.2,4.0,3.066666667,3,,,,,,,,,,,,,,,,,,,,
127028,Thunnus obesus,3.0,3.0,3.0,1,2.0,3.2,2.475,8,2.0,3.0,2.5,2,2.0,2.0,2.0,1,2.6,2.6,2.6,1,4.0,4.0,4.0,1,2.2,3.0,2.6,2,,,,,,,,,,,,,,,,,,,,
127029,Thunnus thynnus,3.0,3.0,3.0,1,1.8,3.2,2.7875,16,2.0,3.0,2.5,2,1.0,2.0,1.5,2,2.6,2.6,2.6,1,4.0,4.0,4.0,1,3.0,3.0,3.0,4,,,,,,,,,,,,,,,,,,,,
127068,Sphyraena sphyraena,3.2,3.2,3.2,1,2.0,3.0,2.625,4,2.0,2.0,2.0,2,2.0,2.0,2.0,1,2.6,2.6,2.6,1,4.0,4.0,4.0,1,2.8,2.8,2.8,1,,,,,,,,,,,,,,,,,,,,
127076,Stromateus fiatola,2.0,2.0,2.0,1,1.6,3.2,2.2,3,1.3,3.0,2.075,4,2.0,2.0,2.0,1,2.6,2.6,2.6,1,4.0,5.0,4.5,2,1.8,2.0,1.866666667,3,,,,,,,,,,,,,,,,,,,,
127087,Benthodesmus simonyi,2.0,3.0,2.5,2,,,,,2.5,3.0,2.9,5,2.0,2.0,2.0,1,,,,,,,,,,,,,,,,,,,,,,,,,,,,,,,,
127088,Lepidopus caudatus,2.0,3.0,2.5,2,2.0,3.2,2.6,3,1.3,3.0,2.25,6,2.0,2.0,2.0,1,,,,,4.0,4.0,4.0,1,,,,,,,,,,,,,,,,,,,,,,,,
127089,Trichiurus lepturus,2.0,3.2,2.6,2,1.8,3.2,2.466666667,6,1.0,2.0,1.666666667,3,1.0,2.0,1.5,2,2.0,2.6,2.333333333,3,4.0,4.0,4.0,1,,,,,,,,,,,,,,,,,,,,,,,,
127094,Xiphias gladius,3.0,3.2,3.1,2,2.0,3.2,2.888888889,9,2.0,3.0,2.5,2,2.0,2.0,2.0,1,1.6,3.0,2.2,3,,,,,,,,,,,,,,,,,,,,,,,,,,,,
127254,Sebastes mentella,1.0,3.0,2.24,5,1.8,3.2,2.3,5,3.0,3.0,3.0,1,2.0,2.0,2.0,1,,,,,4.0,4.0,4.0,1,,,,,,,,,,,,,,,,,,,,,,,,
127268,Melamphaes microps,2.5,2.5,2.5,1,,,,,3.0,3.0,3.0,1,2.0,2.0,2.0,1,1.0,1.0,1.0,2,,,,,,,,,,,,,,,,,,,,,,,,,,,,
127282,Cyclothone acclinidens,2.5,3.0,2.75,2,1.8,1.8,1.8,1,3.0,3.0,3.0,1,2.0,2.0,2.0,1,2.6,3.0,2.8,2,,,,,,,,,,,,,,,,,,,,,,,,,,,,
127286,Cyclothone microdon,2.5,3.0,2.75,2,1.8,1.8,1.8,1,3.0,3.0,3.0,1,2.0,2.0,2.0,1,1.3,3.0,2.225,4,,,,,,,,,,,,,,,,,,,,,,,,,,,,
127288,Cyclothone pallida,2.5,3.0,2.75,2,,,,,3.0,3.0,3.0,1,2.0,2.0,2.0,1,2.0,3.0,2.5,2,,,,,,,,,,,,,,,,,,,,,,,,,,,,
127292,Diplophos taenia,2.5,3.0,2.75,2,,,,,,,,,2.0,2.0,2.0,1,2.6,3.0,2.8,2,,,,,,,,,,,,,,,,,,,,,,,,,,,,
127293,Gonostoma atlanticum,2.5,3.0,2.75,2,2.2,2.2,2.2,1,,,,,2.0,2.0,2.0,1,2.6,3.0,2.8,2,,,,,,,,,,,,,,,,,,,,,,,,,,,,
127297,Margrethia obtusirostra,2.5,3.0,2.75,2,1.8,3.0,2.25,4,2.2,3.0,2.566666667,3,2.0,2.0,2.0,1,2.6,3.0,2.8,2,,,,,,,,,,,,,,,,,,,,,,,,,,,,
127299,Pollichthys mauli,2.5,3.0,2.75,2,1.4,1.4,1.4,1,3.0,3.0,3.0,1,2.0,2.0,2.0,1,,,,,,,,,,,,,,,,,,,,,,,,,,,,,,,,
127300,Polymetme corythaeola,1.2,3.0,2.066666667,3,,,,,2.2,2.8,2.5,3,2.0,2.0,2.0,1,,,,,,,,,,,,,,,,,,,,,,,,,,,,,,,,
127303,Vinciguerria nimbaria,2.5,3.2,2.975,4,1.8,1.8,1.8,1,3.0,3.0,3.0,1,2.0,2.0,2.0,1,2.0,3.0,2.5,2,,,,,,,,,,,,,,,,,,,,,,,,,,,,
127304,Vinciguerria poweriae,2.5,3.2,2.975,4,1.4,1.4,1.4,1,3.0,3.0,3.0,1,2.0,2.0,2.0,1,2.0,3.0,2.533333333,3,,,,,,,,,,,,,,,,,,,,,,,,,,,,
127307,Argyropelecus affinis,2.5,3.0,2.75,2,1.6,2.0,1.8,3,3.0,3.0,3.0,1,2.0,2.0,2.0,1,,,,,,,,,,,,,,,,,,,,,,,,,,,,,,,,
127309,Argyropelecus hemigymnus,2.5,3.0,2.75,2,1.8,3.0,2.4,2,3.0,3.0,3.0,1,2.0,2.0,2.0,1,2.6,3.0,2.8,2,1.0,3.0,2.0,2,,,,,,,,,,,,,,,,,,,,,,,,
127312,Maurolicus muelleri,2.5,3.0,2.75,2,1.8,2.2,2.0,2,2.0,3.0,2.575,4,2.0,2.0,2.0,1,1.3,3.0,2.05,4,,,,,,,,,,,,,,,,,,,,,,,,,,,,
127314,Sternoptyx diaphana,2.5,3.0,2.75,2,1.8,3.0,2.12,5,2.5,3.0,2.75,2,2.0,2.0,2.0,1,3.0,3.0,3.0,1,,,,,,,,,,,,,,,,,,,,,,,,,,,,
127316,Valenciennellus tripunctulatus,2.5,3.0,2.75,2,1.8,1.8,1.8,1,2.5,3.0,2.75,2,2.0,2.0,2.0,1,2.0,3.0,2.5,2,,,,,,,,,,,,,,,,,,,,,,,,,,,,
127322,Astronesthes gemmifer,2.5,3.2,2.9,3,2.0,3.0,2.5,2,3.0,3.0,3.0,1,2.0,2.0,2.0,1,,,,,,,,,,,,,,,,,,,,,,,,,,,,,,,,
127324,Astronesthes leucopogon,2.5,2.5,2.5,1,2.0,3.0,2.5,2,3.0,3.0,3.0,1,2.0,2.0,2.0,1,,,,,,,,,,,,,,,,,,,,,,,,,,,,,,,,
127326,Astronesthes micropogon,2.5,2.5,2.5,1,2.0,3.0,2.5,2,3.0,3.0,3.0,1,2.0,2.0,2.0,1,,,,,,,,,,,,,,,,,,,,,,,,,,,,,,,,
127328,Astronesthes niger,2.5,3.0,2.75,2,2.0,3.0,2.5,2,3.0,3.0,3.0,1,2.0,2.0,2.0,1,,,,,,,,,,,,,,,,,,,,,,,,,,,,,,,,
127335,Borostomias elucens,2.5,2.5,2.5,1,2.0,3.0,2.5,2,3.0,3.0,3.0,1,2.0,2.0,2.0,1,,,,,,,,,,,,,,,,,,,,,,,,,,,,,,,,
127338,Chauliodus sloani,2.5,2.5,2.5,1,2.0,3.0,2.5,2,3.0,3.0,3.0,1,2.0,2.0,2.0,1,2.0,2.0,2.0,1,,,,,,,,,,,,,,,,,,,,,,,,,,,,
127348,Eustomias schmidti,2.5,3.2,2.9,3,,,,,,,,,2.0,2.0,2.0,1,,,,,,,,,,,,,,,,,,,,,,,,,,,,,,,,
127354,Idiacanthus fasciola,2.5,3.0,2.75,2,3.0,3.0,3.0,1,3.0,3.0,3.0,1,2.0,2.0,2.0,1,,,,,,,,,,,,,,,,,,,,,,,,,,,,,,,,
127355,Leptostomias gladiator,2.5,3.0,2.75,2,2.0,3.0,2.5,2,3.0,3.0,3.0,1,2.0,2.0,2.0,1,,,,,,,,,,,,,,,,,,,,,,,,,,,,,,,,
127373,Rhadinesthes decimus,2.5,3.0,2.75,2,2.0,3.2,2.6,2,3.0,3.0,3.0,1,2.0,2.0,2.0,1,2.0,3.0,2.5,2,,,,,,,,,,,,,,,,,,,,,,,,,,,,
127374,Stomias boa,2.5,2.5,2.5,1,2.0,3.2,2.6,2,3.0,3.0,3.0,1,2.0,2.0,2.0,1,2.0,2.6,2.3,2,,,,,,,,,,,,,,,,,,,,,,,,,,,,
127378,Macroramphosus scolopax,1.0,3.0,2.0,3,1.4,1.8,1.6,2,2.0,3.0,2.6,3,2.0,2.0,2.0,1,2.0,2.6,2.3,2,4.0,4.0,4.0,1,,,,,,,,,,,,,,,,,,,,,,,,
127396,Balistes punctatus,1.0,1.0,1.0,1,1.4,2.0,1.7,2,2.0,2.0,2.0,1,2.0,2.0,2.0,1,3.0,3.0,3.0,1,,,,,,,,,,,,,,,,,,,,,,,,,,,,
127398,Canthidermis maculata,3.2,3.2,3.2,1,1.8,1.8,1.8,1,1.5,2.5,2.0,3,2.0,2.0,2.0,1,2.0,3.0,2.533333333,3,5.0,5.0,5.0,1,2.0,2.2,2.1,2,,,,,,,,,,,,,,,,,,,,
127399,Canthidermis sufflamen,3.2,3.2,3.2,1,1.4,1.8,1.6,2,1.5,2.0,1.733333333,3,2.0,2.0,2.0,1,3.0,3.0,3.0,1,1.0,3.0,2.0,2,2.0,2.2,2.066666667,3,,,,,,,,,,,,,,,,,,,,
127401,Diodon eydouxii,3.0,3.2,3.1,2,1.8,3.0,2.04,5,2.0,3.0,2.5,2,2.0,2.0,2.0,1,2.6,3.0,2.8,2,4.0,4.0,4.0,1,,,,,,,,,,,,,,,,,,,,,,,,
127403,Diodon hystrix,1.0,3.0,2.0,2,1.4,2.0,1.575,4,1.0,2.0,1.45,6,2.0,2.0,2.0,1,2.6,3.0,2.8,2,1.0,1.0,1.0,1,,,,,,,,,,,,,,,,,,,,,,,,
127404,Masturus lanceolatus,2.5,2.5,2.5,1,,,,,3.0,3.0,3.0,1,1.0,2.0,1.5,2,2.6,2.6,2.6,1,,,,,,,,,,,,,,,,,,,,,,,,,,,,
127405,Mola mola,3.0,3.2,3.1,2,1.4,3.0,1.883333333,6,3.0,3.0,3.0,1,2.0,2.0,2.0,1,2.0,3.0,2.533333333,3,,,,,1.0,1.0,1.0,1,,,,,,,,,,,,,,,,,,,,
127406,Ranzania laevis,3.0,3.2,3.1,2,1.8,1.8,1.8,1,3.0,3.0,3.0,1,2.0,2.0,2.0,1,2.6,3.0,2.8,2,1.0,5.0,3.0,2,,,,,,,,,,,,,,,,,,,,,,,,
127407,Aluterus monoceros,2.0,2.0,2.0,1,1.4,1.4,1.4,1,1.5,2.0,1.625,4,2.0,2.0,2.0,1,2.6,3.0,2.8,2,1.0,3.0,2.0,3,1.8,2.2,2.0,2,,,,,,,,,,,,,,,,,,,,
127414,Lagocephalus lagocephalus,2.0,3.0,2.5,2,2.0,2.6,2.3,2,1.0,3.0,2.0,3,2.0,2.0,2.0,1,2.0,3.0,2.533333333,3,,,,,,,,,,,,,,,,,,,,,,,,,,,,
127420,Grammicolepis brachiusculus,2.0,2.5,2.25,2,,,,,,,,,2.0,2.0,2.0,1,,,,,,,,,,,,,,,,,,,,,,,,,,,,,,,,
127426,Zenopsis conchifer,2.0,3.0,2.5,2,2.0,3.0,2.4,4,2.0,3.0,2.3,5,2.0,2.0,2.0,1,2.6,3.0,2.8,2,4.0,4.0,4.0,1,,,,,,,,,,,,,,,,,,,,,,,,
151174,Scomber colias,3.0,3.0,3.0,1,1.8,3.2,2.316666667,6,2.0,2.0,2.0,1,1.0,2.0,1.5,2,2.0,2.4,2.2,2,,,,,2.8,2.8,2.8,1,,,,,,,,,,,,,,,,,,,,
151324,Sebastes norvegicus,1.0,3.0,2.0,2,1.6,3.2,2.55,4,1.3,3.0,2.1,3,2.0,2.0,2.0,1,2.0,2.0,2.0,1,,,,,,,,,,,,,,,,,,,,,,,,,,,,
151482,Pomatomus saltatrix,3.0,3.0,3.0,1,2.0,3.2,2.666666667,6,1.0,3.0,2.2,5,1.0,2.0,1.5,2,2.6,2.6,2.6,1,3.0,4.0,3.5,2,3.0,3.2,3.066666667,3,,,,,,,,,,,,,,,,,,,,
154721,Balistes capriscus,,,,,1.4,2.0,1.633333333,3,1.0,2.0,1.46,5,2.0,2.0,2.0,1,2.6,3.0,2.8,2,1.0,3.0,2.0,2,2.0,2.0,2.0,1,,,,,,,,,,,,,,,,,,,,
158508,Carcharhinus acronotus,,,,,3.0,3.0,3.0,1,1.5,2.5,2.0,4,2.0,2.0,2.0,1,2.6,2.6,2.6,1,,,,,,,,,,,,,,,,,,,,,,,,,,,,
158510,Rhizoprionodon terraenovae,1.0,1.0,1.0,1,1.4,3.0,1.975,4,1.0,2.5,1.771428571,7,1.0,2.0,1.5,2,2.4,3.0,2.666666667,3,,,,,,,,,,,,,,,,,,,,,,,,,,,,
158523,Etmopterus gracilispinis,2.0,2.0,2.0,1,2.2,3.0,2.566666667,3,3.0,3.0,3.0,1,2.0,2.0,2.0,1,,,,,,,,,,,,,,,,,,,,,,,,,,,,,,,,
158530,Mobula hypostoma,3.0,3.0,3.0,1,1.8,3.0,2.4,2,2.0,3.0,2.5,2,2.0,2.0,2.0,1,3.0,3.0,3.0,2,1.0,4.0,2.666666667,3,,,,,,,,,,,,,,,,,,,,,,,,
158540,Pteroplatytrygon violacea,3.0,3.0,3.0,1,1.6,3.0,2.15,4,3.0,3.0,3.0,2,2.0,2.0,2.0,1,2.0,2.6,2.333333333,3,,,,,,,,,,,,,,,,,,,,,,,,,,,,
158668,Alosa mediocris,3.0,3.0,3.0,1,,,,,0.0,2.0,1.0,3,0.0,2.0,1.0,3,2.0,2.0,2.0,1,,,,,,,,,,,,,,,,,,,,,,,,,,,,
158669,Alosa pseudoharengus,3.0,3.0,3.0,1,2.2,3.0,2.6,2,1.0,2.0,1.5,2,0.0,2.0,1.0,3,2.0,2.0,2.0,1,4.0,4.0,4.0,1,,,,,,,,,,,,,,,,,,,,,,,,
158691,Brevoortia tyrannus,3.0,3.0,3.0,1,1.2,1.8,1.5,2,1.3,2.0,1.766666667,3,1.0,2.0,1.5,2,2.6,2.6,2.6,1,,,,,,,,,,,,,,,,,,,,,,,,,,,,
158695,Opisthonema oglinum,3.0,3.0,3.0,1,1.8,3.0,2.25,4,1.3,2.0,1.6,3,0.0,2.0,1.0,2,3.0,3.0,3.0,1,4.0,4.0,4.0,2,,,,,,,,,,,,,,,,,,,,,,,,
158736,Stomias affinis,2.5,2.5,2.5,1,2.0,3.2,2.8,3,3.0,3.0,3.0,1,2.0,2.0,2.0,1,2.4,3.0,2.666666667,3,,,,,,,,,,,,,,,,,,,,,,,,,,,,
158812,Istiophorus platypterus,3.0,3.2,3.1,2,1.4,3.2,2.541176471,17,2.0,3.0,2.333333333,3,2.0,2.0,2.0,1,2.0,3.0,2.533333333,3,4.0,4.0,4.0,1,,,,,,,,,,,,,,,,,,,,,,,,
158843,Astronesthes richardsoni,2.5,2.5,2.5,1,2.0,3.0,2.5,2,3.0,3.0,3.0,1,2.0,2.0,2.0,1,,,,,,,,,,,,,,,,,,,,,,,,,,,,,,,,
158873,Lestrolepis intermedia,2.0,3.2,2.566666667,3,,,,,3.0,3.0,3.0,1,2.0,2.0,2.0,1,2.6,3.0,2.8,2,,,,,,,,,,,,,,,,,,,,,,,,,,,,
158887,Diaphus fragilis,2.5,3.0,2.75,2,,,,,3.0,3.0,3.0,1,2.0,2.0,2.0,1,3.0,3.0,3.0,1,,,,,,,,,,,,,,,,,,,,,,,,,,,,
158890,Diaphus perspicillatus,2.5,3.2,2.9,3,,,,,3.0,3.0,3.0,1,2.0,2.0,2.0,1,,,,,,,,,,,,,,,,,,,,,,,,,,,,,,,,
158894,Diaphus taaningi,2.5,3.0,2.75,2,,,,,2.0,3.0,2.5,3,2.0,2.0,2.0,1,,,,,,,,,,,,,,,,,,,,,,,,,,,,,,,,
158898,Lampanyctus tenuiformis,2.5,3.0,2.75,2,,,,,3.0,3.0,3.0,1,2.0,2.0,2.0,1,3.0,3.0,3.0,1,,,,,,,,,,,,,,,,,,,,,,,,,,,,
158913,Notoscopelus bolini,3.0,3.2,3.1,2,,,,,3.0,3.0,3.0,1,2.0,2.0,2.0,1,2.0,2.6,2.3,2,,,,,,,,,,,,,,,,,,,,,,,,,,,,
158916,Notoscopelus resplendens,2.5,3.2,2.9,3,,,,,3.0,3.0,3.0,1,2.0,2.0,2.0,1,2.6,2.6,2.6,1,,,,,,,,,,,,,,,,,,,,,,,,,,,,
158917,Protomyctophum arcticum,2.5,3.0,2.75,2,2.0,2.0,2.0,1,3.0,3.0,3.0,1,2.0,2.0,2.0,1,1.0,1.3,1.15,2,,,,,,,,,,,,,,,,,,,,,,,,,,,,
158960,Coryphaenoides rupestris,2.0,2.5,2.25,2,1.4,3.0,2.133333333,3,,,,,2.0,2.0,2.0,1,,,,,4.0,4.0,4.0,1,,,,,,,,,,,,,,,,,,,,,,,,
159067,Brotula barbata,2.0,3.2,2.6,2,,,,,1.5,2.0,1.666666667,3,2.0,2.0,2.0,1,2.6,2.6,2.6,1,,,,,,,,,,,,,,,,,,,,,,,,,,,,
159184,Lophius americanus,1.0,1.0,1.0,1,,,,,2.0,2.0,2.0,1,2.0,2.0,2.0,1,2.0,2.0,2.0,1,,,,,,,,,,,,,,,,,,,,,,,,,,,,
159228,Menidia menidia,3.0,3.0,3.0,1,1.4,2.6,1.96,5,0.0,2.0,1.033333333,3,1.0,2.0,1.5,2,2.0,2.0,2.0,1,4.0,4.0,4.0,1,,,,,,,,,,,,,,,,,,,,,,,,
159246,Ablennes hians,3.2,3.2,3.2,1,3.2,3.2,3.2,1,1.0,3.0,2.142857143,7,1.0,2.0,1.5,2,2.0,3.0,2.533333333,3,4.0,4.0,4.0,1,,,,,,,,,,,,,,,,,,,,,,,,
159261,Cheilopogon furcatus,3.0,3.2,3.1,2,1.8,3.0,2.4,2,3.0,3.0,3.0,1,2.0,2.0,2.0,1,3.0,3.0,3.0,1,,,,,,,,,,,,,,,,,,,,,,,,,,,,
159276,Euleptorhamphus velox,3.0,3.0,3.0,1,,,,,2.0,3.0,2.5,2,2.0,2.0,2.0,1,3.0,3.0,3.0,1,,,,,2.0,2.0,2.0,1,,,,,,,,,,,,,,,,,,,,
159281,Hyporhamphus unifasciatus,,,,,1.2,1.4,1.3,2,1.0,1.5,1.325,4,1.0,2.0,1.5,2,2.6,2.6,2.6,1,,,,,,,,,,,,,,,,,,,,,,,,,,,,
159288,Abudefduf saxatilis,,,,,1.0,3.0,1.571428571,7,1.5,2.0,1.75,2,2.0,2.0,2.0,1,2.6,3.0,2.8,2,5.0,5.0,5.0,1,2.5,2.8,2.65,2,,,,,,,,,,,,,,,,,,,,
159330,Melamphaes pumilus,2.5,2.5,2.5,1,,,,,3.0,3.0,3.0,1,2.0,2.0,2.0,1,,,,,,,,,,,,,,,,,,,,,,,,,,,,,,,,
159335,Sciaenops ocellatus,1.0,1.0,1.0,1,1.5,3.0,2.188888889,9,1.0,2.0,1.3,6,1.0,2.0,1.5,2,2.6,2.6,2.6,1,5.0,5.0,5.0,1,,,,,,,,,,,,,,,,,,,,,,,,
159340,Scomberomorus cavalla,3.0,3.0,3.0,1,2.0,3.0,2.45,4,1.5,3.0,1.94,5,2.0,2.0,2.0,1,3.0,3.0,3.0,1,1.0,5.0,3.333333333,3,,,,,,,,,,,,,,,,,,,,,,,,
159342,Scomberomorus maculatus,3.0,3.0,3.0,1,2.2,3.2,2.86,5,2.0,2.0,2.0,1,2.0,2.0,2.0,1,2.6,2.6,2.6,1,,,,,,,,,,,,,,,,,,,,,,,,,,,,
159343,Thunnus atlanticus,3.0,3.2,3.1,2,1.8,3.0,2.244444444,9,2.0,3.0,2.5,3,2.0,2.0,2.0,1,3.0,3.0,3.0,1,4.0,4.0,4.0,1,3.0,3.0,3.0,1,,,,,,,,,,,,,,,,,,,,
159423,Cubiceps capensis,1.7,3.2,2.85,6,1.6,3.2,2.1,4,2.0,3.0,2.5,2,2.0,2.0,2.0,1,2.0,3.0,2.533333333,3,4.0,5.0,4.5,2,1.8,2.2,2.0,2,,,,,,,,,,,,,,,,,,,,
159427,Psenes cyanophrys,3.2,3.2,3.2,1,1.8,2.0,1.866666667,6,1.3,3.0,2.15,2,2.0,2.0,2.0,1,2.0,3.0,2.533333333,3,4.0,4.0,4.0,1,1.8,2.2,2.0,2,,,,,,,,,,,,,,,,,,,,
159445,Hippocampus erectus,,,,,2.0,2.0,2.0,1,1.5,2.0,1.75,2,2.0,2.0,2.0,1,2.6,2.6,2.6,1,,,,,1.0,2.0,1.5,2,,,,,,,,,,,,,,,,,,,,
159484,Decapterus tabl,1.0,3.2,2.066666667,3,1.8,1.8,1.8,1,,,,,2.0,2.0,2.0,1,2.6,2.6,2.6,1,,,,,,,,,,,,,,,,,,,,,,,,,,,,
159486,Xanthichthys ringens,,,,,1.4,2.0,1.7,2,1.5,2.0,1.8,4,2.0,2.0,2.0,1,3.0,3.0,3.0,1,1.0,3.0,2.0,2,2.0,2.0,2.0,1,,,,,,,,,,,,,,,,,,,,
159490,Aluterus schoepfii,,,,,1.2,1.2,1.2,3,1.3,2.0,1.7,4,2.0,2.0,2.0,1,2.6,2.6,2.6,1,1.0,4.0,2.333333333,3,2.0,2.0,2.0,1,,,,,,,,,,,,,,,,,,,,
159491,Aluterus scriptus,2.0,2.0,2.0,1,1.2,2.0,1.433333333,6,1.0,2.0,1.45,6,2.0,2.0,2.0,1,2.0,3.0,2.533333333,3,1.0,1.0,1.0,1,2.0,2.2,2.1,2,,,,,,,,,,,,,,,,,,,,
159570,Prionotus alatus,1.0,1.0,1.0,1,,,,,1.3,2.0,1.766666667,3,1.0,2.0,1.5,2,2.6,2.6,2.6,1,,,,,,,,,,,,,,,,,,,,,,,,,,,,
159658,Uraspis secunda,2.0,3.0,2.5,2,,,,,2.0,3.0,2.5,2,2.0,2.0,2.0,1,2.6,2.6,2.6,1,1.0,3.0,2.0,2,,,,,,,,,,,,,,,,,,,,,,,,
159712,Neoepinnula americana,2.0,2.0,2.0,1,,,,,2.5,2.5,2.5,1,2.0,2.0,2.0,1,,,,,,,,,,,,,,,,,,,,,,,,,,,,,,,,
159800,Lutjanus synagris,,,,,1.4,3.0,2.2,2,1.5,1.5,1.5,1,2.0,2.0,2.0,1,2.6,2.6,2.6,1,4.0,4.0,4.0,1,,,,,,,,,,,,,,,,,,,,,,,,
159803,Ocyurus chrysurus,2.0,2.0,2.0,1,1.4,3.0,1.942857143,7,1.5,2.0,1.666666667,3,2.0,2.0,2.0,1,2.6,2.6,2.6,1,4.0,4.0,4.0,1,,,,,,,,,,,,,,,,,,,,,,,,
159827,Peprilus paru,2.0,3.0,2.5,2,1.4,3.0,2.0,4,1.0,2.0,1.575,4,1.0,2.0,1.5,2,2.6,2.6,2.6,1,4.0,4.0,4.0,1,1.8,2.0,1.9,2,,,,,,,,,,,,,,,,,,,,
159833,Aphanopus intermedius,2.0,3.0,2.5,2,,,,,3.0,3.0,3.0,1,2.0,2.0,2.0,1,3.0,3.0,3.0,1,,,,,,,,,,,,,,,,,,,,,,,,,,,,
159836,Evoxymetopon taeniatus,2.0,2.0,2.0,1,,,,,2.0,3.0,2.5,3,2.0,2.0,2.0,1,,,,,,,,,,,,,,,,,,,,,,,,,,,,,,,,
212050,Sphyraena putnamae,,,,,,,,,1.0,1.5,1.325,4,2.0,2.0,2.0,1,3.0,3.0,3.0,1,,,,,,,,,,,,,,,,,,,,,,,,,,,,
212239,Hippocampus histrix,3.0,3.0,3.0,1,1.8,2.0,1.9,2,1.3,2.0,1.6,3,2.0,2.0,2.0,1,3.0,3.0,3.0,1,,,,,1.0,2.2,1.4,3,,,,,,,,,,,,,,,,,,,,
212264,Herklotsichthys quadrimaculatus,,,,,1.8,1.8,1.8,1,1.3,2.0,1.6,3,0.0,2.0,1.0,3,3.0,3.0,3.0,1,,,,,1.0,1.0,1.0,1,,,,,,,,,,,,,,,,,,,,
212280,Stolephorus indicus,3.0,3.0,3.0,1,1.8,1.8,1.8,1,0.0,2.0,1.0,3,1.0,2.0,1.5,2,3.0,3.0,3.0,1,4.0,4.0,4.0,1,,,,,,,,,,,,,,,,,,,,,,,,
215607,Etmopterus granulosus,3.0,3.0,3.0,1,1.4,3.0,2.1,5,2.0,3.0,2.5,3,2.0,2.0,2.0,1,,,,,,,,,,,,,,,,,,,,,,,,,,,,,,,,
215608,Euprotomicrus bispinatus,2.5,3.2,2.9,3,,,,,,,,,2.0,2.0,2.0,1,2.0,2.6,2.3,2,,,,,,,,,,,,,,,,,,,,,,,,,,,,
215612,Isistius brasiliensis,2.5,3.2,2.85,2,1.4,3.2,2.24,5,3.0,3.0,3.0,1,2.0,2.0,2.0,1,2.0,3.0,2.5,2,,,,,3.0,4.0,3.2,5,,,,,,,,,,,,,,,,,,,,
217337,Carcharhinus amblyrhynchos,3.0,3.0,3.0,1,2.0,3.0,2.333333333,3,1.5,3.0,2.083333333,6,2.0,2.0,2.0,1,3.0,3.0,3.0,1,4.0,4.0,4.0,1,,,,,,,,,,,,,,,,,,,,,,,,
217340,Carcharhinus amboinensis,1.0,2.0,1.5,2,2.0,3.6,2.52,5,1.0,2.5,1.4625,8,1.0,2.0,1.5,2,3.0,3.0,3.0,1,,,,,,,,,,,,,,,,,,,,,,,,,,,,
217341,Carcharhinus brachyurus,2.0,2.0,2.0,1,2.0,3.6,2.866666667,3,1.0,3.0,1.883333333,6,0.0,2.0,1.0,3,2.0,2.6,2.333333333,3,,,,,,,,,,,,,,,,,,,,,,,,,,,,
217342,Carcharhinus porosus,1.0,1.0,1.0,1,2.2,3.6,2.933333333,3,1.0,2.0,1.45,6,1.0,2.0,1.5,2,2.6,2.6,2.6,1,,,,,,,,,,,,,,,,,,,,,,,,,,,,
217352,Carcharhinus albimarginatus,2.0,2.0,2.0,1,2.0,3.6,2.65,4,1.3,3.0,2.0375,8,2.0,2.0,2.0,1,3.0,3.0,3.0,1,,,,,,,,,,,,,,,,,,,,,,,,,,,,
217430,Mobula thurstoni,3.0,3.0,3.0,1,1.8,2.2,2.0,3,2.0,3.0,2.5,2,2.0,2.0,2.0,1,2.6,3.0,2.8,2,1.0,3.0,2.0,2,,,,,,,,,,,,,,,,,,,,,,,,
217436,Mobula kuhlii,3.2,3.2,3.2,1,1.8,1.8,1.8,1,1.3,3.0,2.1,3,2.0,2.0,2.0,1,3.0,3.0,3.0,1,4.0,4.0,4.0,1,,,,,,,,,,,,,,,,,,,,,,,,
217452,Sardinops sagax,3.0,3.0,3.0,1,1.2,2.0,1.666666667,3,2.0,2.0,2.0,1,2.0,2.0,2.0,1,2.6,2.6,2.6,1,5.0,5.0,5.0,2,,,,,,,,,,,,,,,,,,,,,,,,
217618,Melanostomias paucilaternatus,3.0,3.0,3.0,1,,,,,3.0,3.0,3.0,1,2.0,2.0,2.0,1,3.0,3.0,3.0,1,,,,,,,,,,,,,,,,,,,,,,,,,,,,
217632,Pseudocarcharias kamoharai,3.0,3.2,3.1,2,2.0,3.0,2.4,3,1.3,3.0,2.266666667,3,2.0,2.0,2.0,1,2.6,3.0,2.8,2,,,,,,,,,,,,,,,,,,,,,,,,,,,,
217680,Benthosema pterotum,2.0,3.0,2.5,2,1.8,1.8,1.8,1,2.2,2.5,2.35,2,2.0,2.0,2.0,1,,,,,,,,,,,,,,,,,,,,,,,,,,,,,,,,
217697,Electrona antarctica,1.0,3.0,2.0,2,1.4,2.2,1.866666667,3,3.0,3.0,3.0,1,2.0,2.0,2.0,1,1.0,1.0,1.0,2,,,,,,,,,,,,,,,,,,,,,,,,,,,,
217698,Gonichthys barnesi,2.5,3.0,2.75,2,,,,,3.0,3.0,3.0,1,2.0,2.0,2.0,1,2.6,2.6,2.6,1,,,,,,,,,,,,,,,,,,,,,,,,,,,,
217704,Lampanyctodes hectoris,3.2,3.2,3.2,1,,,,,2.0,3.0,2.625,4,2.0,2.0,2.0,1,3.0,3.0,3.0,1,,,,,,,,,,,,,,,,,,,,,,,,,,,,
217707,Lampanyctus achirus,2.5,3.0,2.75,2,,,,,3.0,3.0,3.0,1,2.0,2.0,2.0,1,1.0,1.0,1.0,2,,,,,,,,,,,,,,,,,,,,,,,,,,,,
217720,Symbolophorus barnardi,2.5,3.2,2.9,3,,,,,3.0,3.0,3.0,1,2.0,2.0,2.0,1,2.0,2.6,2.3,2,,,,,,,,,,,,,,,,,,,,,,,,,,,,
217820,Selachophidium guentheri,2.0,2.5,2.25,2,2.0,2.0,2.0,1,,,,,2.0,2.0,2.0,1,,,,,,,,,,,,,,,,,,,,,,,,,,,,,,,,
217959,Neocyttus rhomboidalis,2.5,2.5,2.5,1,1.6,3.0,2.3,4,2.5,2.5,2.5,1,2.0,2.0,2.0,1,,,,,4.0,4.0,4.0,1,,,,,,,,,,,,,,,,,,,,,,,,
218404,Caranx sexfasciatus,3.0,3.0,3.0,1,2.0,3.0,2.533333333,3,0.0,3.0,1.5,5,0.0,2.0,1.0,3,3.0,3.0,3.0,1,1.0,4.0,2.5,2,,,,,,,,,,,,,,,,,,,,,,,,
218419,Caranx melampygus,3.0,3.0,3.0,1,2.0,3.0,2.5,2,1.5,3.0,2.0,4,1.0,2.0,1.5,2,3.0,3.0,3.0,1,1.0,1.0,1.0,1,,,,,,,,,,,,,,,,,,,,,,,,
218426,Decapterus macrosoma,3.0,3.0,3.0,1,1.4,1.8,1.6,2,1.5,1.5,1.5,1,2.0,2.0,2.0,1,3.0,3.0,3.0,1,4.0,4.0,4.0,1,,,,,,,,,,,,,,,,,,,,,,,,
218436,Seriola lalandi,2.0,2.0,2.0,1,2.0,3.2,2.6,3,1.0,3.0,1.72,5,1.0,2.0,1.5,2,2.6,2.6,2.6,1,1.0,3.0,2.0,2,,,,,,,,,,,,,,,,,,,,,,,,
218444,Trachurus capensis,3.0,3.0,3.0,1,1.4,3.0,2.066666667,3,2.0,2.0,2.0,2,2.0,2.0,2.0,1,2.6,2.6,2.6,1,4.0,4.0,4.0,1,,,,,,,,,,,,,,,,,,,,,,,,
218448,Uraspis uraspis,1.0,1.0,1.0,1,2.0,2.0,2.0,2,1.5,2.0,1.833333333,3,2.0,2.0,2.0,1,2.6,3.0,2.8,2,4.0,4.0,4.0,1,,,,,,,,,,,,,,,,,,,,,,,,
218449,Uraspis helvola,2.0,2.0,2.0,1,,,,,1.5,2.5,1.9,5,2.0,2.0,2.0,1,2.6,2.6,2.6,1,1.0,3.0,2.0,2,,,,,,,,,,,,,,,,,,,,,,,,
218450,Mene maculata,,,,,1.4,1.4,1.4,1,1.0,2.5,1.8,5,1.0,2.0,1.5,2,2.6,2.6,2.6,1,4.0,4.0,4.0,1,,,,,,,,,,,,,,,,,,,,,,,,
218465,Emmelichthys nitidus,1.0,1.2,1.1,2,1.8,1.8,1.8,1,,,,,2.0,2.0,2.0,1,,,,,4.0,4.0,4.0,1,,,,,,,,,,,,,,,,,,,,,,,,
218706,Kyphosus vaigiensis,2.0,2.0,2.0,1,1.2,2.0,1.466666667,3,1.0,3.0,1.7125,8,2.0,2.0,2.0,1,3.0,3.0,3.0,1,3.0,3.0,3.0,1,2.0,2.0,2.0,1,,,,,,,,,,,,,,,,,,,,
218708,Kyphosus cinerascens,2.0,2.0,2.0,1,1.0,1.4,1.2,4,1.0,2.0,1.485714286,7,2.0,2.0,2.0,1,3.0,3.0,3.0,1,4.0,4.0,4.0,1,2.0,2.2,2.1,2,,,,,,,,,,,,,,,,,,,,
218710,Platax teira,,,,,,,,,1.0,2.0,1.56,5,2.0,2.0,2.0,1,3.0,3.0,3.0,1,4.0,4.0,4.0,1,2.0,2.2,2.1,2,,,,,,,,,,,,,,,,,,,,
219667,Naso hexacanthus,2.0,2.0,2.0,1,1.2,1.8,1.5,2,1.3,2.0,1.6,3,1.0,2.0,1.5,2,3.0,3.0,3.0,1,4.0,4.0,4.0,1,,,,,,,,,,,,,,,,,,,,,,,,
219671,Naso brevirostris,,,,,1.2,1.8,1.5,2,1.3,2.0,1.575,4,2.0,2.0,2.0,1,3.0,3.0,3.0,1,3.0,4.0,3.5,2,,,,,,,,,,,,,,,,,,,,,,,,
219697,Thyrsites atun,2.0,3.0,2.5,2,1.8,3.2,2.64,5,2.0,2.5,2.25,2,1.0,2.0,1.5,2,2.6,2.6,2.6,1,4.0,4.0,4.0,1,,,,,,,,,,,,,,,,,,,,,,,,
219707,Allothunnus fallai,3.0,3.0,3.0,1,2.0,3.2,2.5,4,3.0,3.0,3.0,1,2.0,2.0,2.0,1,2.6,2.6,2.6,1,4.0,4.0,4.0,1,,,,,,,,,,,,,,,,,,,,,,,,
219709,Gasterochisma melampus,3.0,3.0,3.0,1,1.0,5.0,2.84,5,3.0,3.0,3.0,1,2.0,2.0,2.0,1,2.0,3.0,2.533333333,3,,,,,,,,,,,,,,,,,,,,,,,,,,,,
219712,Gymnosarda unicolor,3.0,3.0,3.0,1,2.6,3.2,2.9,2,1.5,2.5,1.875,4,2.0,2.0,2.0,1,3.0,3.0,3.0,1,1.0,3.0,2.0,2,,,,,,,,,,,,,,,,,,,,,,,,
219715,Scomber australasicus,3.0,3.0,3.0,1,1.8,3.2,2.4,4,2.0,3.0,2.5,2,2.0,2.0,2.0,1,2.6,2.6,2.6,1,4.0,4.0,4.0,1,2.8,2.8,2.8,1,,,,,,,,,,,,,,,,,,,,
219719,Scomberomorus plurilineatus,3.0,3.0,3.0,1,2.0,3.2,2.84,5,2.0,2.0,2.0,1,2.0,2.0,2.0,1,2.6,2.6,2.6,1,5.0,5.0,5.0,1,,,,,,,,,,,,,,,,,,,,,,,,
219720,Thunnus maccoyii,3.0,3.0,3.0,1,1.6,3.0,2.15,4,3.0,3.0,3.0,1,2.0,2.0,2.0,1,2.0,3.0,2.5,2,,,,,,,,,,,,,,,,,,,,,,,,,,,,
219722,Thunnus tonggol,3.0,3.0,3.0,1,1.8,3.2,2.457142857,7,2.0,2.0,2.0,1,2.0,2.0,2.0,1,3.0,3.0,3.0,1,4.0,4.0,4.0,1,,,,,,,,,,,,,,,,,,,,,,,,
219734,Tetrapturus angustirostris,3.0,3.2,3.1,2,2.0,3.0,2.333333333,3,2.0,3.0,2.5,2,2.0,2.0,2.0,1,2.0,3.0,2.533333333,3,,,,,,,,,,,,,,,,,,,,,,,,,,,,
219737,Hyperoglyphe antarctica,2.0,3.0,2.5,2,1.4,3.2,2.255555556,9,,,,,2.0,2.0,2.0,1,,,,,,,,,2.2,2.2,2.2,1,,,,,,,,,,,,,,,,,,,,
219741,Schedophilus huttoni,1.0,2.5,1.75,2,,,,,2.0,3.0,2.4,5,2.0,2.0,2.0,1,,,,,,,,,,,,,,,,,,,,,,,,,,,,,,,,
219742,Schedophilus velaini,2.5,2.5,2.5,1,1.6,3.2,2.266666667,3,2.5,3.0,2.75,2,2.0,2.0,2.0,1,,,,,,,,,,,,,,,,,,,,,,,,,,,,,,,,
219872,Abalistes stellaris,1.0,1.0,1.0,1,1.4,2.0,1.575,4,1.0,2.0,1.45,4,2.0,2.0,2.0,1,3.0,3.0,3.0,1,,,,,1.0,1.0,1.0,1,,,,,,,,,,,,,,,,,,,,
219954,Lagocephalus sceleratus,,,,,1.5,2.0,1.75,2,1.5,2.0,1.75,2,0.0,2.0,1.0,2,3.0,3.0,3.0,1,,,,,,,,,,,,,,,,,,,,,,,,,,,,
220007,Phosichthys argenteus,2.5,3.0,2.75,2,1.8,3.0,2.2,4,2.5,2.5,2.5,1,2.0,2.0,2.0,1,,,,,,,,,,,,,,,,,,,,,,,,,,,,,,,,
221409,Linophryne parini,,,,,,,,,,,,,2.0,2.0,2.0,1,,,,,,,,,,,,,,,,,,,,,,,,,,,,,,,,
221430,Polyprion oxygeneios,1.0,1.0,1.0,1,3.0,3.2,3.05,4,2.5,3.0,2.75,2,2.0,2.0,2.0,1,2.6,2.6,2.6,1,4.0,4.0,4.0,1,2.0,2.0,2.0,1,,,,,,,,,,,,,,,,,,,,
221512,Sigmops elongatus,2.5,3.0,2.833333333,3,1.8,3.2,2.1,6,3.0,3.0,3.0,1,2.0,2.0,2.0,1,2.6,3.0,2.733333333,3,,,,,,,,,,,,,,,,,,,,,,,,,,,,
234627,Notolepis annulata,2.5,3.2,2.85,2,2.2,3.0,2.6,2,3.0,3.0,3.0,1,2.0,2.0,2.0,1,1.0,2.0,1.5,2,,,,,,,,,,,,,,,,,,,,,,,,,,,,
234638,Electrona carlsbergi,2.5,3.0,2.75,2,1.5,2.0,1.75,2,3.0,3.0,3.0,1,2.0,2.0,2.0,1,1.0,1.0,1.0,2,,,,,,,,,,,,,,,,,,,,,,,,,,,,
234664,Lampris immaculatus,3.0,3.2,3.066666667,3,2.0,3.0,2.4,5,3.0,3.0,3.0,1,2.0,2.0,2.0,1,2.0,2.0,2.0,1,,,,,,,,,,,,,,,,,,,,,,,,,,,,
234697,Paradiplospinus antarcticus,2.5,3.2,2.9,3,2.2,3.2,2.75,4,,,,,2.0,2.0,2.0,1,1.0,1.0,1.0,1,,,,,,,,,,,,,,,,,,,,,,,,,,,,
234700,Dissostichus eleginoides,1.0,3.0,2.0,2,,,,,3.0,3.0,3.0,1,2.0,2.0,2.0,1,1.0,2.0,1.5,2,,,,,,,,,,,,,,,,,,,,,,,,,,,,
234731,Scopelosaurus hamiltoni,2.0,3.0,2.5,3,1.8,3.2,2.3,4,3.0,3.0,3.0,1,2.0,2.0,2.0,1,1.0,2.0,1.5,2,,,,,,,,,,,,,,,,,,,,,,,,,,,,
234742,Muraenolepis microps,3.0,3.0,3.0,1,1.8,1.8,1.8,1,2.0,3.0,2.425,4,2.0,2.0,2.0,1,1.0,1.0,1.0,2,,,,,,,,,,,,,,,,,,,,,,,,,,,,
234767,Protomyctophum tenisoni,3.0,3.0,3.0,1,,,,,3.0,3.0,3.0,1,2.0,2.0,2.0,1,1.0,2.6,1.4,4,,,,,,,,,,,,,,,,,,,,,,,,,,,,
234788,Lepidonotothen squamifrons,2.0,2.0,2.0,1,1.8,3.0,2.4,2,,,,,2.0,2.0,2.0,1,1.0,2.0,1.5,2,,,,,,,,,,,,,,,,,,,,,,,,,,,,
254538,Gadus macrocephalus,1.0,1.0,1.0,1,1.4,3.0,2.225,4,2.0,2.0,2.0,1,1.0,2.0,1.5,2,1.0,1.3,1.15,2,,,,,,,,,,,,,,,,,,,,,,,,,,,,
271328,Rhizoprionodon porosus,,,,,1.4,3.0,2.44,5,0.0,3.0,1.755555556,9,0.0,2.0,1.0,3,3.0,3.0,3.0,1,,,,,,,,,,,,,,,,,,,,,,,,,,,,
271378,Sphyrna couardi,2.0,2.0,2.0,1,1.4,3.0,2.2,2,2.0,2.0,2.0,1,2.0,2.0,2.0,1,2.6,3.0,2.8,2,,,,,,,,,,,,,,,,,,,,,,,,,,,,
271651,Scymnodalatias albicauda,1.0,3.2,2.425,4,,,,,3.0,3.0,3.0,4,2.0,2.0,2.0,1,,,,,,,,,,,,,,,,,,,,,,,,,,,,,,,,
272087,Omosudis lowei,2.5,3.0,2.75,2,2.6,3.0,2.8,2,3.0,3.0,3.0,1,2.0,2.0,2.0,1,2.0,3.0,2.5,2,1.0,3.0,2.0,2,,,,,,,,,,,,,,,,,,,,,,,,
272173,Parexocoetus hillianus,3.0,3.0,3.0,1,1.8,3.0,2.15,4,2.0,3.0,2.5,2,2.0,2.0,2.0,1,3.0,3.0,3.0,1,,,,,,,,,,,,,,,,,,,,,,,,,,,,
272452,Merluccius australis,2.0,2.0,2.0,1,1.4,3.2,2.545454545,11,,,,,2.0,2.0,2.0,1,2.6,2.6,2.6,1,,,,,,,,,,,,,,,,,,,,,,,,,,,,
272528,Lophotus capellei,2.5,3.2,2.9,3,2.6,3.2,2.9,2,3.0,3.0,3.0,1,2.0,2.0,2.0,1,,,,,,,,,,,,,,,,,,,,,,,,,,,,,,,,
272534,Trachipterus jacksonensis,2.5,3.2,2.9,3,1.4,3.0,2.08,5,1.0,3.0,2.0,2,1.0,2.0,1.5,2,2.0,2.6,2.3,2,,,,,,,,,,,,,,,,,,,,,,,,,,,,
272562,Gigantactis golovani,2.5,3.0,2.75,2,,,,,,,,,2.0,2.0,2.0,1,,,,,,,,,,,,,,,,,,,,,,,,,,,,,,,,
272630,Oneirodes kreffti,2.5,3.0,2.75,2,,,,,3.0,3.0,3.0,1,2.0,2.0,2.0,1,,,,,,,,,,,,,,,,,,,,,,,,,,,,,,,,
272656,Ceratoscopelus townsendi,2.5,3.2,2.9,3,2.0,2.0,2.0,1,,,,,2.0,2.0,2.0,1,,,,,,,,,,,,,,,,,,,,,,,,,,,,,,,,
272728,Notoscopelus kroyeri,2.5,3.2,2.85,2,,,,,3.0,3.0,3.0,1,2.0,2.0,2.0,1,1.0,2.0,1.5,2,,,,,,,,,,,,,,,,,,,,,,,,,,,,
272734,Symbolophorus kreffti,3.0,3.2,3.066666667,3,,,,,3.0,3.0,3.0,1,2.0,2.0,2.0,1,2.6,2.6,2.6,1,,,,,,,,,,,,,,,,,,,,,,,,,,,,
273675,Cubiceps caeruleus,3.0,3.2,3.066666667,3,1.6,3.2,2.2,3,2.5,3.0,2.833333333,3,2.0,2.0,2.0,1,3.0,3.0,3.0,1,5.0,5.0,5.0,1,1.8,1.8,1.8,1,,,,,,,,,,,,,,,,,,,,
273811,Scomberomorus brasiliensis,3.2,3.2,3.2,1,2.2,3.0,2.6,3,1.0,3.0,1.875,4,2.0,2.0,2.0,1,3.0,3.0,3.0,1,4.0,4.0,4.0,1,,,,,,,,,,,,,,,,,,,,,,,,
273819,Scomberomorus regalis,,,,,2.0,3.2,2.5,4,1.5,2.0,1.6,5,2.0,2.0,2.0,1,3.0,3.0,3.0,1,4.0,4.0,4.0,1,,,,,,,,,,,,,,,,,,,,,,,,
273998,Stromateus brasiliensis,2.0,2.0,2.0,1,,,,,,,,,2.0,2.0,2.0,1,2.6,2.6,2.6,1,,,,,1.8,1.8,1.8,1,,,,,,,,,,,,,,,,,,,,
274967,Argyropelecus olfersii,2.5,3.0,2.75,2,2.0,3.0,2.5,2,3.0,3.0,3.0,1,2.0,2.0,2.0,1,,,,,,,,,,,,,,,,,,,,,,,,,,,,,,,,
274978,Maurolicus stehmanni,2.5,3.0,2.75,2,,,,,2.5,2.8,2.65,2,2.0,2.0,2.0,1,,,,,,,,,,,,,,,,,,,,,,,,,,,,,,,,
275069,Eustomias bigelowi,3.0,3.0,3.0,1,,,,,3.0,3.0,3.0,1,2.0,2.0,2.0,1,3.0,3.0,3.0,1,,,,,,,,,,,,,,,,,,,,,,,,,,,,
275138,Eustomias spherulifer,2.5,2.5,2.5,1,,,,,,,,,2.0,2.0,2.0,1,2.6,2.6,2.6,1,,,,,,,,,,,,,,,,,,,,,,,,,,,,
275171,Photonectes albipennis,2.5,3.0,2.75,2,,,,,,,,,2.0,2.0,2.0,1,2.0,2.6,2.3,2,,,,,,,,,,,,,,,,,,,,,,,,,,,,
275500,Brevoortia patronus,3.0,3.0,3.0,1,1.2,1.2,1.2,1,1.3,2.0,1.65,2,2.0,2.0,2.0,1,2.6,2.6,2.6,1,4.0,4.0,4.0,1,,,,,,,,,,,,,,,,,,,,,,,,
276250,Cantherhines macrocerus,1.0,1.0,1.0,1,1.2,1.4,1.36,5,1.5,2.0,1.6,5,2.0,2.0,2.0,1,3.0,3.0,3.0,1,2.0,2.0,2.0,1,1.0,1.0,1.0,1,,,,,,,,,,,,,,,,,,,,
276307,Bathyclupea schroederi,3.0,3.0,3.0,1,,,,,3.0,3.0,3.0,1,2.0,2.0,2.0,1,,,,,,,,,,,,,,,,,,,,,,,,,,,,,,,,
276560,Peprilus burti,2.0,3.0,2.5,2,1.4,3.0,1.96,5,2.0,2.0,2.0,2,2.0,2.0,2.0,1,2.6,2.6,2.6,1,4.0,4.0,4.0,1,1.8,2.0,1.9,2,,,,,,,,,,,,,,,,,,,,
277287,Pellona harroweri,3.0,3.0,3.0,1,1.8,2.0,1.866666667,3,1.0,2.0,1.433333333,3,1.0,2.0,1.5,2,3.0,3.0,3.0,1,,,,,,,,,,,,,,,,,,,,,,,,,,,,
278434,Grammatorcynus bilineatus,,,,,2.0,3.0,2.5,2,1.5,2.0,1.75,2,2.0,2.0,2.0,1,2.6,2.6,2.6,1,4.0,4.0,4.0,1,,,,,,,,,,,,,,,,,,,,,,,,
278702,Genypterus blacodes,1.2,1.2,1.2,1,2.0,3.0,2.4,5,2.0,2.0,2.0,1,2.0,2.0,2.0,1,2.0,2.0,2.0,1,,,,,,,,,,,,,,,,,,,,,,,,,,,,
279766,Assurger anzac,2.0,3.2,2.733333333,3,,,,,,,,,2.0,2.0,2.0,1,3.0,3.0,3.0,1,,,,,,,,,,,,,,,,,,,,,,,,,,,,
280091,Cetengraulis edentulus,3.0,3.0,3.0,1,1.2,1.8,1.5,2,1.0,2.0,1.433333333,3,1.0,2.0,1.5,2,3.0,3.0,3.0,1,4.0,4.0,4.0,1,,,,,,,,,,,,,,,,,,,,,,,,
280695,Epinnula magistralis,2.0,2.0,2.0,1,,,,,,,,,2.0,2.0,2.0,1,3.0,3.0,3.0,1,,,,,,,,,,,,,,,,,,,,,,,,,,,,
281542,Megachasma pelagios,3.0,3.2,3.1,2,1.6,3.0,2.15,4,3.0,3.0,3.0,1,2.0,2.0,2.0,1,,,,,,,,,,,,,,,,,,,,,,,,,,,,,,,,
281832,Odontognathus compressus,3.0,3.0,3.0,1,1.8,1.8,1.8,1,1.0,2.0,1.433333333,3,1.0,2.0,1.5,2,3.0,3.0,3.0,1,,,,,,,,,,,,,,,,,,,,,,,,,,,,
282546,Ramnogaster arcuata,3.0,3.0,3.0,1,1.8,2.2,2.05,4,1.3,2.0,1.65,2,2.0,2.0,2.0,1,2.6,2.6,2.6,1,4.0,4.0,4.0,1,,,,,,,,,,,,,,,,,,,,,,,,
282757,Seriolella porosa,2.0,2.0,2.0,1,,,,,,,,,2.0,2.0,2.0,1,2.6,2.6,2.6,1,,,,,,,,,,,,,,,,,,,,,,,,,,,,
282973,Thysanactis dentex,2.5,3.0,2.75,2,2.0,3.2,2.6,2,3.0,3.0,3.0,1,2.0,2.0,2.0,1,2.0,3.0,2.5,2,,,,,,,,,,,,,,,,,,,,,,,,,,,,
283164,Winteria telescopa,2.5,3.0,2.75,2,1.4,1.8,1.6,2,3.0,3.0,3.0,1,2.0,2.0,2.0,1,3.0,3.0,3.0,1,,,,,,,,,,,,,,,,,,,,,,,,,,,,
283166,Woodsia nonsuchae,2.5,3.0,2.75,2,,,,,3.0,3.0,3.0,1,2.0,2.0,2.0,1,2.6,3.0,2.8,2,,,,,,,,,,,,,,,,,,,,,,,,,,,,
283206,Zameus squamulosus,1.0,3.2,2.066666667,3,,,,,2.5,3.0,2.9,5,2.0,2.0,2.0,1,3.0,3.0,3.0,1,,,,,,,,,,,,,,,,,,,,,,,,,,,,
298438,Carcharhinus perezi,1.7,1.7,1.7,1,3.0,3.0,3.0,1,1.3,3.0,1.971428571,7,2.0,2.0,2.0,1,2.6,3.0,2.8,2,,,,,,,,,,,,,,,,,,,,,,,,,,,,
299089,Centroscymnus owstoni,1.2,1.2,1.2,1,2.0,3.0,2.5,2,2.5,3.0,2.9,5,2.0,2.0,2.0,1,,,,,,,,,,,,,,,,,,,,,,,,,,,,,,,,
300735,Gadus chalcogrammus,2.0,2.0,2.0,1,2.0,3.0,2.4,3,2.5,3.0,2.75,2,1.0,2.0,1.5,2,1.0,1.0,1.0,1,,,,,,,,,,,,,,,,,,,,,,,,,,,,
301526,Lampanyctus isaacsi,3.0,3.0,3.0,3,,,,,3.0,3.0,3.0,2,2.0,2.0,2.0,1,2.6,2.6,2.6,1,,,,,,,,,,,,,,,,,,,,,,,,,,,,
302432,Caranx ruber,,,,,1.4,3.0,2.2,3,1.5,2.2,1.733333333,3,2.0,2.0,2.0,1,2.6,2.6,2.6,1,1.0,4.0,2.5,2,1.0,1.0,1.0,1,,,,,,,,,,,,,,,,,,,,
302877,Remora albescens,3.0,3.0,3.0,1,,,,,2.0,3.0,2.5,2,2.0,2.0,2.0,1,2.4,2.6,2.5,2,,,,,3.0,3.2,3.1,4,,,,,,,,,,,,,,,,,,,,
303486,Kyphosus sectatrix,,,,,1.0,2.0,1.3125,8,1.5,2.0,1.625,4,2.0,2.0,2.0,1,2.6,2.6,2.6,1,4.0,4.0,4.0,1,1.0,2.0,1.5,2,,,,,,,,,,,,,,,,,,,,
313240,Pentaceros richardsoni,3.0,3.0,3.0,1,,,,,2.0,3.0,2.5,3,2.0,2.0,2.0,1,2.0,2.0,2.0,1,,,,,,,,,,,,,,,,,,,,,,,,,,,,
317659,Myctophum asperum,2.5,3.2,2.9,3,,,,,3.0,3.0,3.0,2,2.0,2.0,2.0,1,,,,,,,,,,,,,,,,,,,,,,,,,,,,,,,,
319394,Monacoa grimaldii,2.5,3.0,2.75,2,1.8,2.0,1.9,2,3.0,3.0,3.0,1,2.0,2.0,2.0,1,2.6,3.0,2.8,2,,,,,,,,,,,,,,,,,,,,,,,,,,,,
321911,Tetronarce nobiliana,1.0,3.0,2.0,4,3.0,3.6,3.3,2,2.0,2.5,2.18,5,2.0,2.0,2.0,1,2.6,2.6,2.6,1,,,,,1.5,1.5,1.5,1,,,,,,,,,,,,,,,,,,,,
345843,Sphyraena barracuda,,,,,2.0,3.2,2.35,4,1.0,2.0,1.466666667,6,1.0,2.0,1.5,2,2.4,3.0,2.666666667,3,1.0,4.0,2.5,2,,,,,,,,,,,,,,,,,,,,,,,,
388863,Scopeloberyx bannikovi,2.5,2.5,2.5,1,,,,,,,,,2.0,2.0,2.0,1,3.0,3.0,3.0,1,,,,,,,,,,,,,,,,,,,,,,,,,,,,
398478,Odontanthias caudicinctus,3.0,3.0,3.0,1,,,,,2.0,3.0,2.5,2,2.0,2.0,2.0,1,,,,,,,,,,,,,,,,,,,,,,,,,,,,,,,,
401555,Alectis alexandrina,3.0,3.0,3.0,1,2.5,3.0,2.75,2,2.0,2.0,2.0,1,2.0,2.0,2.0,1,2.6,2.6,2.6,1,1.0,1.0,1.0,2,,,,,,,,,,,,,,,,,,,,,,,,
712905,Istiompax indica,3.0,3.2,3.1,2,2.0,3.0,2.514285714,7,2.0,3.0,2.333333333,3,2.0,2.0,2.0,1,2.0,3.0,2.533333333,3,,,,,,,,,,,,,,,,,,,,,,,,,,,,
712906,Kajikia albida,3.0,3.2,3.1,2,2.6,3.0,2.8,2,2.0,3.0,2.5,2,2.0,2.0,2.0,1,2.6,2.6,2.6,1,,,,,,,,,,,,,,,,,,,,,,,,,,,,
712907,Kajikia audax,3.0,3.2,3.1,2,2.0,3.0,2.333333333,3,2.0,3.0,2.5,2,2.0,2.0,2.0,1,2.0,3.0,2.533333333,3,1.0,3.0,2.0,2,,,,,,,,,,,,,,,,,,,,,,,,
713109,Lophotus guntheri,3.0,3.0,3.0,1,,,,,3.0,3.0,3.0,1,2.0,2.0,2.0,1,2.0,2.0,2.0,1,,,,,,,,,,,,,,,,,,,,,,,,,,,,
1007133,Liopropoma santi,3.0,3.0,3.0,1,,,,,2.0,2.0,2.0,1,2.0,2.0,2.0,1,3.0,3.0,3.0,1,,,,,,,,,,,,,,,,,,,,,,,,,,,,
1017161,Mugil brevirostris,3.0,3.0,3.0,1,,,,,2.0,2.0,2.0,1,2.0,2.0,2.0,1,3.0,3.0,3.0,1,,,,,,,,,,,,,,,,,,,,,,,,,,,,
1026118,Mobula birostris,3.0,3.0,3.0,1,1.8,3.0,2.4,2,1.0,3.0,2.2,9,2.0,2.0,2.0,1,2.0,3.0,2.533333333,3,3.0,3.0,3.0,1,,,,,,,,,,,,,,,,,,,,,,,,
1042799,Squalus bassi,3.0,3.0,3.0,1,2.0,3.0,2.5,3,2.0,2.5,2.25,2,2.0,2.0,2.0,1,3.0,3.0,3.0,1,,,,,,,,,,,,,,,,,,,,,,,,,,,,
1042856,Hypanus americanus,,,,,1.4,3.0,1.975,4,1.0,2.0,1.42,5,1.0,2.0,1.5,2,2.6,2.6,2.6,1,1.0,4.0,2.333333333,3,,,,,,,,,,,,,,,,,,,,,,,,
1042871,Mobula alfredi,2.0,3.0,2.5,2,1.8,3.0,2.4,2,1.3,3.0,1.95,4,2.0,2.0,2.0,1,3.0,3.0,3.0,1,4.0,4.0,4.0,1,,,,,,,,,,,,,,,,,,,,,,,,
1287298,Squalus clarkae,1.0,2.0,1.5,2,,,,,2.0,2.5,2.233333333,3,2.0,2.0,2.0,1,3.0,3.0,3.0,1,,,,,,,,,,,,,,,,,,,,,,,,,,,,
1510072,Melamphaes lentiginosus,2.5,2.5,2.5,1,,,,,,,,,2.0,2.0,2.0,1,,,,,,,,,,,,,,,,,,,,,,,,,,,,,,,,
