acceptedNameUsageID,Scientific name,Item,Top,Bottom,midPoint
105787,Carcharhinus altimus,lat,-31,46,
105787,Carcharhinus altimus,Lon,-180,180,
105787,Carcharhinus altimus,Depth,80,220,
105787,Carcharhinus altimus,Depth,0,810,
105787,Carcharhinus altimus,max size,,,300
105787,Carcharhinus altimus,common size,,,250
105788,Carcharhinus brevipinna,Lat,-38,40,
105788,Carcharhinus brevipinna,Lon,-100,155,
105788,Carcharhinus brevipinna,Depth,0,200,
105788,Carcharhinus brevipinna,Depth,0,100,
105788,Carcharhinus brevipinna,max size,,,300
105788,Carcharhinus brevipinna,common size,,,250
105789,Carcharhinus falciformis,Lat,-43,42,
105789,Carcharhinus falciformis,Lon,-180,180,
105789,Carcharhinus falciformis,Depth,0,500,
105789,Carcharhinus falciformis,Depth,18,500,
105789,Carcharhinus falciformis,max size,,,350
105789,Carcharhinus falciformis,common size,,,250
105789,Carcharhinus falciformis,Temperature,,,23
105790,Carcharhinus galapagensis,Lat,-34,36,
105790,Carcharhinus galapagensis,Lon,-180,180,
105790,Carcharhinus galapagensis,Depth,30,180,
105790,Carcharhinus galapagensis,Depth,0,285,
105790,Carcharhinus galapagensis,max size,,,370
105790,Carcharhinus galapagensis,common size,,,300
105791,Carcharhinus isodon,lat,-38,42,
105791,Carcharhinus isodon,Lon,-100,-12,
105791,Carcharhinus isodon,Depth,0,20,
105792,Carcharhinus leucas,lat,-39,42,
105792,Carcharhinus leucas,Lon,-180,180,
105792,Carcharhinus leucas,Depth,1,30,
105792,Carcharhinus leucas,Depth,0,164,
105792,Carcharhinus leucas,max size,,,360
105792,Carcharhinus leucas,common size,,,260
105793,Carcharhinus limbatus,Lat,-38,45,
105793,Carcharhinus limbatus,Lon,-180,180,
105793,Carcharhinus limbatus,Depth,0,140,
105793,Carcharhinus limbatus,Depth,0,30,
105793,Carcharhinus limbatus,max size,,,286
105793,Carcharhinus limbatus,common size,,,150
105794,Carcharhinus longimanus,lat,-43,46,
105794,Carcharhinus longimanus,Lon,-180,180,
105794,Carcharhinus longimanus,Depth,0,1082,
105794,Carcharhinus longimanus,Depth,0,152,
105794,Carcharhinus longimanus,max size,,,400
105794,Carcharhinus longimanus,common size,,,270
105794,Carcharhinus longimanus,Temperature,18,28,
105795,Carcharhinus melanopterus,lat,-25,35,
105795,Carcharhinus melanopterus,Lon,-180,-134,
105795,Carcharhinus melanopterus,Lon,7,180,
105795,Carcharhinus melanopterus,Depth,0,75,
105796,Carcharhinus obscurus,Lat,-46,45,
105796,Carcharhinus obscurus,Lon,-120,156,
105796,Carcharhinus obscurus,Depth,0,500,
105796,Carcharhinus obscurus,Depth,200,400,
105796,Carcharhinus obscurus,max size,,,420
105796,Carcharhinus obscurus,common size,,,250
105797,Carcharhinus plumbeus,lat,-41,45,
105797,Carcharhinus plumbeus,Lon,-180,180,
105797,Carcharhinus plumbeus,Depth,0,280,
105797,Carcharhinus plumbeus,Depth,20,65,
105797,Carcharhinus plumbeus,max size,,,300
105797,Carcharhinus plumbeus,max size,,,280
105797,Carcharhinus plumbeus,common size,,,200
105797,Carcharhinus plumbeus,Temperature,23,27,
105798,Carcharhinus signatus,lat,-43,39,
105798,Carcharhinus signatus,Lon,-98,15,
105798,Carcharhinus signatus,Depth,0,600,
105798,Carcharhinus signatus,Depth,50,100,
105798,Carcharhinus signatus,max size,,,280
105798,Carcharhinus signatus,common size,,,200
105798,Carcharhinus signatus,Temperature,11,16,
105799,Galeocerdo cuvier,lat,-36,40,
105799,Galeocerdo cuvier,lat,-44,62,
105799,Galeocerdo cuvier,Lon,-180,180,
105799,Galeocerdo cuvier,Depth,0,100,
105799,Galeocerdo cuvier,Depth,0,1136,
105799,Galeocerdo cuvier,max size,,,750
105799,Galeocerdo cuvier,common size,,,500
105800,Negaprion brevirostris,lat,-33,45,
105800,Negaprion brevirostris,Lon,-114,14,
105800,Negaprion brevirostris,Depth,0,92,
105800,Negaprion brevirostris,max size,340,368,
105800,Negaprion brevirostris,common size,,,240
105801,Prionace glauca,Lat,-55,70,
105801,Prionace glauca,Lon,-180,180,
105801,Prionace glauca,Depth,1,220,
105801,Prionace glauca,Depth,1,1082,
105801,Prionace glauca,max size,,,400
105801,Prionace glauca,common size,,,335
105801,Prionace glauca,Temperature,7,21,
105802,Rhizoprionodon acutus,lat,-30,41,
105802,Rhizoprionodon acutus,Lon,-27,156,
105802,Rhizoprionodon acutus,max size,,,175
105802,Rhizoprionodon acutus,common size,,,110
105803,Paragaleus pectoralis,lat,?,30,
105803,Paragaleus pectoralis,Depth,30,70,
105803,Paragaleus pectoralis,Depth,0,100,
105803,Paragaleus pectoralis,max size,,,140
105803,Paragaleus pectoralis,common size,,,100
105816,Sphyrna lewini,Lat,-39,46,
105816,Sphyrna lewini,Lon,-180,180,
105816,Sphyrna lewini,Depth,0,1043,
105816,Sphyrna lewini,Depth,0,25,
105816,Sphyrna lewini,Depth,0,275,
105816,Sphyrna lewini,max size,,,430
105816,Sphyrna lewini,common size,,,360
105817,Sphyrna mokarran,Lat,-37,40,
105817,Sphyrna mokarran,Lon,-180,180,
105817,Sphyrna mokarran,Depth,0,300,
105817,Sphyrna mokarran,Depth,1,100,
105817,Sphyrna mokarran,max size,400,610,550
105817,Sphyrna mokarran,common size,?,400,370
105819,Sphyrna zygaena,lat,-55,59,
105819,Sphyrna zygaena,Lon,-180,180,
105819,Sphyrna zygaena,Depth,0,200,
105819,Sphyrna zygaena,Depth,0,20,
105819,Sphyrna zygaena,max size,,,500
105819,Sphyrna zygaena,common size,,,335
105820,Galeorhinus galeus,lat,-58,70,
105820,Galeorhinus galeus,Lon,-180,37,
105820,Galeorhinus galeus,Lon,111,180,
105820,Galeorhinus galeus,Depth,0,200,
105820,Galeorhinus galeus,Depth,0,826,
105820,Galeorhinus galeus,max size,,,193
105820,Galeorhinus galeus,common size,,,160
105822,Mustelus mustelus,lat,-34,58,
105822,Mustelus mustelus,Lon,-19,36,
105822,Mustelus mustelus,Depth,5,624,
105822,Mustelus mustelus,Depth,5,50,
105822,Mustelus mustelus,max size,,,200
105822,Mustelus mustelus,common size,,,100
105832,Heptranchias perlo,lat,-58,58,
105832,Heptranchias perlo,Lon,-180,-173,
105832,Heptranchias perlo,Lon,-98,180,
105832,Heptranchias perlo,Depth,27,720,
105832,Heptranchias perlo,Depth,0,1000,
105832,Heptranchias perlo,Depth,180,450,
105832,Heptranchias perlo,max size,,,137
105832,Heptranchias perlo,common size,,,100
105833,Hexanchus griseus,Lat,-48,65,
105833,Hexanchus griseus,Lon,-180,180,
105833,Hexanchus griseus,Depth,180,1100,
105833,Hexanchus griseus,Depth,1,2500,
105833,Hexanchus griseus,max size,,,600
105833,Hexanchus griseus,common size,,,300
105833,Hexanchus griseus,Temperature,6,10,
105835,Alopias superciliosus,Lat,-40,46,
105835,Alopias superciliosus,Lon,-180,180,
105835,Alopias superciliosus,Depth,0,955,
105835,Alopias superciliosus,Depth,0,100,
105835,Alopias superciliosus,max size,,,488
105835,Alopias superciliosus,common size,,,350
105836,Alopias vulpinus,Lat,-58,74,
105836,Alopias vulpinus,Lon,-180,180,
105836,Alopias vulpinus,Depth,0,650,
105836,Alopias vulpinus,Depth,0,200,
105836,Alopias vulpinus,max size,,,573
105836,Alopias vulpinus,common size,,,450
105837,Cetorhinus maximus,lat,-58,75,
105837,Cetorhinus maximus,Lon,-180,42,
105837,Cetorhinus maximus,Lon,111,180,
105837,Cetorhinus maximus,Depth,0,1264,
105837,Cetorhinus maximus,Depth,0,2000,
105837,Cetorhinus maximus,max size,,,1520
105837,Cetorhinus maximus,common size,,,700
105837,Cetorhinus maximus,Temperature,8,16,
105837,Cetorhinus maximus,Temperature,6,24,
105838,Carcharodon carcharias,Lat,-58,61,
105838,Carcharodon carcharias,Lon,-180,180,
105838,Carcharodon carcharias,Depth,0,1200,
105838,Carcharodon carcharias,Depth,0,250,
105839,Isurus oxyrinchus,lat,-54,65,
105839,Isurus oxyrinchus,Lon,-180,180,
105839,Isurus oxyrinchus,Depth,100,150,
105839,Isurus oxyrinchus,Depth,0,888,
105839,Isurus oxyrinchus,max size,,,445
105839,Isurus oxyrinchus,common size,,,270
105839,Isurus oxyrinchus,Temperature,16,?,
105840,Isurus paucus,Lat,-38,46,
105840,Isurus paucus,Lon,-180,180,
105840,Isurus paucus,Depth,0,1752,
105840,Isurus paucus,max size,,,427
105840,Isurus paucus,common size,,,200
105841,Lamna nasus,Lat,-59,76,
105841,Lamna nasus,Lon,-180,180,
105841,Lamna nasus,Depth,0,1809,
105841,Lamna nasus,Depth,0,300,
105841,Lamna nasus,max size,,,350
105841,Lamna nasus,common size,,,244
105841,Lamna nasus,Temperature,5,10,
105841,Lamna nasus,Temperature,-1,23,
105843,Carcharias taurus,Lat,-48,45,
105843,Carcharias taurus,Lon,-100,155,
105843,Carcharias taurus,Depth,0,232,
105843,Carcharias taurus,Depth,15,25,
105843,Carcharias taurus,max size,,,330
105843,Carcharias taurus,common size,,,250
105844,Odontaspis ferox,Lat,-49,50,
105844,Odontaspis ferox,Lon,-180,180,
105844,Odontaspis ferox,Depth,10,2000,
105844,Odontaspis ferox,Depth,13,880,
105845,Odontaspis noronhai,Lat,-34,31,
105845,Odontaspis noronhai,Lon,-163,-27,
105845,Odontaspis noronhai,Depth,35,1000,
105846,Ginglymostoma cirratum,lat,-35,44,
105846,Ginglymostoma cirratum,Lon,-122,10,
105846,Ginglymostoma cirratum,Depth,0,130,
105846,Ginglymostoma cirratum,Depth,1,35,
105846,Ginglymostoma cirratum,max size,,,430
105846,Ginglymostoma cirratum,common size,,,304
105847,Rhincodon typus,Lat,-48,45,
105847,Rhincodon typus,Lon,-180,180,
105847,Rhincodon typus,Depth,0,100,
105847,Rhincodon typus,Depth,0,1928,
105847,Rhincodon typus,max size,,,1700
105847,Rhincodon typus,common size,,,1000
105847,Rhincodon typus,Temperature,26.5,30,
105847,Rhincodon typus,Temperature,18,30,
105858,Mobula japanica,lat,-30,40,
105858,Mobula mobular,Lat,13,53,
105858,Mobula japanica,Depth,0,200,
105858,Mobula japanica,Depth,0,647,
105858,Mobula mobular,Depth,0,50,
105858,Mobula mobular,Depth,0,1112,
105858,Mobula japanica,max size,,,310
105858,Mobula japanica,common size,,,225
105859,Mobula tarapacana,Lat,-37,50,
105859,Mobula tarapacana,Lon,-180,180,
105859,Mobula tarapacana,Depth,0,1896,
105859,Mobula tarapacana,Depth,0,20,
105859,Mobula tarapacana,max size,,,328
105859,Mobula tarapacana,common size,,,250
105860,Myliobatis aquila,Lat,-36,60,
105860,Myliobatis aquila,Lon,-32,58,
105860,Myliobatis aquila,Depth,0,537,
105860,Myliobatis aquila,Depth,1,95,
105899,Centrophorus granulosus,Lat,-43,58,
105899,Centrophorus granulosus,Lon,-98,156,
105899,Centrophorus granulosus,Depth,300,1100,
105899,Centrophorus granulosus,Depth,50,1500,
105899,Centrophorus granulosus,Depth,200,600,
105901,Centrophorus squamosus,lat,-54,69,
105901,Centrophorus squamosus,Lon,-180,-176,
105901,Centrophorus squamosus,Lon,-92,180,
105901,Centrophorus squamosus,Depth,0,200,mostly
105901,Centrophorus squamosus,Depth,0,3366,
105902,Centrophorus uyato,lat,-43,43,
105902,Centrophorus uyato,Depth,400,800,
105902,Centrophorus uyato,Depth,50,1400,
105907,Centroscymnus coelolepis,Lat,-61,75,
105907,Centroscymnus coelolepis,Lon,-180,-147,
105907,Centroscymnus coelolepis,Lon,-98,180,
105907,Centroscymnus coelolepis,Depth,400,3675,mostly
105907,Centroscymnus coelolepis,Depth,128,3675,
105907,Centroscymnus coelolepis,max size,,,121
105907,Centroscymnus coelolepis,common size,,,92
105907,Centroscymnus coelolepis,Temperature,5,13,
105910,Dalatias licha,lat,-56,72,
105910,Dalatias licha,Lon,-180,-153,
105910,Dalatias licha,Lon,-98,180,
105910,Dalatias licha,Depth,37,1800,
105910,Dalatias licha,Depth,300,600,
105918,Scymnodon ringens,Lat,-54,61,
105918,Scymnodon ringens,lon,-180,-172,
105918,Scymnodon ringens,lon,-18,180,
105918,Scymnodon ringens,Depth,200,1600,
105918,Scymnodon ringens,max size,?,,110
105919,Somniosus microcephalus,Lat,27,83,
105919,Somniosus microcephalus,Lon,-95,61,
105919,Somniosus microcephalus,Depth,0,2647,
105919,Somniosus microcephalus,Depth,180,550,
105919,Somniosus microcephalus,Temperature,-1.8,17.2,
105921,Squaliolus laticaudus,Lat,-40,48,
105921,Squaliolus laticaudus,lon,-180,180,
105921,Squaliolus laticaudus,Depth,60,750,
105921,Squaliolus laticaudus,Depth,10,1800,
105921,Squaliolus laticaudus,max size,?,,27.5
105921,Squaliolus laticaudus,max size,?,,25
105921,Squaliolus laticaudus,max size,?,,22
105923,Squalus acanthias,lat,-57,78,
105923,Squalus acanthias,Lon,-180,-171,
105923,Squalus acanthias,Lon,-82,180,
105923,Squalus acanthias,Depth,0,1978,
105923,Squalus acanthias,Depth,50,300,
105923,Squalus acanthias,max size,,,160
105923,Squalus acanthias,common size,,,100
105923,Squalus acanthias,Temperature,7,15,
126292,Nessorhamphus ingolfianus,Depth,0,1800,
126292,Nessorhamphus ingolfianus,max size,,,60
126305,Nemichthys curvirostris,Lat,-40,40,
126305,Nemichthys curvirostris,lon,-180,180,
126305,Nemichthys curvirostris,Depth,0,4400,
126305,Nemichthys curvirostris,Depth,0,2000,
126305,Nemichthys curvirostris,max size,,,143
126305,Nemichthys curvirostris,max size,,,130
126306,Nemichthys scolopaceus,Lat,-42,55,
126306,Nemichthys scolopaceus,lon,-180,180,
126306,Nemichthys scolopaceus,Depth,100,1000,
126306,Nemichthys scolopaceus,Depth,0,3656,
126306,Nemichthys scolopaceus,max size,,,130
126332,Alepisaurus brevirostris,Lat,-72,68,
126332,Alepisaurus brevirostris,Lon,-180,180,
126332,Alepisaurus brevirostris,Depth,640,1591,
126332,Alepisaurus brevirostris,max size,,,96
126332,Alepisaurus brevirostris,common size,,,70
126333,Alepisaurus ferox,lat,-57,84,
126333,Alepisaurus ferox,Lon,-180,180,
126333,Alepisaurus ferox,Depth,0,1830,
126333,Alepisaurus ferox,max size,,,215
126333,Alepisaurus ferox,common size,,,150
126349,Scopelosaurus lepidus,Lat,-18,71,
126349,Scopelosaurus lepidus,lon,-81,15,
126349,Scopelosaurus lepidus,Depth,500,800,
126349,Scopelosaurus lepidus,Depth,70,2500,
126349,Scopelosaurus lepidus,max size,,,36.4
126349,Scopelosaurus lepidus,common size,,,35
126350,Scopelosaurus smithii,Lat,-30,40,
126350,Scopelosaurus smithii,Depth,500,?,
126350,Scopelosaurus smithii,Depth,50,815,
126350,Scopelosaurus smithii,max size,,,25
126361,Paralepis coregonoides,Lat,30,65,
126361,Paralepis coregonoides,lon,-77,21,
126361,Paralepis coregonoides,Depth,50,1032,
126361,Paralepis coregonoides,Depth,50,600,
126361,Paralepis coregonoides,max size,,,29
126361,Paralepis coregonoides,max size,,,50
126367,Scopelarchus analis,Depth,0,820,
126367,Scopelarchus analis,Depth,200,1500,
126367,Scopelarchus analis,max size,,,12.6
126368,Scopelarchus michaelsarsi,Lat,-37,30,
126368,Scopelarchus michaelsarsi,lon,-180,-150,
126368,Scopelarchus michaelsarsi,lon,-85,180,
126368,Scopelarchus michaelsarsi,Depth,250,500,
126368,Scopelarchus michaelsarsi,max size,,,10.1
126375,Belone belone,lat,14,65,
126375,Belone belone,lon,-32,42,
126375,Belone belone,Depth,0,20,
126375,Belone belone,max size,,,104
126375,Belone belone,common size,,,45
126378,Tylosurus acus,Lat,?,43,
126378,Tylosurus acus,lon,-98,36,
126378,Tylosurus acus,Depth,0,20,
126378,Tylosurus acus,common size,,,90
126378,Tylosurus acus,max size,95,129,
126378,Tylosurus acus,max size,,,153
126378,Tylosurus acus,common size,,,90
126385,Exocoetus volitans,Lat,-36,44,
126385,Exocoetus volitans,lon,-180,180,
126385,Exocoetus volitans,Depth,0,20,
126385,Exocoetus volitans,max size,,,30
126385,Exocoetus volitans,common size,,,20
126387,Hirundichthys speculiger,Lat,-36,42,
126387,Hirundichthys speculiger,lon,-180,180,
126387,Hirundichthys speculiger,Depth,0,20,
126387,Hirundichthys speculiger,max size,,,25.1
126392,Scomberesox saurus,Lat,-22,66,
126392,Scomberesox saurus,lon,-98,36,
126392,Scomberesox saurus,Depth,0,30,
126392,Scomberesox saurus,max size,,,50
126392,Scomberesox saurus,common size,,,32
126393,Anoplogaster cornuta,Lat,-46,65,
126393,Anoplogaster cornuta,lon,-180,180,
126393,Anoplogaster cornuta,Depth,500,2000,
126393,Anoplogaster cornuta,Depth,2,4992,
126393,Anoplogaster cornuta,max size,,,18
126404,Hoplostethus mediterraneus,Lat,-78,68,
126404,Hoplostethus mediterraneus,lon,-98,180,
126404,Hoplostethus mediterraneus,lon,-180,-167,
126404,Hoplostethus mediterraneus,Depth,100,1408,
126404,Hoplostethus mediterraneus,max size,,,42
126404,Hoplostethus mediterraneus,common size,,,20
126407,Ditropichthys storeri,Lat,-43,45,
126407,Ditropichthys storeri,Depth,1000,2000,
126407,Ditropichthys storeri,Depth,650,3400,
126407,Ditropichthys storeri,max size,,,12.8
126412,Rondeletia loricata,Lat,-40,45,
126412,Rondeletia loricata,lon,-180,180,
126412,Rondeletia loricata,Depth,200,1400,
126412,Rondeletia loricata,Depth,100,3500,
126412,Rondeletia loricata,max size,,,11
126412,Rondeletia loricata,common size,,,9
126421,Sardina pilchardus,Lat,14,68,
126421,Sardina pilchardus,lon,-32,43,
126421,Sardina pilchardus,Depth,10,35,
126421,Sardina pilchardus,Depth,25,100,
126421,Sardina pilchardus,max size,,,20
126421,Sardina pilchardus,common size,,,27.5
126422,Sardinella aurita,Lat,-40,47,
126422,Sardinella aurita,lon,-98,43,
126422,Sardinella aurita,Depth,0,350,
126422,Sardinella aurita,max size,,,41
126422,Sardinella aurita,common size,,,25
126423,Sardinella maderensis,lat,-23,46,
126423,Sardinella maderensis,lon,-17,36,
126423,Sardinella maderensis,Depth,0,80,
126423,Sardinella maderensis,common size,20,25,
126423,Sardinella maderensis,max size,,,30
126423,Sardinella maderensis,max size,,,32
126423,Sardinella maderensis,common size,,,25
126423,Sardinella maderensis,common size,,,22.5
126425,Sprattus sprattus,Lat,30,60,
126425,Sprattus sprattus,lon,-11,42,
126425,Sprattus sprattus,Depth,10,150,
126425,Sprattus sprattus,max size,,,16
126425,Sprattus sprattus,common size,,,12
126439,Micromesistius poutassou,Lat,26,79,
126439,Micromesistius poutassou,lon,-82,51,
126439,Micromesistius poutassou,Depth,300,400,
126439,Micromesistius poutassou,Depth,150,3000,
126439,Micromesistius poutassou,max size,,,55.5
126439,Micromesistius poutassou,common size,,,22
126444,Trisopterus esmarkii,lat,48,79,
126444,Trisopterus esmarkii,lon,-27,30,
126444,Trisopterus esmarkii,Depth,100,200,
126444,Trisopterus esmarkii,Depth,50,300,
126444,Trisopterus esmarkii,max size,,,35
126444,Trisopterus esmarkii,common size,,,19
126473,Nezumia aequalis,Lat,-12,70,
126473,Nezumia aequalis,lon,-98,30,
126473,Nezumia aequalis,Depth,200,2320,
126473,Nezumia aequalis,Depth,200,1000,
126473,Nezumia aequalis,max size,,,36
126473,Nezumia aequalis,common size,,,25
126482,Trachyrincus scabrus,Lat,-27,55,
126482,Trachyrincus scabrus,lon,-26,36,
126482,Trachyrincus scabrus,Depth,400,1500,
126482,Trachyrincus scabrus,max size,,,50
126482,Trachyrincus scabrus,max size,,,60
126484,Merluccius merluccius,Lat,18,76,
126484,Merluccius merluccius,lon,-30,42,
126484,Merluccius merluccius,Depth,70,370,
126484,Merluccius merluccius,Depth,30,1075,
126484,Merluccius merluccius,max size,,,100
126484,Merluccius merluccius,max size,,,140
126484,Merluccius merluccius,common size,,,45
126486,Antimora rostrata,Lat,-68,70,
126486,Antimora rostrata,lon,-180,180,
126486,Antimora rostrata,Depth,1300,2500,
126486,Antimora rostrata,Depth,350,3000,
126486,Antimora rostrata,max size,,,75
126497,Mora moro,Lat,-51,64,
126497,Mora moro,lon,-180,-174,
126497,Mora moro,lon,-77,180,
126497,Mora moro,Depth,450,2500,
126497,Mora moro,Depth,50,2500,
126497,Mora moro,max size,,,80
126497,Mora moro,common size,,,45
126522,Lampris guttatus,Lat,-60,75,
126522,Lampris guttatus,Lon,-180,180,
126522,Lampris guttatus,Depth,100,400,Day
126522,Lampris guttatus,Depth,50,150,Night
126522,Lampris guttatus,max size,,,200
126522,Lampris guttatus,common size,,,120
126522,Lampris guttatus,Temperature,8,22,
126524,Radiicephalus elongatus,Lat,-40,38,
126524,Radiicephalus elongatus,lon,-180,180,
126524,Radiicephalus elongatus,lon,-130,20,
126524,Radiicephalus elongatus,common size,60,75,
126524,Radiicephalus elongatus,max size,,,80
126524,Radiicephalus elongatus,max size,,,76
126525,Regalecus glesne,Lat,15,72,
126525,Regalecus glesne,Lat,-52,-15,
126525,Regalecus glesne,Lon,-180,180,
126525,Regalecus glesne,Depth,15,1000,
126525,Regalecus glesne,Depth,20,200,
126525,Regalecus glesne,max size,,,800
126525,Regalecus glesne,common size,,,300
126526,Stylephorus chordatus,Lat,-37,45,
126526,Stylephorus chordatus,lon,-130,20,
126526,Stylephorus chordatus,Depth,625,800,
126526,Stylephorus chordatus,Depth,300,600,
126526,Stylephorus chordatus,max size,,,32
126526,Stylephorus chordatus,max size,,,28
126527,Trachipterus arcticus,Lat,25,72,
126527,Trachipterus arcticus,Lon,-62,25,
126527,Trachipterus arcticus,Depth,100,900,
126527,Trachipterus arcticus,Depth,300,600,
126528,Trachipterus trachypterus,Lat,-48,45,
126528,Trachipterus trachypterus,Lon,-180,-153,
126528,Trachipterus trachypterus,Lon,-76,180,
126528,Trachipterus trachypterus,Depth,200,1355,
126528,Trachipterus trachypterus,Depth,100,600,
126537,Ceratias holboelli,Lat,-45,67,
126537,Ceratias holboelli,lon,-180,180,
126537,Ceratias holboelli,Depth,400,4400,
126537,Ceratias holboelli,Depth,400,2000,
126537,Ceratias holboelli,max size,,,16
126537,Ceratias holboelli,max size,,,120
126537,Ceratias holboelli,max size,,,16
126537,Ceratias holboelli,max size,,,120
126537,Ceratias holboelli,common size,,,77
126537,Ceratias holboelli,common size,,,77
126538,Cryptopsaras couesii,Lat,-52,81,
126538,Cryptopsaras couesii,lon,-180,180,
126538,Cryptopsaras couesii,Depth,500,1250,
126538,Cryptopsaras couesii,Depth,0,3085,
126538,Cryptopsaras couesii,max size,,,44
126538,Cryptopsaras couesii,max size,,,7.3
126538,Cryptopsaras couesii,max size,,,7.3
126538,Cryptopsaras couesii,common size,,,1.05
126538,Cryptopsaras couesii,common size,,,1.05
126566,Leptacanthichthys gracilispinis,Depth,0,2000,
126566,Leptacanthichthys gracilispinis,max size,6.9,10.3,
126566,Leptacanthichthys gracilispinis,max size,?,,0.8
126581,Benthosema suborbitale,Lat,-50,50,
126581,Benthosema suborbitale,lon,-180,180,
126581,Benthosema suborbitale,Depth,0,125,Night
126581,Benthosema suborbitale,Depth,375,750,Day
126581,Benthosema suborbitale,Depth,50,2500,
126581,Benthosema suborbitale,max size,,,3.9
126582,Bolinichthys indicus,Lat,-45,-20,Indian Ocean
126582,Bolinichthys indicus,Lat,?,50,
126582,Bolinichthys indicus,Depth,25,300,Night
126582,Bolinichthys indicus,Depth,500,900,Day
126582,Bolinichthys indicus,max size,,,4.6
126583,Bolinichthys supralateralis,Lat,-40,45,
126583,Bolinichthys supralateralis,lon,-169,-153,
126583,Bolinichthys supralateralis,Depth,40,650,Night
126583,Bolinichthys supralateralis,Depth,375,750,Day
126583,Bolinichthys supralateralis,max size,,,11.7
126584,Centrobranchus nigroocellatus,Lat,-45,40,
126584,Centrobranchus nigroocellatus,Depth,0,200,Night
126584,Centrobranchus nigroocellatus,Depth,375,650,Day
126584,Centrobranchus nigroocellatus,max size,,,5
126585,Ceratoscopelus maderensis,Lat,20,50,
126585,Ceratoscopelus maderensis,Depth,51,250,Night
126585,Ceratoscopelus maderensis,Depth,650,700,Day
126585,Ceratoscopelus maderensis,Depth,51,1480,
126585,Ceratoscopelus maderensis,max size,,,8.1
126589,Diaphus brachycephalus,Lat,-33,42,
126589,Diaphus brachycephalus,Depth,0,225,Night
126589,Diaphus brachycephalus,Depth,175,550,Day
126589,Diaphus brachycephalus,max size,,,6
126590,Diaphus dumerilii,Lat,-45,51,
126590,Diaphus dumerilii,Depth,0,50,Night
126590,Diaphus dumerilii,Depth,225,750,Day
126590,Diaphus dumerilii,max size,,,9.5
126594,Diaphus metopoclampus,Lat,-55,49,
126594,Diaphus metopoclampus,lon,-180,-153,
126594,Diaphus metopoclampus,lon,-67,180,
126594,Diaphus metopoclampus,Depth,375,850,Day
126594,Diaphus metopoclampus,Depth,90,1085,
126594,Diaphus metopoclampus,max size,,,7.5
126599,Diogenichthys atlanticus,Lat,-48,50,
126599,Diogenichthys atlanticus,lon,-180,-109,
126599,Diogenichthys atlanticus,lon,-82,180,
126599,Diogenichthys atlanticus,Depth,18,1050,Night
126599,Diogenichthys atlanticus,Depth,400,930,Day
126599,Diogenichthys atlanticus,max size,,,2.9
126603,Hygophum hygomii,Lat,-40,46,
126603,Hygophum hygomii,Depth,0,300,Night
126603,Hygophum hygomii,Depth,600,800,Day
126603,Hygophum hygomii,max size,,,7.7
126607,Lampadena chavesi,Lat,-33,-26,Atlantic 
126607,Lampadena chavesi,Lat,26,41,Atlantic 
126607,Lampadena chavesi,Depth,0,175,Night
126607,Lampadena chavesi,Depth,600,800,Day
126607,Lampadena chavesi,max size,,,8
126612,Lampanyctus crocodilus,Lat,16,72,
126612,Lampanyctus crocodilus,lon,-82,36,
126612,Lampanyctus crocodilus,Depth,0,1200,
126612,Lampanyctus crocodilus,Depth,700,800,Day
126612,Lampanyctus crocodilus,Depth,45,150,Night
126612,Lampanyctus crocodilus,max size,,,14.8
126612,Lampanyctus crocodilus,max size,,,30
126612,Lampanyctus crocodilus,common size,,,8
126614,Lampanyctus festivus,Lat,-56,50,
126614,Lampanyctus festivus,lon,-180,180,
126614,Lampanyctus festivus,Depth,40,1052,
126614,Lampanyctus festivus,max size,,,13.8
126616,Lampanyctus lineatus,Lat,-27,42,
126616,Lampanyctus lineatus,lon,-180,-153,
126616,Lampanyctus lineatus,lon,-82,180,
126616,Nannobrachium lineatum,Depth,60,225,Night
126616,Nannobrachium lineatum,Depth,650,1000,Day
126616,Lampanyctus lineatus,max size,,,23.7
126625,Loweina rara,Lat,-30,46,
126625,Loweina rara,Depth,0,175,Night
126625,Loweina rara,Depth,550,1050,Day
126625,Loweina rara,max size,,,4.5
126626,Myctophum nitidulum,Lat,-34,42,
126626,Myctophum nitidulum,lon,-180,-117,
126626,Myctophum nitidulum,lon,112,180,
126626,Myctophum nitidulum,Depth,0,5,Night
126626,Myctophum nitidulum,Depth,475,850,Day
126626,Myctophum nitidulum,max size,,,8.3
126627,Myctophum punctatum,Lat,15,69,
126627,Myctophum punctatum,lon,-67,36,
126627,Myctophum punctatum,Depth,225,750,Day
126627,Myctophum punctatum,Depth,0,125,Night
126627,Myctophum punctatum,max size,,,11
126629,Notolychnus valdiviae,Lat,-40,56,
126629,Notolychnus valdiviae,lon,-180,180,
126629,Notolychnus valdiviae,Depth,25,350,Night
126629,Notolychnus valdiviae,Depth,375,700,Day
126629,Notolychnus valdiviae,max size,,,6.3
126632,Taaningichthys minimus,Lat,-30,-18,
126632,Taaningichthys minimus,Lat,14,40,
126632,Taaningichthys minimus,lon,-180,21,
126632,Taaningichthys minimus,lon,131,180,
126632,Taaningichthys minimus,Depth,50,500,
126632,Taaningichthys minimus,Depth,600,800,
126632,Taaningichthys minimus,max size,,,6.5
126715,Argentina silus,Lat,42,80,
126715,Argentina silus,lon,-71,31,
126715,Argentina silus,Depth,182.8,255.9,
126715,Argentina silus,Depth,140,1440,
126715,Argentina silus,max size,,,70
126733,Opisthoproctus soleatus,Lat,?,51,
126733,Opisthoproctus soleatus,Depth,500,700,
126733,Opisthoproctus soleatus,Depth,300,4000,
126733,Opisthoproctus soleatus,max size,,,11
126733,Opisthoproctus soleatus,max size,,,10.5
126734,Rhynchohyalus natalensis,Lat,-49,35,
126734,Rhynchohyalus natalensis,lon,-180,-154,
126734,Rhynchohyalus natalensis,lon,-89,180,
126734,Rhynchohyalus natalensis,Depth,250,625,
126734,Rhynchohyalus natalensis,max size,,,16
126735,Mallotus villosus,Lat,37,84,
126735,Mallotus villosus,lon,-180,180,
126735,Mallotus villosus,Depth,0,725,
126735,Mallotus villosus,max size,,,25.2
126735,Mallotus villosus,max size,,,20
126735,Mallotus villosus,common size,,,15
126757,Anarhichas denticulatus,Lat,43,81,
126757,Anarhichas denticulatus,lon,-123,61,
126757,Anarhichas denticulatus,Depth,100,900,
126757,Anarhichas denticulatus,Depth,60,1700,
126757,Anarhichas denticulatus,max size,,,180
126783,Brama brama,Lat,-35,30,
126783,Brama brama,Lat,-70,65,
126783,Brama brama,Lon,-180,180,
126783,Brama brama,Depth,0,1000,
126783,Brama brama,Depth,0,200,
126783,Brama brama,max size,,,100
126783,Brama brama,common size,,,40
126783,Brama brama,Temperature,12,24,
126785,Pterycombus brama,Lat,-1,67,
126785,Pterycombus brama,lon,-98,36,
126785,Pterycombus brama,Depth,25,400,
126785,Pterycombus brama,max size,,,46
126786,Taractes asper,Lat,-40,70,
126786,Taractes asper,Lat,-35,72,
126786,Taractes asper,Lon,-180,180,
126786,Taractes asper,Depth,0,1000,
126786,Taractes asper,Depth,1,140,
126787,Taractes rubescens,Depth,0,600,
126787,Taractes rubescens,max size,,,89
126787,Taractes rubescens,common size,,,30
126788,Taractichthys longipinnis,Lat,-35,60,
126788,Taractichthys longipinnis,Lat,-68,47,
126788,Taractichthys longipinnis,Lon,-98,21,
126788,Taractichthys longipinnis,Depth,0,500,
126788,Taractichthys longipinnis,Depth,42,200,
126788,Taractichthys longipinnis,Temperature,10,?,
126802,Caranx crysos,Lat,-26,46,
126802,Caranx crysos,Lon,-97,32,
126802,Caranx crysos,Depth,0,100,
126802,Caranx crysos,max size,,,70
126802,Caranx crysos,common size,,,40
126803,Caranx hippos,Lat,-35,45,
126803,Caranx hippos,lon,-98,14,
126803,Caranx hippos,Depth,1,200,
126803,Caranx hippos,Depth,1,350,
126803,Caranx hippos,max size,,,124
126803,Caranx hippos,common size,,,75
126805,Caranx lugubris,Lat,-30,30,
126805,Caranx lugubris,Lon,-180,180,
126805,Caranx lugubris,Depth,3,380,
126805,Caranx lugubris,Depth,24,65,
126805,Caranx lugubris,max size,,,100
126805,Caranx lugubris,common size,,,70
126807,Decapterus macarellus,Lat,-46,54,
126807,Decapterus macarellus,Lon,-180,180,
126807,Decapterus macarellus,Depth,40,200,
126807,Decapterus macarellus,Depth,1,400,
126807,Decapterus macarellus,max size,,,46
126807,Decapterus macarellus,common size,,,30
126809,Elagatis bipinnulata,Lat,-41,44,
126809,Elagatis bipinnulata,Lon,-180,180,
126809,Elagatis bipinnulata,Depth,1,150,
126809,Elagatis bipinnulata,Depth,2,10,
126809,Elagatis bipinnulata,max size,,,180
126809,Elagatis bipinnulata,common size,,,90
126811,Naucrates ductor,Lat,-43,61,
126811,Naucrates ductor,Lon,-180,180,
126811,Naucrates ductor,Depth,0,150,
126811,Naucrates ductor,Depth,0,300,
126811,Naucrates ductor,max size,,,70
126811,Naucrates ductor,common size,,,40
126814,Selene dorsalis,Lat,-28,39,
126814,Selene dorsalis,Depth,20,100,
126814,Selene dorsalis,Depth,0,60,
126814,Selene dorsalis,max size,,,40
126814,Selene dorsalis,common size,,,24
126816,Seriola dumerili,Lat,-36,49,
126816,Seriola dumerili,Lon,-98,128,
126816,Seriola dumerili,Depth,1,385,
126816,Seriola dumerili,Depth,18,72,
126816,Seriola dumerili,max size,,,190
126816,Seriola dumerili,common size,,,100
126818,Seriola rivoliana,Lat,-38,43,
126818,Seriola rivoliana,Lon,-180,180,
126818,Seriola rivoliana,Depth,3,250,
126818,Seriola rivoliana,Depth,30,35,
126818,Seriola rivoliana,max size,,,160
126818,Seriola rivoliana,common size,,,90
126820,Trachurus mediterraneus,Lat,16,50,
126820,Trachurus mediterraneus,lon,-20,43,
126820,Trachurus mediterraneus,Depth,5,250,
126820,Trachurus mediterraneus,Depth,0,500,
126820,Trachurus mediterraneus,max size,,,60
126820,Trachurus mediterraneus,common size,,,30
126821,Trachurus picturatus,Lat,-41,45,
126821,Trachurus picturatus,lon,-32,17,
126821,Trachurus picturatus,Depth,305,370,
126822,Trachurus trachurus,Lat,-38,67,
126822,Trachurus trachurus,lon,-26,42,
126822,Trachurus trachurus,Depth,0,1050,
126822,Trachurus trachurus,Depth,100,200,
126822,Trachurus trachurus,max size,,,70
126822,Trachurus trachurus,common size,,,22
126823,Trachurus trecae,Lat,-19,35,
126823,Trachurus trecae,Lon,-26,14,
126823,Trachurus trecae,Depth,20,300,
126823,Trachurus trecae,Temperature,15,22,
126828,Spicara maena,Lat,28,47,
126828,Spicara maena,lon,-19,42,
126828,Spicara maena,Depth,30,90,
126828,Spicara maena,Depth,30,200,
126828,Spicara maena,max size,,,21
126828,Spicara maena,max size,,,25
126830,Spicara smaris,Lat,20,47,
126830,Spicara smaris,lon,-19,42,
126830,Spicara smaris,max size,,,24.2
126830,Spicara smaris,max size,,,20
126830,Spicara smaris,common size,,,14
126831,Centrolophus niger,Lat,-55,68,
126831,Centrolophus niger,Lon,-180,180,
126831,Centrolophus niger,Depth,300,700,
126831,Centrolophus niger,Depth,40,1050,
126831,Centrolophus niger,max size,,,150
126831,Centrolophus niger,common size,,,60
126843,Pseudoscopelus altipinnis,Lat,-36,46,
126843,Pseudoscopelus altipinnis,lon,-180,180,
126843,Pseudoscopelus altipinnis,Depth,30,2400,
126843,Pseudoscopelus altipinnis,Depth,50,1870,
126843,Pseudoscopelus altipinnis,max size,,,20
126843,Pseudoscopelus altipinnis,max size,,,20
126843,Pseudoscopelus altipinnis,common size,,,10.1
126845,Coryphaena equiselis,Lat,-48,48,
126845,Coryphaena equiselis,Lon,-180,180,
126845,Coryphaena equiselis,Depth,0,119,
126845,Coryphaena equiselis,Depth,0,400,
126845,Coryphaena equiselis,common size,,50,
126845,Coryphaena equiselis,Temperature,24,?,
126845,Coryphaena equiselis,spawning temperature,21,,
126846,Coryphaena hippurus,Lat,-40,50,
126846,Coryphaena hippurus,Lon,180,-180,
126846,Coryphaena hippurus,Depth,0,85,
126846,Coryphaena hippurus,Depth,5,10,
126846,Coryphaena hippurus,max size,,,210
126846,Coryphaena hippurus,common size,,,100
126846,Coryphaena hippurus,Temperature,21,30,
126848,Echeneis naucrates,Lat,-45,45,
126848,Echeneis naucrates,Lon,-180,180,
126848,Echeneis naucrates,Depth,0,50,
126848,Echeneis naucrates,max size,,,110
126848,Echeneis naucrates,common size,,,66
126849,Phtheirichthys lineatus,Depth,1,100,
126849,Phtheirichthys lineatus,Depth,0,5,
126851,Remora brachyptera,Depth,0,200,
126851,Remora brachyptera,max size,,,50
126851,Remora brachyptera,common size,,,25
126852,Remora osteochir,Lat,-45,42,
126852,Remora osteochir,Lon,-180,180,
126852,Remora osteochir,Depth,1,200,
126852,Remora osteochir,Depth,1,100,
126853,Remora remora,Lat,-36,60,
126853,Remora remora,Lon,-180,180,
126853,Remora remora,Depth,62,86,
126853,Remora remora,Depth,0,200,
126853,Remora remora,max size,,,86.4
126853,Remora remora,common size,,,40
126862,Gempylus serpens,Lat,-40,42,
126862,Gempylus serpens,Lon,-180,180,
126862,Gempylus serpens,Depth,0,200,
126862,Gempylus serpens,Depth,0,950,
126862,Gempylus serpens,max size,,,100
126862,Gempylus serpens,common size,,,60
126863,Lepidocybium flavobrunneum,Lat,-56,50,
126863,Lepidocybium flavobrunneum,Lon,-180,180,
126863,Lepidocybium flavobrunneum,Depth,200,1100,
126863,Lepidocybium flavobrunneum,max size,,,200
126863,Lepidocybium flavobrunneum,common size,,,150
126864,Nealotus tripes,Lat,-35,47,
126864,Nealotus tripes,lon,-180,180,
126864,Nealotus tripes,Depth,0,1646,
126864,Nealotus tripes,Depth,914,1646,
126864,Nealotus tripes,max size,,,25
126864,Nealotus tripes,common size,,,15
126865,Nesiarchus nasutus,Lat,-47,70,
126865,Nesiarchus nasutus,Lon,-180,180,
126865,Nesiarchus nasutus,Depth,200,1200,
126865,Nesiarchus nasutus,max size,,,130
126865,Nesiarchus nasutus,common size,,,80
126866,Promethichthys prometheus,Lat,-36,50,
126866,Promethichthys prometheus,lon,-180,180,
126866,Promethichthys prometheus,Depth,300,400,
126866,Promethichthys prometheus,Depth,80,800,
126866,Promethichthys prometheus,max size,,,100
126866,Promethichthys prometheus,common size,,,40
126867,Ruvettus pretiosus,Lat,-43,55,
126867,Ruvettus pretiosus,Lon,-180,180,
126867,Ruvettus pretiosus,Depth,200,400,
126867,Ruvettus pretiosus,Depth,18,1100,
126867,Ruvettus pretiosus,max size,,,300
126867,Ruvettus pretiosus,common size,,,150
126949,Istiophorus albicans,Lat,-55,56,
126949,Istiophorus albicans,Lon,-99,18,
126949,Istiophorus albicans,Depth,0,200,
126949,Istiophorus albicans,max size,,,315
126949,Istiophorus albicans,common size,,,240
126949,Istiophorus albicans,Temperature,21,28,
126950,Makaira nigricans,Lat,-45,50,
126950,Makaira nigricans,Lon,-180,180,
126950,Makaira nigricans,Depth,0,10,
126950,Makaira nigricans,Depth,0,1000,
126950,Makaira nigricans,max size,,,500
126950,Makaira nigricans,common size,,,290
126950,Makaira nigricans,Temperature,22,31,27.25
126952,Tetrapturus belone,Lat,30,46,
126952,Tetrapturus belone,Lon,-6,36,
126952,Tetrapturus belone,Depth,0,200,
126952,Tetrapturus belone,max size,,,240
126952,Tetrapturus belone,common size,,,200
126953,Tetrapturus georgii,Lat,-29,42,
126953,Tetrapturus georgii,Lon,-98,18,
126953,Tetrapturus georgii,Depth,0,200,
126954,Tetrapturus pfluegeri,Lat,-35,40,
126954,Tetrapturus pfluegeri,Lat,-33,44,
126954,Tetrapturus pfluegeri,Lon,-98,17,
126954,Tetrapturus pfluegeri,Depth,0,240,
126954,Tetrapturus pfluegeri,max size,,,254
126954,Tetrapturus pfluegeri,common size,,,165
126973,Lobotes surinamensis,Lat,-53,45,
126973,Lobotes surinamensis,Lon,-180,-154,
126973,Lobotes surinamensis,Lon,-98,180,
126973,Lobotes surinamensis,Depth,0,70,
126973,Lobotes surinamensis,max size,,,110
126973,Lobotes surinamensis,common size,,,80
126974,Luvarus imperialis,Lat,-25,60,
126974,Luvarus imperialis,Lon,-180,180,
126974,Luvarus imperialis,Depth,0,500,
126974,Luvarus imperialis,Depth,0,200,
126974,Luvarus imperialis,max size,,,200
126974,Luvarus imperialis,common size,,,152
126976,Dicentrarchus punctatus,Lat,10,51,
126976,Dicentrarchus punctatus,Depth,30,?,
126976,Dicentrarchus punctatus,max size,,,70
126976,Dicentrarchus punctatus,common size,,,30
126989,Upeneus moluccensis,Lat,-27,35,
126989,Upeneus moluccensis,lon,32,168,
126989,Upeneus moluccensis,Depth,10,150,
126989,Upeneus moluccensis,max size,,,
126989,Upeneus moluccensis,max size,,,22.5
126989,Upeneus moluccensis,common size,,,
126989,Upeneus moluccensis,common size,,,18
126991,Nomeus gronovii,Lat,-45,52,
126991,Nomeus gronovii,lon,-180,180,
126991,Nomeus gronovii,Depth,0,1000,
126991,Nomeus gronovii,max size,,,40
126991,Nomeus gronovii,max size,,,39
126992,Psenes maculatus,Lat,7,41,
126992,Psenes maculatus,lon,-180,180,
126992,Psenes maculatus,Depth,0,1280,
126992,Psenes maculatus,max size,,,10
126992,Psenes maculatus,max size,,,30
126998,Polyprion americanus,Lat,-55,70,
126998,Polyprion americanus,Lon,-82,179,
126998,Polyprion americanus,Depth,42,1000,
126998,Polyprion americanus,Depth,150,500,
126998,Polyprion americanus,max size,,,210
126998,Polyprion americanus,common size,,,80
126998,Polyprion americanus,Temperature,6,16.3,
127006,Rachycentron canadum,Lat,-37,47,
127006,Rachycentron canadum,Lon,-98,166,
127006,Rachycentron canadum,Depth,0,50,
127006,Rachycentron canadum,Depth,0,1200,
127006,Rachycentron canadum,max size,,,200
127006,Rachycentron canadum,common size,,,110
127006,Rachycentron canadum,Temperature,17,32,
127014,Acanthocybium solandri,Lat,-48,59,
127014,Acanthocybium solandri,Lon,-180,180,
127014,Acanthocybium solandri,Depth,0,340,
127014,Acanthocybium solandri,Depth,0,12,
127014,Acanthocybium solandri,max size,,,250
127014,Acanthocybium solandri,common size,,,170
127015,Auxis rochei,Lat,-51,61,
127015,Auxis rochei,Lon,-180,180,
127015,Auxis rochei,Depth,0,200,
127015,Auxis rochei,Temperature,?,28,
127016,Auxis thazard,Lat,-51,61,
127016,Auxis thazard,Lon,-180,180,
127016,Auxis thazard,Depth,0,200,
127016,Auxis thazard,max size,,,65
127016,Auxis thazard,common size,,,60
127016,Auxis thazard,Temperature,27,28,
127016,Auxis thazard,spawning temperature,24,,
127017,Euthynnus alletteratus,Lat,-30,56,
127017,Euthynnus alletteratus,Lon,-92,42,
127017,Euthynnus alletteratus,Depth,1,150,
127017,Euthynnus alletteratus,max size,,,122
127017,Euthynnus alletteratus,common size,,,80
127018,Katsuwonus pelamis,Lat,-47,63,
127018,Katsuwonus pelamis,Lon,-180,180,
127018,Katsuwonus pelamis,Depth,0,596,
127018,Katsuwonus pelamis,Depth,0,260,
127018,Katsuwonus pelamis,max size,,,110
127018,Katsuwonus pelamis,common size,,,80
127018,Katsuwonus pelamis,Temperature,15,30,21
127018,Katsuwonus pelamis,spawning temperature,24,30,
127018,Katsuwonus pelamis,spawning temperature,20,25,
127019,Orcynopsis unicolor,Lat,-13,60,
127019,Orcynopsis unicolor,Lon,-18,36,
127019,Orcynopsis unicolor,max size,,,130
127019,Orcynopsis unicolor,common size,,,90
127020,Rastrelliger kanagurta,Lat,-36,38,
127020,Rastrelliger kanagurta,lon,20,180,
127020,Rastrelliger kanagurta,Depth,0,90,
127020,Rastrelliger kanagurta,max size,,,42.1
127020,Rastrelliger kanagurta,max size,,,36
127020,Rastrelliger kanagurta,common size,,,25
127021,Sarda sarda,Lat,-40,62,
127021,Sarda sarda,Lon,-98,42,
127021,Sarda sarda,Depth,0,200,
127021,Sarda sarda,Depth,80,200,
127021,Sarda sarda,max size,,,91.4
127021,Sarda sarda,common size,,,50
127021,Sarda sarda,Temperature,12,27,
127023,Scomber scombrus,Lat,30,75,
127023,Scomber scombrus,Lon,-77,42,
127023,Scomber scombrus,Depth,0,200,
127023,Scomber scombrus,Depth,0,1000,
127023,Scomber scombrus,max size,,,60
127023,Scomber scombrus,common size,,,30
127024,Scomberomorus commerson,Lat,-41,39,
127024,Scomberomorus commerson,Lon,-7,180,
127024,Scomberomorus commerson,Depth,0,200,
127024,Scomberomorus commerson,Depth,10,70,
127024,Scomberomorus commerson,max size,,,240
127024,Scomberomorus commerson,common size,,,120
127025,Scomberomorus tritor,Lat,-19,45,
127025,Scomberomorus tritor,Lon,-24,14,
127025,Scomberomorus tritor,Depth,1,40,
127025,Scomberomorus tritor,Depth,20,25,
127025,Scomberomorus tritor,max size,,,100
127025,Scomberomorus tritor,common size,,,75
127026,Thunnus alalunga,Lat,-50,60,
127026,Thunnus alalunga,Lon,-180,180,
127026,Thunnus alalunga,Depth,0,600,
127026,Thunnus alalunga,max size,,,140
127026,Thunnus alalunga,common size,,,100
127026,Thunnus alalunga,Temperature,10,25,15.9
127026,Thunnus alalunga,spawning temperature,24,,
127027,Thunnus albacares,Lat,-20,20,
127027,Thunnus albacares,Lat,-50,50,
127027,Thunnus albacares,Lon,-180,180,
127027,Thunnus albacares,Depth,1,250,
127027,Thunnus albacares,Depth,1,1602,
127027,Thunnus albacares,max size,,,239
127027,Thunnus albacares,common size,,,150
127027,Thunnus albacares,Temperature,15,31,23.75
127027,Thunnus albacares,spawning temperature,26,30,
127028,Thunnus obesus,Lat,-50,60,
127028,Thunnus obesus,Lat,-48,52,
127028,Thunnus obesus,Lon,-180,180,
127028,Thunnus obesus,Depth,0,500,
127028,Thunnus obesus,Depth,0,1902,
127028,Thunnus obesus,max size,,,250
127028,Thunnus obesus,common size,,,180
127028,Thunnus obesus,Temperature,17,22,
127028,Thunnus obesus,Temperature,13,29,
127028,Thunnus obesus,spawning temperature,24,,
127029,Thunnus thynnus,Lat,-58,69,
127029,Thunnus thynnus,Lon,-99,42,
127029,Thunnus thynnus,Depth,0,100,
127029,Thunnus thynnus,Depth,0,1015,
127029,Thunnus thynnus,max size,,,458
127029,Thunnus thynnus,common size,,,200
127029,Thunnus thynnus,Temperature,1,30,
127029,Thunnus thynnus,spawning temperature,22.5,25.5,
127029,Thunnus thynnus,spawning temperature,22.6,27.5,
127029,Thunnus thynnus,spawning temperature,22.6,27.5,
127068,Sphyraena sphyraena,Lat,-18,48,
127068,Sphyraena sphyraena,lon,-31,37,
127068,Sphyraena sphyraena,Depth,0,100,
127068,Sphyraena sphyraena,common size,82.6,93.2,
127068,Sphyraena sphyraena,common size,33,76,
127068,Sphyraena sphyraena,common size,26,32.6,27.1
127068,Sphyraena sphyraena,common size,33.5,49.8,33.5
127068,Sphyraena sphyraena,common size,25,60,
127068,Sphyraena sphyraena,max size,,,150
127068,Sphyraena sphyraena,max size,,,165
127068,Sphyraena sphyraena,common size,,,60
127076,Stromateus fiatola,Lat,-34,48,
127076,Stromateus fiatola,lon,-18,36,
127076,Stromateus fiatola,Depth,10,160,
127076,Stromateus fiatola,Depth,10,70,
127076,Stromateus fiatola,max size,,,50
127076,Stromateus fiatola,common size,,,40
127087,Benthodesmus simonyi,Lat,16,72,
127087,Benthodesmus simonyi,Lon,-67,20,
127087,Benthodesmus simonyi,Depth,200,950,
127088,Lepidopus caudatus,Lat,-49,64,
127088,Lepidopus caudatus,Lon,-29,180,
127088,Lepidopus caudatus,Lon,-180,-176,
127088,Lepidopus caudatus,Depth,50,750,
127088,Lepidopus caudatus,max size,,,210
127088,Lepidopus caudatus,common size,,,117
127089,Trichiurus lepturus,Lat,-54,49,
127089,Trichiurus lepturus,lon,-114,180,
127089,Trichiurus lepturus,Depth,40,120,
127089,Trichiurus lepturus,Depth,100,350,
127089,Trichiurus lepturus,Depth,0,589,
127089,Trichiurus lepturus,common size,50,100,
127089,Trichiurus lepturus,max size,,,234
127089,Trichiurus lepturus,max size,,,234
127089,Trichiurus lepturus,common size,,,100
127094,Xiphias gladius,Lat,-50,69,
127094,Xiphias gladius,Lon,-180,180,
127094,Xiphias gladius,Depth,0,100,
127094,Xiphias gladius,Depth,0,2878,
127094,Xiphias gladius,Depth,0,550,
127094,Xiphias gladius,max size,,,455
127094,Xiphias gladius,common size,,,300
127094,Xiphias gladius,Temperature,3.2,28.8,
127094,Xiphias gladius,Temperature,18,22,
127094,Xiphias gladius,spawning temperature,24,,
127094,Xiphias gladius,spawning temperature,24,?,Larvae
127254,Sebastes mentella,Lat,41,79,
127254,Sebastes mentella,lon,-67,35,
127254,Sebastes mentella,Depth,300,750,
127254,Sebastes mentella,Depth,300,1441,
127254,Sebastes mentella,max size,,,77.5
127268,Melamphaes microps,Lat,-46,-27,Atlantic 
127268,Melamphaes microps,Lat,-47,60,
127268,Melamphaes microps,Depth,300,2516,
127268,Melamphaes microps,max size,,,9.64
127268,Melamphaes microps,max size,,,9.6
127282,Cyclothone acclinidens,Lat,-67,80,
127282,Cyclothone acclinidens,lon,-180,180,
127282,Cyclothone acclinidens,Depth,300,1500,
127282,Cyclothone acclinidens,Depth,0,4416,
127282,Cyclothone acclinidens,max size,,,6.5
127282,Cyclothone acclinidens,max size,,,6.3
127286,Cyclothone microdon,Lat,-45,67,
127286,Cyclothone microdon,lon,-180,180,
127286,Cyclothone microdon,Depth,500,2700,
127286,Cyclothone microdon,Depth,200,5301,
127286,Cyclothone microdon,max size,,,7.6
127288,Cyclothone pallida,Lat,-40,61,
127288,Cyclothone pallida,lon,-180,180,
127288,Cyclothone pallida,Depth,600,1800,
127288,Cyclothone pallida,Depth,16,4663,
127288,Cyclothone pallida,max size,,,7.5
127288,Cyclothone pallida,max size,,,4.8
127292,Diplophos taenia,lat,-30,40,
127292,Diplophos taenia,Depth,15,650,
127292,Diplophos taenia,Depth,0,1594,
127292,Diplophos taenia,max size,,,27.6
127292,Diplophos taenia,common size,,,20
127293,Gonostoma atlanticum,Lat,-40,41,
127293,Gonostoma atlanticum,lon,-180,-110,
127293,Gonostoma atlanticum,lon,-98,180,
127293,Gonostoma atlanticum,max size,,,6.6
127297,Margrethia obtusirostra,Lat,-49,33,
127297,Margrethia obtusirostra,lon,-180,-154,
127297,Margrethia obtusirostra,lon,-98,180,
127297,Margrethia obtusirostra,Depth,200,500,Night
127297,Margrethia obtusirostra,Depth,100,300,Day
127297,Margrethia obtusirostra,max size,,,8.3
127299,Pollichthys mauli,Lat,-34,60,
127299,Pollichthys mauli,lon,-98,144,
127299,Pollichthys mauli,Depth,300,600,
127299,Pollichthys mauli,Depth,100,600,
127299,Pollichthys mauli,max size,,,6
127300,Polymetme corythaeola,Lat,-48,66,
127300,Polymetme corythaeola,lon,-180,180,
127300,Polymetme corythaeola,Depth,400,1000,
127300,Polymetme corythaeola,Depth,165,800,
127300,Polymetme corythaeola,max size,,,26
127303,Vinciguerria nimbaria,Depth,0,100,
127303,Vinciguerria nimbaria,Depth,200,400,
127303,Vinciguerria nimbaria,max size,,,4.8
127303,Vinciguerria nimbaria,max size,,,5.5
127303,Vinciguerria nimbaria,common size,,,3.7
127304,Vinciguerria poweriae,lat,?,43,
127304,Vinciguerria poweriae,Depth,50,350,
127304,Vinciguerria poweriae,Depth,300,600,
127304,Vinciguerria poweriae,max size,,,4.3
127304,Vinciguerria poweriae,max size,,,4.3
127307,Argyropelecus affinis,Lat,-30,30,Western Atlantic
127307,Argyropelecus affinis,Lat,-45,45,
127307,Argyropelecus affinis,lon,-180,180,
127307,Argyropelecus affinis,Depth,300,650,
127307,Argyropelecus affinis,Depth,1,3872,
127309,Argyropelecus hemigymnus,Lat,-56,60,
127309,Argyropelecus hemigymnus,Depth,100,700,
127309,Argyropelecus hemigymnus,Depth,0,2400,
127309,Argyropelecus hemigymnus,max size,,,5.1
127312,Maurolicus muelleri,Lat,-55,72,
127312,Maurolicus muelleri,lon,-180,180,
127312,Maurolicus muelleri,Depth,0,250,Day
127312,Maurolicus muelleri,Depth,270,1520,
127312,Maurolicus muelleri,max size,,,8
127312,Maurolicus muelleri,common size,,,4
127314,Sternoptyx diaphana,Lat,?,52,
127314,Sternoptyx diaphana,Depth,600,900,
127314,Sternoptyx diaphana,Depth,300,1500,
127314,Sternoptyx diaphana,max size,,,5.5
127316,Valenciennellus tripunctulatus,Lat,-34,67,
127316,Valenciennellus tripunctulatus,lon,-180,-117,
127316,Valenciennellus tripunctulatus,lon,-98,180,
127316,Valenciennellus tripunctulatus,Depth,351,550,
127316,Valenciennellus tripunctulatus,Depth,100,1000,
127316,Valenciennellus tripunctulatus,max size,,,3.1
127322,Astronesthes gemmifer,Lat,-32,62,
127322,Astronesthes gemmifer,lon,-180,-154,
127322,Astronesthes gemmifer,lon,-98,180,
127322,Astronesthes gemmifer,Depth,0,2400,
127322,Astronesthes gemmifer,max size,,,17
127324,Astronesthes leucopogon,Lat,-30,41,
127324,Astronesthes leucopogon,lon,-7,-2,SE Atlantic
127324,Astronesthes leucopogon,lon,-42,-2,
127324,Astronesthes leucopogon,Depth,0,500,
127324,Astronesthes leucopogon,max size,,,12
127326,Astronesthes micropogon,Lat,-26,35,
127326,Astronesthes micropogon,Depth,120,600,
127326,Astronesthes micropogon,max size,,,7
127326,Astronesthes micropogon,max size,,,8.2
127328,Astronesthes niger,Lat,20,43,Atlantic
127328,Astronesthes niger,Lat,-36,-5,Atlantic
127328,Astronesthes niger,Depth,0,500,
127328,Astronesthes niger,max size,,,16
127335,Borostomias elucens,Lat,-18,36,
127335,Borostomias elucens,lon,-98,143,
127335,Borostomias elucens,Depth,500,2500,
127335,Borostomias elucens,max size,,,35
127338,Chauliodus sloani,Lat,-56,70,
127338,Chauliodus sloani,lon,-180,180,
127338,Chauliodus sloani,Depth,494,1000,
127338,Chauliodus sloani,Depth,0,4700,
127338,Chauliodus sloani,max size,,,35
127348,Eustomias schmidti,Lat,-35,-30,
127348,Eustomias schmidti,Lat,35,40,
127348,Eustomias schmidti,lon,-180,-154,
127348,Eustomias schmidti,lon,-98,180,
127348,Eustomias schmidti,Depth,50,150,
127348,Eustomias schmidti,max size,,,21.2
127354,Idiacanthus fasciola,Lat,-54,40,
127354,Idiacanthus fasciola,lon,-180,-150,
127354,Idiacanthus fasciola,lon,-85,180,
127354,Idiacanthus fasciola,Depth,30,800,
127354,Idiacanthus fasciola,Depth,0,2000,
127354,Idiacanthus fasciola,max size,,,4
127354,Idiacanthus fasciola,max size,,,35
127354,Idiacanthus fasciola,max size,,,29
127354,Idiacanthus fasciola,max size,,,48.9
127355,Leptostomias gladiator,Lat,-41,51,
127355,Leptostomias gladiator,lon,-180,-154,
127355,Leptostomias gladiator,lon,-98,180,
127355,Leptostomias gladiator,Depth,0,5000,
127355,Leptostomias gladiator,max size,,,37.3
127373,Rhadinesthes decimus,Lat,-46,65,
127373,Rhadinesthes decimus,lon,-180,180,
127373,Rhadinesthes decimus,Depth,0,4900,
127373,Rhadinesthes decimus,max size,,,41
127374, Stomias boa,Lat,-50,71,
127374, Stomias boa,lon,-131,180,
127374, Stomias boa,Depth,200,2173,
127374, Stomias boa,max size,,,32
127374, Stomias boa,max size,,,32.2
127378,Macroramphosus scolopax,Lat,-43,66,
127378,Macroramphosus scolopax,lon,-180,180,
127378,Macroramphosus scolopax,Depth,50,350,adult
127378,Macroramphosus scolopax,Depth,25,600,
127378,Macroramphosus scolopax,max size,,,20
127378,Macroramphosus scolopax,common size,,,12
127396,Balistes punctatus,Lat,-17,32,
127396,Balistes punctatus,Lon,-26,14,
127396,Balistes punctatus,Depth,0,200,
127396,Balistes punctatus,Depth,0,50,
127396,Balistes punctatus,max size,,,60
127396,Balistes punctatus,common size,,,25
127398,Canthidermis maculata,Lat,-18,46,
127398,Canthidermis maculata,Depth,1,110,
127398,Canthidermis maculata,max size,,,50
127398,Canthidermis maculata,common size,,,35
127399,Canthidermis sufflamen,Lat,-17,43,
127399,Canthidermis sufflamen,Depth,5,70,
127401,Diodon eydouxii,lat,-37,31,
127401,Diodon eydouxii,Lon,-180,-154,
127401,Diodon eydouxii,Lon,-50,180,
127401,Diodon eydouxii,Depth,1,10,
127403,Diodon hystrix,Lat,-31,35,
127403,Diodon hystrix,Lon,-180,180,
127403,Diodon hystrix,Depth,2,50,
127403,Diodon hystrix,max size,,,91
127403,Diodon hystrix,common size,,,40
127404,Masturus lanceolatus,lat,-35,37,
127404,Masturus lanceolatus,Depth,0,670,
127405,Mola mola,Lat,-65,75,
127405,Mola mola,Lon,-180,180,
127405,Mola mola,Depth,30,1515,
127405,Mola mola,Depth,30,70,
127405,Mola mola,Depth,30,480,
127405,Mola mola,Temperature,12,25,
127406,Ranzania laevis,Lat,-55,71,
127406,Ranzania laevis,Lon,-180,180,
127406,Ranzania laevis,Depth,0,140,
127407,Aluterus monoceros,Lat,-39,43,
127407,Aluterus monoceros,Lon,-180,180,
127407,Aluterus monoceros,Depth,1,80,
127407,Aluterus monoceros,max size,,,76.2
127407,Aluterus monoceros,common size,,,40
127414,Lagocephalus lagocephalus,Depth,10,1000,
127414,Lagocephalus lagocephalus,Depth,10,100,
127420,Grammicolepis brachiusculus,Lat,-37,42,
127420,Grammicolepis brachiusculus,lon,-80,180,
127420,Grammicolepis brachiusculus,lon,-180,-154,
127420,Grammicolepis brachiusculus,Depth,500,700,
127420,Grammicolepis brachiusculus,Depth,300,1016,
127420,Grammicolepis brachiusculus,max size,,,64
127426,Zenopsis conchifer,Lat,-28,58,
127426,Zenopsis conchifer,Depth,200,300,
127426,Zenopsis conchifer,Depth,90,600,
127426,Zenopsis conchifer,max size,,,80
127426,Zenopsis conchifer,common size,,,50
151174,Scomber colias,Lat,-65,46,
151174,Scomber colias,lon,-98,42,
151174,Scomber colias,Depth,0,300,
151174,Scomber colias,max size,,,55
151324,Sebastes norvegicus/ Sebastes marinus,Lat,39,79,
151324,Sebastes norvegicus/ Sebastes marinus,lon,-75,71,
151324,Sebastes norvegicus/ Sebastes marinus,Depth,100,1000,
151324,Sebastes norvegicus/ Sebastes marinus,Depth,100,500,
151324,Sebastes norvegicus/ Sebastes marinus,max size,,,100
151324,Sebastes norvegicus/ Sebastes marinus,common size,,,45
151482,Pomatomus saltatrix,Lat,-44,53,
151482,Pomatomus saltatrix,Lon,-98,180,
151482,Pomatomus saltatrix,Depth,0,200,
151482,Pomatomus saltatrix,max size,,,130
151482,Pomatomus saltatrix,common size,,,60
151482,Pomatomus saltatrix,Temperature,14,30,
151482,Pomatomus saltatrix,spawning temparature,20,26.8,
154721,Balistes capriscus,Lat,-37,58,
154721,Balistes capriscus,Lon,-98,36,
154721,Balistes capriscus,Depth,30,50,
154721,Balistes capriscus,Depth,0,110,
154721,Balistes capriscus,max size,,,66
154721,Balistes capriscus,common size,,,44
154721,Balistes capriscus,spawning temperature,22.6,,
158508,Carcharhinus acronotus,Lat,-37,40,
158508,Carcharhinus acronotus,Lon,-100,-33,
158508,Carcharhinus acronotus,Depth,9,64,
158510,Rhizoprionodon terraenovae,Lat,-25,43,
158510,Rhizoprionodon terraenovae,Lon,-100,-32,
158510,Rhizoprionodon terraenovae,Depth,0,280,
158510,Rhizoprionodon terraenovae,Depth,0,10,
158510,Rhizoprionodon terraenovae,max size,,,110
158510,Rhizoprionodon terraenovae,common size,,,70
158523,Etmopterus gracilispinis,Lat,-45,40,
158523,Etmopterus gracilispinis,Depth,70,480,pelagic
158523,Etmopterus gracilispinis,Depth,25,1200,
158523,Etmopterus gracilispinis,max size,?,,33
158523,Etmopterus gracilispinis,max size,?,,35
158530,Mobula hypostoma,Lat,-40,41,
158530,Mobula hypostoma,Lon,-80,-29,
158530,Mobula hypostoma,Depth,0,100,
158540,Pteroplatytrygon violacea,lat,-50,52,
158540,Pteroplatytrygon violacea,Lon,-180,180,
158540,Pteroplatytrygon violacea,Depth,1,100,
158540,Pteroplatytrygon violacea,Depth,1,381,
158540,Pteroplatytrygon violacea,max size,,,96
158540,Pteroplatytrygon violacea,common size,,,80
158668,Alosa mediocris,lat,25,46,
158668,Alosa mediocris,lon,-82,-66,
158668,Alosa mediocris,max size,,,60
158668,Alosa mediocris,common size,,,34
158669,Alosa pseudoharengus,Lat,34,55,
158669,Alosa pseudoharengus,lon,-93,-53,
158669,Alosa pseudoharengus,Depth,5,145,
158669,Alosa pseudoharengus,max size,,,40
158669,Alosa pseudoharengus,common size,,,30
158691,Brevoortia tyrannus,Lat,30,46,
158691,Brevoortia tyrannus,lon,-81,-64,
158691,Brevoortia tyrannus,Depth,0,50,
158691,Brevoortia tyrannus,max size,,,50
158695,Opisthonema oglinum,Lat,-37,41,
158695,Opisthonema oglinum,lon,-98,-33,
158695,Opisthonema oglinum,Depth,0,3,
158695,Opisthonema oglinum,Depth,0,180,
158695,Opisthonema oglinum,Depth,0,50,
158695,Opisthonema oglinum,max size,,,38
158695,Opisthonema oglinum,max size,,,38
158695,Opisthonema oglinum,common size,,,20
158695,Opisthonema oglinum,common size,,,20
158736,Stomias affinis,lat,-39,35,
158736,Stomias affinis,lon,-180,180,
158736,Stomias affinis,Depth,0,3182,
158736,Stomias affinis,max size,,,20
158736,Stomias affinis,max size,,,21.9
158812,Istiophorus platypterus,Lat,-43,50,
158812,Istiophorus platypterus,Lon,-180,180,
158812,Istiophorus platypterus,Depth,0,10,
158812,Istiophorus platypterus,Depth,0,500,
158812,Istiophorus platypterus,max size,,,348
158812,Istiophorus platypterus,common size,,,270
158812,Istiophorus platypterus,Temperature,21,28,
158843,Astronesthes richardsoni,Lat,-18,62,
158843,Astronesthes richardsoni,lon,-98,14,
158843,Astronesthes richardsoni,Depth,275,1000,
158843,Astronesthes richardsoni,max size,,,17.2
158873,Lestrolepis intermedia,Lat,-37,46,
158873,Lestrolepis intermedia,lon,-180,-147,
158873,Lestrolepis intermedia,lon,-98,180,
158873,Lestrolepis intermedia,Depth,10,2700,
158873,Lestrolepis intermedia,Depth,35,1320,
158873,Lestrolepis intermedia,max size,,,33.8
158887,Diaphus fragilis,Lat,-36,35,
158887,Diaphus fragilis,lon,-180,-153,
158887,Diaphus fragilis,lon,-78,180,
158887,Diaphus fragilis,Depth,15,125,Night
158887,Diaphus fragilis,Depth,520,600,Day
158887,Diaphus fragilis,Depth,15,1313,
158887,Diaphus fragilis,max size,,,12.3
158890,Diaphus perspicillatus,Lat,-35.93333333,27.5,Western Atlantic
158890,Diaphus perspicillatus,Lat,-58,50,
158890,Diaphus perspicillatus,lon,-180,-153,
158890,Diaphus perspicillatus,lon,-78,180,
158890,Diaphus perspicillatus,Depth,315,1500,Day
158890,Diaphus perspicillatus,Depth,0,125,Night
158890,Diaphus perspicillatus,max size,,,10.4
158894,Diaphus taaningi,Lat,-27,44,
158894,Diaphus taaningi,Depth,40,250,Night
158894,Diaphus taaningi,Depth,325,475,Day
158894,Diaphus taaningi,max size,,,7
158898,Lampanyctus tenuiformis,Lat,-52,41,
158898,Lampanyctus tenuiformis,lon,-180,14,
158898,Lampanyctus tenuiformis,lon,105,180,
158898,Lampanyctus tenuiformis,Depth,40,325,Night
158898,Lampanyctus tenuiformis,Depth,300,700,Day
158898,Lampanyctus tenuiformis,max size,,,15.3
158913,Notoscopelus bolini,Lat,15,50,
158913,Notoscopelus bolini,lon,-50,36,
158913,Notoscopelus bolini,Depth,0,125,Night
158913,Notoscopelus bolini,Depth,1000,1300,Day
158913,Notoscopelus bolini,max size,,,10.3
158913,Notoscopelus bolini,max size,,,10.2
158916,Notoscopelus resplendens,Lat,-61,55,
158916,Notoscopelus resplendens,Depth,0,300,Night
158916,Notoscopelus resplendens,Depth,651,2000,Day
158916,Notoscopelus resplendens,max size,,,9.5
158917,Protomyctophum arcticum,Lat,40,70,
158917,Protomyctophum arcticum,lon,-65,12,
158917,Protomyctophum arcticum,Depth,90,325,
158917,Protomyctophum arcticum,Depth,250,850,
158917,Protomyctophum arcticum,Depth,90,1600,
158917,Protomyctophum arcticum,max size,,,6
158960,Coryphaenoides rupestris,Lat,20,73,
158960,Coryphaenoides rupestris,lon,-77,32,
158960,Coryphaenoides rupestris,Depth,400,1200,
158960,Coryphaenoides rupestris,Depth,180,2600,
158960,Coryphaenoides rupestris,max size,,,110
159067,Brotula barbata,Lat,-14,30,
159067,Brotula barbata,lon,-98,15,
159067,Brotula barbata,Depth,50,300,
159067,Brotula barbata,max size,,,94
159067,Brotula barbata,common size,,,50
159184,Lophius americanus,Lat,28,60,
159184,Lophius americanus,Lon,-82,-43,
159184,Lophius americanus,Depth,0,800,
159184,Lophius americanus,max size,,,120
159184,Lophius americanus,common size,,,90
159184,Lophius americanus,temperature,0,21,
159228,Menidia menidia,Lat,25,60,
159228,Menidia menidia,lon,-82,-52,
159228,Menidia menidia,Depth,0,126,
159228,Menidia menidia,Depth,0,3,
159228,Menidia menidia,max size,,,15
159228,Menidia menidia,common size,,,11.5
159246,Ablennes hians,Lat,-37,43,
159246,Ablennes hians,Lon,-180,180,
159246,Ablennes hians,Depth,0,12,
159246,Ablennes hians,max size,,,140
159246,Ablennes hians,common size,,,70
159246,Ablennes hians,Temperature,,23.9,
159261,Cheilopogon furcatus,Lat,-42,46,
159261,Cheilopogon furcatus,lon,-180,180,
159261,Cheilopogon furcatus,Depth,0,20,
159261,Cheilopogon furcatus,max size,,,35
159261,Cheilopogon furcatus,common size,,,25
159276,Euleptorhamphus velox,Depth,0,5,
159276,Euleptorhamphus velox,max size,,,61
159276,Euleptorhamphus velox,common size,,,35
159281,Hyporhamphus unifasciatus,Lat,-40,45,
159281,Hyporhamphus unifasciatus,lon,-98,-32,
159281,Hyporhamphus unifasciatus,Depth,0,5,
159281,Hyporhamphus unifasciatus,max size,,,30
159281,Hyporhamphus unifasciatus,common size,,,20
159288,Abudefduf saxatilis,Lat,-37,41,
159288,Abudefduf saxatilis,Lon,-89,14,
159288,Abudefduf saxatilis,Depth,0,40,
159288,Abudefduf saxatilis,max size,,,22.9
159288,Abudefduf saxatilis,common size,,,15
159330,Melamphaes pumilus,Lat,10,40,
159330,Melamphaes pumilus,Depth,200,2000,
159330,Melamphaes pumilus,Depth,50,400,
159330,Melamphaes pumilus,max size,,,2.3
159335,Sciaenops ocellatus,Lat,0,43,
159335,Sciaenops ocellatus,Depth,0,27,
159335,Sciaenops ocellatus,max size,,,155
159335,Sciaenops ocellatus,common size,,,100
159335,Sciaenops ocellatus,Temperature,15,26,
159340,Scomberomorus cavalla,Lat,-22,44,
159340,Scomberomorus cavalla,Lon,-98,-34,
159340,Scomberomorus cavalla,Depth,5,140,
159340,Scomberomorus cavalla,Depth,5,15,
159340,Scomberomorus cavalla,max size,,,184
159340,Scomberomorus cavalla,common size,,,70
159340,Scomberomorus cavalla,spawning temperature,26.3,31,Larvae
159342,Scomberomorus maculatus,Lat,19,44,
159342,Scomberomorus maculatus,lon,-97,-64,
159342,Scomberomorus maculatus,Depth,0,35,
159342,Scomberomorus maculatus,max size,,,91
159343,Thunnus atlanticus,Lat,-26,,
159343,Thunnus atlanticus,Lat,-28,43,
159343,Thunnus atlanticus,Lon,-100,-26,
159343,Thunnus atlanticus,Depth,0,57,
159343,Thunnus atlanticus,max size,,,108
159343,Thunnus atlanticus,common size,,,72
159343,Thunnus atlanticus,Temperature,20,?,
159343,Thunnus atlanticus,spawning temperature,29,,
159423,Cubiceps capensis,Lat,-35,40,
159423,Cubiceps capensis,Depth,0,140,
159427,Psenes cyanophrys,Lat,-43,49,
159427,Psenes cyanophrys,Lon,-180,180,
159427,Psenes cyanophrys,Depth,0,550,
159427,Psenes cyanophrys,spawning temperature,26.64,28.8,
159445,Hippocampus erectus,Lat,-32,50,
159445,Hippocampus erectus,lon,-98,-32,
159445,Hippocampus erectus,Depth,1,73,
159445,Hippocampus erectus,max size,,,19
159484,Decapterus tabl,Lat,-55,45,
159484,Decapterus tabl,lon,102,180,
159484,Decapterus tabl,lon,-180,41,
159484,Decapterus tabl,Depth,150,220,
159484,Decapterus tabl,Depth,7,550,
159484,Decapterus tabl,max size,,,50
159484,Decapterus tabl,common size,,,25
159486,Xanthichthys ringens,Lat,-33,37,
159486,Xanthichthys ringens,lon,-89,-34,
159486,Xanthichthys ringens,Depth,30,60,
159486,Xanthichthys ringens,Depth,0,190,
159486,Xanthichthys ringens,max size,,,25
159490,Aluterus schoepfii,Lat,-27,46,
159490,Aluterus schoepfii,Lon,-97,13,
159490,Aluterus schoepfii,Depth,0,900,
159490,Aluterus schoepfii,Depth,0,50,
159490,Aluterus schoepfii,max size,,,61
159490,Aluterus schoepfii,common size,,,40
159491,Aluterus scriptus,Lat,-30,46,
159491,Aluterus scriptus,Lon,-180,180,
159491,Aluterus scriptus,max size,,,110
159491,Aluterus scriptus,common size,,,55
159570,Prionotus alatus,lat,-10,38,
159570,Prionotus alatus,Lon,-98,-60,
159570,Prionotus alatus,Depth,35,457,
159570,Prionotus alatus,Depth,35,180,
159658,Uraspis secunda,Lat,-34,42,
159658,Uraspis secunda,Lon,-180,180,
159658,Uraspis secunda,Depth,1,50,
159658,Uraspis secunda,max size,,,50
159658,Uraspis secunda,common size,,,40
159712,Neoepinnula americana,Lat,3,31,
159712,Neoepinnula americana,lon,-94,-49,
159712,Neoepinnula americana,Depth,183,515,
159712,Neoepinnula americana,max size,,,30
159712,Neoepinnula americana,max size,,,22
159800,Lutjanus synagris,Lat,-38,38,
159800,Lutjanus synagris,lon,-98,-31,
159800,Lutjanus synagris,Depth,1,400,
159800,Lutjanus synagris,Depth,21,70,
159800,Lutjanus synagris,max size,,,60
159800,Lutjanus synagris,common size,,,25
159803,Ocyurus chrysurus,Lat,-26,42,
159803,Ocyurus chrysurus,lon,-98,-31,
159803,Ocyurus chrysurus,Depth,1,165,
159803,Ocyurus chrysurus,Depth,10,70,
159803,Ocyurus chrysurus,max size,,,86.3
159803,Ocyurus chrysurus,common size,,,40
159827,Peprilus paru,Lat,-38,?,
159827,Peprilus paru,Depth,50,70,
159827,Peprilus paru,Depth,15,136,
159827,Peprilus paru,max size,,,30
159827,Peprilus paru,common size,,,18
159833,Aphanopus intermedius,Lat,-35,50,
159833,Aphanopus intermedius,Lon,-180,14,
159833,Aphanopus intermedius,Lon,105,180,
159833,Aphanopus intermedius,Depth,800,1300,
159833,Aphanopus intermedius,Depth,300,1408,
159836,Evoxymetopon taeniatus,Lat,-29,35,
159836,Evoxymetopon taeniatus,Lon,-180,-39,
159836,Evoxymetopon taeniatus,Lon,126,180,
159836,Evoxymetopon taeniatus,Depth,100,200,
159836,Evoxymetopon taeniatus,max size,,,200
159836,Evoxymetopon taeniatus,common size,,,155
212050,Sphyraena putnamae,Lat,-31,36,
212050,Sphyraena putnamae,Lon,-180,-146,
212050,Sphyraena putnamae,Lon,30,180,
212050,Sphyraena putnamae,Depth,3,20,
212050,Sphyraena putnamae,max size,,,90
212050,Sphyraena putnamae,common size,,,60
212239,Hippocampus histrix,Lat,-35,35,
212239,Hippocampus histrix,lon,22,180,
212239,Hippocampus histrix,lon,-180,-132,
212239,Hippocampus histrix,Depth,15,40,
212239,Hippocampus histrix,Depth,1,82,
212239,Hippocampus histrix,max size,,,17
212264,Herklotsichthys quadrimaculatus,Lat,-33,39,
212264,Herklotsichthys quadrimaculatus,lon,-180,-166,
212264,Herklotsichthys quadrimaculatus,lon,29,180,
212264,Herklotsichthys quadrimaculatus,Depth,1,13,
212264,Herklotsichthys quadrimaculatus,max size,,,25
212264,Herklotsichthys quadrimaculatus,common size,,,10
212280,Stolephorus indicus,Lat,-37,30,
212280,Stolephorus indicus,lon,-180,-144,
212280,Stolephorus indicus,lon,23,180,
212280,Stolephorus indicus,Depth,20,50,
212280,Stolephorus indicus,max size,,,18
212280,Stolephorus indicus,max size,,,15.3
212280,Stolephorus indicus,max size,,,15.5
212280,Stolephorus indicus,common size,,,12
215607,Etmopterus granulosus,Lat,-59,-29,
215607,Etmopterus granulosus,Depth,400,600,
215607,Etmopterus granulosus,Depth,220,1620,
215607,Etmopterus granulosus,max size,?,,86
215608,Euprotomicrus bispinatus,Lat,-54,38,
215608,Euprotomicrus bispinatus,Depth,400,1800,Day
215608,Euprotomicrus bispinatus,Depth,0,200,Night
215608,Euprotomicrus bispinatus,max size,?,,30.5
215612,Isistius brasiliensis,lat,-47,35,
215612,Isistius brasiliensis,Lon,-180,180,
215612,Isistius brasiliensis,Depth,1000,3500,Day
215612,Isistius brasiliensis,Depth,0,20,Night
215612,Isistius brasiliensis,max size,,,42
215612,Isistius brasiliensis,max size,,,56
215612,Isistius brasiliensis,common size,,,36
215612,Isistius brasiliensis,common size,,,39
217337,Carcharhinus amblyrhynchos,Lat,-35,29,
217337,Carcharhinus amblyrhynchos,Lon,-180,-151,
217337,Carcharhinus amblyrhynchos,Lon,33,180,
217337,Carcharhinus amblyrhynchos,Depth,0,280,
217340,Carcharhinus amboinensis,lat,-26,26,
217340,Carcharhinus amboinensis,Depth,0,60,
217340,Carcharhinus amboinensis,Depth,0,150,
217341,Carcharhinus brachyurus,lat,-52,45,
217341,Carcharhinus brachyurus,Lon,-122,180,
217341,Carcharhinus brachyurus,Depth,1,145,
217341,Carcharhinus brachyurus,Depth,0,360,
217342,Carcharhinus porosus,lat,-36,33,
217342,Carcharhinus porosus,Lon,-116,-33,
217342,Carcharhinus porosus,Depth,0,84,
217342,Carcharhinus porosus,Depth,16,32,
217342,Carcharhinus porosus,max size,,,150
217342,Carcharhinus porosus,common size,,,90
217352,Carcharhinus albimarginatus,Lat,-31,32,
217352,Carcharhinus albimarginatus,Lon,-180,-77,
217352,Carcharhinus albimarginatus,Lon,31,180,
217352,Carcharhinus albimarginatus,Depth,0,800,
217352,Carcharhinus albimarginatus,max size,,,300
217352,Carcharhinus albimarginatus,common size,,,200
217430,Mobula thurstoni,lat,-34,38,
217430,Mobula thurstoni,Depth,0,100,
217430,Mobula thurstoni,max size,,,220
217430,Mobula thurstoni,common size,,,150
217436,Mobula kuhlii,Depth,0,50,
217436,Mobula kuhlii,max size,?,,120
217436,Mobula kuhlii,max size,?,,135
217436,Mobula kuhlii,max size,?,,119
217452,Sardinops sagax,Lat,-47,61,
217452,Sardinops sagax,lon,-145,180,
217452,Sardinops sagax,Depth,0,200,
217452,Sardinops sagax,common size,18,25,21.5
217452,Sardinops sagax,max size,,,36
217452,Sardinops sagax,max size,,,39.5
217452,Sardinops sagax,common size,,,21.5
217452,Sardinops sagax,common size,,,20
217618,Melanostomias paucilaternatus,Lat,-27,-27,
217618,Melanostomias paucilaternatus,Lat,-18,-18,
217618,Melanostomias paucilaternatus,lon,3,3,
217618,Melanostomias paucilaternatus,lon,-14,-14,
217618,Melanostomias paucilaternatus,Depth,150,2000,
217618,Melanostomias paucilaternatus,max size,,,20.1
217632,Pseudocarcharias kamoharai,Lat,-40,40,
217632,Pseudocarcharias kamoharai,Lon,-180,180,
217632,Pseudocarcharias kamoharai,Depth,0,590,
217632,Pseudocarcharias kamoharai,Depth,0,200,
217632,Pseudocarcharias kamoharai,max size,,,110
217632,Pseudocarcharias kamoharai,common size,,,100
217680,Benthosema pterotum,Lat,-33,37,
217680,Benthosema pterotum,lon,33,154,
217680,Benthosema pterotum,Depth,10,200,Night
217680,Benthosema pterotum,Depth,130,300,Day
217680,Benthosema pterotum,max size,,,7
217697,Electrona antarctica,Lat,-78,-45,
217697,Electrona antarctica,Depth,1,1010,
217697,Electrona antarctica,max size,,,10.3
217697,Electrona antarctica,max size,,,11.5
217698,Gonichthys barnesi,Lat,-40,-30,
217698,Gonichthys barnesi,lon,-180,180,
217698,Gonichthys barnesi,Depth,0,175,Night
217698,Gonichthys barnesi,Depth,425,1000,Day
217698,Gonichthys barnesi,max size,,,5
217704,Lampanyctodes hectoris,Lat,-43,-13,
217704,Lampanyctodes hectoris,Depth,100,850,Day
217704,Lampanyctodes hectoris,Depth,0,1000,
217704,Lampanyctodes hectoris,max size,,,7
217707,Lampanyctus achirus,Lat,?,-21,
217707,Lampanyctus achirus,Depth,800,1000,
217707,Lampanyctus achirus,Depth,200,1000,
217707,Lampanyctus achirus,max size,,,16.2
217720,Symbolophorus barnardi,lat,-45,-27,
217720,Symbolophorus barnardi,Depth,0,450,
217720,Symbolophorus barnardi,Depth,100,800,
217720,Symbolophorus barnardi,max size,,,11.6
217820,Selachophidium guentheri,Lat,-40,-17,
217820,Selachophidium guentheri,Depth,200,980,
217820,Selachophidium guentheri,Depth,200,400,
217820,Selachophidium guentheri,max size,,,28
217820,Selachophidium guentheri,max size,,,30
217959,Neocyttus rhomboidalis,Lat,-48,-23,
217959,Neocyttus rhomboidalis,lon,-81,180,
217959,Neocyttus rhomboidalis,lon,-180,-176,
217959,Neocyttus rhomboidalis,Depth,450,800,
217959,Neocyttus rhomboidalis,Depth,200,1240,
218404,Caranx sexfasciatus,Lat,-36,32,
218404,Caranx sexfasciatus,Lon,-180,-77,
218404,Caranx sexfasciatus,Lon,25,180,
218404,Caranx sexfasciatus,Depth,0,146,
218404,Caranx sexfasciatus,max size,,,120
218404,Caranx sexfasciatus,common size,,,60
218404,Caranx sexfasciatus,Temperature,26,29,
218419,Caranx melampygus,Lat,-35,35,
218419,Caranx melampygus,Lon,-180,-78,
218419,Caranx melampygus,Lon,30,180,
218419,Caranx melampygus,Depth,1,190,
218419,Caranx melampygus,max size,,,117
218419,Caranx melampygus,common size,,,60
218426,Decapterus macrosoma,Lat,-34,39,
218426,Decapterus macrosoma,lon,-180,180,
218426,Decapterus macrosoma,Depth,30,70,
218426,Decapterus macrosoma,Depth,20,214,
218426,Decapterus macrosoma,max size,,,35
218426,Decapterus macrosoma,common size,,,25
218436,Seriola lalandi,Lat,-57,55,
218436,Seriola lalandi,Lon,-180,180,
218436,Seriola lalandi,Depth,1,146,
218436,Seriola lalandi,Depth,3,825,
218436,Seriola lalandi,max size,,,250
218436,Seriola lalandi,common size,,,80
218436,Seriola lalandi,Temperature,18,24,
218444,Trachurus capensis,Lat,-37,7,
218444,Trachurus capensis,lon,4,24,
218444,Trachurus capensis,Depth,0,500,
218444,Trachurus capensis,Depth,100,300,
218444,Trachurus capensis,max size,,,52
218444,Trachurus capensis,max size,,,60
218444,Trachurus capensis,common size,,,30
218448,Uraspis uraspis,Lat,-36,30,
218448,Uraspis uraspis,Lon,-180,-154,
218448,Uraspis uraspis,Lon,22,180,
218448,Uraspis uraspis,Depth,20,130,
218449,Uraspis helvola,Lat,-50,35,
218449,Uraspis helvola,Lon,32,180,
218449,Uraspis helvola,Lon,-180,-5,
218449,Uraspis helvola,Depth,50,300,
218449,Uraspis helvola,max size,,,58
218449,Uraspis helvola,common size,,,35
218450,Mene maculata,Lat,-30,32,
218450,Mene maculata,Lon,30,169,
218450,Mene maculata,Depth,50,200,
218450,Mene maculata,max size,,,30
218450,Mene maculata,common size,,,20
218465,Emmelichthys nitidus,Lat,-43,16,
218465,Emmelichthys nitidus,lon,-13,180,
218465,Emmelichthys nitidus,lon,-180,-167,
218465,Emmelichthys nitidus,Depth,86,500,
218465,Emmelichthys nitidus,max size,,,55
218706,Kyphosus vaigiensis,Lat,-38,35,
218706,Kyphosus vaigiensis,Lon,-180,-133,
218706,Kyphosus vaigiensis,Lon,25,180,
218706,Kyphosus vaigiensis,Depth,0,40,
218706,Kyphosus vaigiensis,max size,,,70
218706,Kyphosus vaigiensis,common size,,,50
218708,Kyphosus cinerascens,Lat,-30,35,
218708,Kyphosus cinerascens,Lon,-180,-140,
218708,Kyphosus cinerascens,Lon,30,180,
218708,Kyphosus cinerascens,Depth,1,25,
218708,Kyphosus cinerascens,Depth,1,40,
218708,Kyphosus cinerascens,max size,50,53,53
218708,Kyphosus cinerascens,common size,,,45
218710,Platax teira,Lat,-36,31,
218710,Platax teira,lon,23,175,
218710,Platax teira,Depth,3,70,
218710,Platax teira,max size,,,65
218710,Platax teira,max size,,,70
219667,Naso hexacanthus,Lat,-32,31,
219667,Naso hexacanthus,lon,30,180,
219667,Naso hexacanthus,lon,-180,-122,
219667,Naso hexacanthus,Depth,6,229,
219671,Naso brevirostris,Lat,-36,29,
219671,Naso brevirostris,lon,26,180,
219671,Naso brevirostris,lon,-180,-137,
219671,Naso brevirostris,Depth,4,46,
219671,Naso brevirostris,Depth,2,122,
219671,Naso brevirostris,max size,,,60
219671,Naso brevirostris,max size,,,75
219671,Naso brevirostris,common size,,,50
219697,Thyrsites atun,Lat,-56,-21,
219697,Thyrsites atun,Lon,-75,177,
219697,Thyrsites atun,Depth,100,500,
219697,Thyrsites atun,Depth,0,550,
219697,Thyrsites atun,max size,,,200
219697,Thyrsites atun,common size,,,75
219697,Thyrsites atun,Temperature,13,18,
219707,Allothunnus fallai,Lat,-35,-20,
219707,Allothunnus fallai,Lat,-50,-10,
219707,Allothunnus fallai,Lon,-180,180,
219707,Allothunnus fallai,max size,,,105
219707,Allothunnus fallai,common size,,,86
219707,Allothunnus fallai,Temperature,19,24,
219709,Gasterochisma melampus,Lat,-55,-19,
219709,Gasterochisma melampus,Lon,-180,180,
219709,Gasterochisma melampus,Depth,0,200,
219709,Gasterochisma melampus,Temperature,8,15,
219712,Gymnosarda unicolor,Lat,-30,31,
219712,Gymnosarda unicolor,Lon,-180,-130,
219712,Gymnosarda unicolor,Lon,32,180,
219712,Gymnosarda unicolor,max size,,,248
219712,Gymnosarda unicolor,common size,,,190
219712,Gymnosarda unicolor,Temperature,20,28,
219715,Scomber australasicus,Lat,-50,43,
219715,Scomber australasicus,lon,32,180,
219715,Scomber australasicus,lon,-180,-110,
219715,Scomber australasicus,Depth,0,300,
219715,Scomber australasicus,Depth,87,200,
219715,Scomber australasicus,max size,,,44
219715,Scomber australasicus,max size,,,40
219715,Scomber australasicus,common size,,,30
219719,Scomberomorus plurilineatus,Lat,-37,-1,
219719,Scomberomorus plurilineatus,lon,23,59,
219719,Scomberomorus plurilineatus,Depth,0,200,
219719,Scomberomorus plurilineatus,max size,,,120
219720,Thunnus maccoyii,Lat,-50,-30,
219720,Thunnus maccoyii,Lat,-60,-10,
219720,Thunnus maccoyii,Lon,-180,180,
219720,Thunnus maccoyii,Depth,0,1000,
219720,Thunnus maccoyii,Depth,50,2743,
219720,Thunnus maccoyii,max size,,,245
219720,Thunnus maccoyii,common size,,,160
219720,Thunnus maccoyii,Temperature,5,20,
219720,Thunnus maccoyii,spawning temperature,24,,
219720,Thunnus maccoyii,spawning temperature,20,30,
219722,Thunnus tonggol,Lat,-33,47,
219722,Thunnus tonggol,Lat,-31,47,
219722,Thunnus tonggol,Lon,34,154,
219722,Thunnus tonggol,Depth,0,10,
219722,Thunnus tonggol,max size,,,145
219722,Thunnus tonggol,common size,,,70
219722,Thunnus tonggol,Temperature,,,24
219722,Thunnus tonggol,spawning temperature,,,28
219734,Tetrapturus angustirostris,Lat,-56,43,
219734,Tetrapturus angustirostris,Lon,-180,-68,
219734,Tetrapturus angustirostris,Lon,20,180,
219734,Tetrapturus angustirostris,Depth,0,200,
219734,Tetrapturus angustirostris,Depth,0,1830,
219734,Tetrapturus angustirostris,max size,,,230
219734,Tetrapturus angustirostris,common size,,,190
219734,Tetrapturus angustirostris,spawning temperature,25,,
219737,Hyperoglyphe antarctica,Lat,-55,-19,
219737,Hyperoglyphe antarctica,Lon,-67,180,
219737,Hyperoglyphe antarctica,Lon,-180,-173,
219737,Hyperoglyphe antarctica,Depth,260,490,
219737,Hyperoglyphe antarctica,Depth,100,300,
219737,Hyperoglyphe antarctica,max size,,,140
219737,Hyperoglyphe antarctica,common size,,,60
219741,Schedophilus huttoni,Lat,-43,-18,
219741,Schedophilus huttoni,Depth,0,1000,
219741,Schedophilus huttoni,Depth,275,500,
219742,Schedophilus velaini,Lat,-45,2,
219742,Schedophilus velaini,Lon,-180,180,
219742,Schedophilus velaini,Depth,40,500,
219872,Abalistes stellaris,Lat,-36,46,
219872,Abalistes stellaris,Lon,-180,-164,
219872,Abalistes stellaris,Lon,21,180,
219872,Abalistes stellaris,Depth,4,120,
219872,Abalistes stellaris,Depth,7,350,
219872,Abalistes stellaris,max size,,,60
219872,Abalistes stellaris,common size,,,40
219954,Lagocephalus sceleratus,Lat,-40,40,
219954,Lagocephalus sceleratus,lon,-180,-169,
219954,Lagocephalus sceleratus,lon,16,180,
219954,Lagocephalus sceleratus,Depth,8,180,
219954,Lagocephalus sceleratus,max size,,,110
219954,Lagocephalus sceleratus,common size,,,40
220007,Phosichthys argenteus,Lat,-49,-6,
220007,Phosichthys argenteus,lon,-180,-177,
220007,Phosichthys argenteus,lon,-54,180,
220007,Phosichthys argenteus,Depth,300,1050,
220007,Phosichthys argenteus,max size,,,30
220007,Phosichthys argenteus,max size,,,30
221409,Linophryne parini,Depth,1200,1220,
221409,Linophryne parini,Depth,0,3100,
221409,Linophryne parini,max size,,,1.25
221409,Linophryne parini,max size,,,8
221409,Linophryne parini,max size,,,6.4
221409,Linophryne parini,max size,,,1.25
221409,Linophryne parini,max size,,,8
221409,Linophryne parini,max size,,,6.4
221430,Polyprion oxygeneios,Lat,-50,-28,
221430,Polyprion oxygeneios,Lon,-180,180,
221430,Polyprion oxygeneios,Depth,50,854,
221430,Polyprion oxygeneios,max size,,,160
221430,Polyprion oxygeneios,common size,,,100
221512,Sigmops elongatus,Lat,?,65,
221512,Sigmops elongatus,lon,-180,180,
221512,Gonostoma elongatum,lon,-180,180,
221512,Sigmops elongatus,Depth,100,1500,
221512,Sigmops elongatus,Depth,25,4740,
221512,Sigmops elongatus,max size,,,27.5
234627,Notolepis annulata,Lat,-72,-37,
234627,Notolepis annulata,Depth,550,2000,
234627,Notolepis annulata,Depth,45,2000,
234627,Notolepis annulata,max size,,,30
234638,Electrona carlsbergi,Lat,-69,-39,
234638,Electrona carlsbergi,lon,-180,180,
234638,Electrona carlsbergi,Depth,100,350,
234638,Electrona carlsbergi,Depth,1,1008,
234638,Electrona carlsbergi,max size,,,9.6
234638,Electrona carlsbergi,max size,,,11.2
234664,Lampris immaculatus,Lat,-69,-34,
234664,Lampris immaculatus,Depth,50,500,
234697,Paradiplospinus antarcticus,Lat,-79,-31,
234697,Paradiplospinus antarcticus,lon,-180,180,
234697,Paradiplospinus antarcticus,Depth,0,830,adult
234697,Paradiplospinus antarcticus,Depth,0,2830,
234697,Paradiplospinus antarcticus,max size,,,52
234697,Paradiplospinus antarcticus,common size,,,35
234700,Dissostichus eleginoides,Lat,-66,-33,
234700,Dissostichus eleginoides,Lon,-77,180,
234700,Dissostichus eleginoides,Depth,0,2144,
234700,Dissostichus eleginoides,Depth,70,1500,
234700,Dissostichus eleginoides,max size,,,215
234700,Dissostichus eleginoides,common size,,,70
234731,Scopelosaurus hamiltoni,Lat,-60,-30,
234731,Scopelosaurus hamiltoni,lon,-180,180,
234731,Scopelosaurus hamiltoni,Depth,400,1200,
234731,Scopelosaurus hamiltoni,Depth,600,800,
234731,Scopelosaurus hamiltoni,max size,,,45
234731,Scopelosaurus hamiltoni,max size,,,50
234742,Muraenolepis microps,Lat,-78,-50,
234742,Muraenolepis microps,lon,-180,-19,
234742,Muraenolepis microps,lon,143,180,
234742,Muraenolepis microps,Depth,10,1600,
234742,Muraenolepis microps,max size,,,35
234742,Muraenolepis microps,common size,,,27
234767,Protomyctophum tenisoni,Lat,-67,-46,
234767,Protomyctophum tenisoni,lon,-180,180,
234767,Protomyctophum tenisoni,Depth,0,100,
234767,Protomyctophum tenisoni,Depth,100,850,
234767,Protomyctophum tenisoni,max size,,,5.4
234788,Lepidonotothen squamifrons,Lat,-79,-45,
234788,Lepidonotothen squamifrons,lon,-180,180,
234788,Lepidonotothen squamifrons,Depth,195,312,
234788,Lepidonotothen squamifrons,Depth,10,900,
234788,Lepidonotothen squamifrons,max size,,,55
234788,Lepidonotothen squamifrons,common size,,,35
254538,Gadus macrocephalus,Lat,31,63,
254538,Gadus macrocephalus,lon,-180,-119,
254538,Gadus macrocephalus,lon,119,180,
254538,Gadus macrocephalus,Depth,100,400,
254538,Gadus macrocephalus,Depth,10,1280,
254538,Gadus macrocephalus,max size,,,119
271328,Rhizoprionodon porosus,lat,-40,28,
271328,Rhizoprionodon porosus,Lon,-88,-32,
271328,Rhizoprionodon porosus,Depth,0,100,
271328,Rhizoprionodon porosus,Depth,0,500,
271328,Rhizoprionodon porosus,max size,,,113
271328,Rhizoprionodon porosus,common size,,,75
271378,Sphyrna couardi,Lat,-5,17,
271378,Sphyrna couardi,Lon,-19,13,
271651,Scymnodalatias albicauda,lat,-50,-42,
271651,Scymnodalatias albicauda,Depth,140,512,
272087,Omosudis lowei,Lat,-40,40,
272087,Omosudis lowei,Depth,70,1830,
272087,Omosudis lowei,Depth,100,4000,
272087,Omosudis lowei,max size,,,23
272087,Omosudis lowei,common size,,,20
272173,Parexocoetus hillianus,Depth,0,20,
272173,Parexocoetus hillianus,max size,,,12.5
272452,Merluccius australis,Lat,-59,-33,
272452,Merluccius australis,Lon,-180,-66,
272452,Merluccius australis,Lon,165,180,
272452,Merluccius australis,Depth,28,1000,
272452,Merluccius australis,max size,,,155
272452,Merluccius australis,common size,,,80
272528,Lophotus capellei,Depth,1,1100,
272534,Trachipterus jacksonensis,Depth,0,400,
272534,Trachipterus jacksonensis,Depth,0,1000,
272534,Trachipterus jacksonensis,max size,,,211
272534,Trachipterus jacksonensis,max size,,,220
272534,Trachipterus jacksonensis,common size,,,200
272562,Gigantactis golovani,Depth,0,2100,
272562,Gigantactis golovani,max size,,,17.9
272630,Oneirodes kreffti,Lat,-45,-18,
272630,Oneirodes kreffti,lon,0,180,
272630,Oneirodes kreffti,Depth,150,1170,
272630,Oneirodes kreffti,Depth,0,2000,
272630,Oneirodes kreffti,max size,,,12.6
272630,Oneirodes kreffti,max size,,,7.5
272630,Oneirodes kreffti,max size,,,11.1
272630,Oneirodes kreffti,common size,,,2
272656,Ceratoscopelus townsendi,Lat,?,35,
272656,Ceratoscopelus townsendi,Lat,?,55,
272656,Ceratoscopelus townsendi,Depth,425,1500,Day
272656,Ceratoscopelus townsendi,Depth,0,200,Night
272656,Ceratoscopelus townsendi,max size,,,18.4
272728,Notoscopelus kroyeri,Lat,37,68,
272728,Notoscopelus kroyeri,lon,-66,16,
272728,Notoscopelus kroyeri,Depth,0,125,Night
272728,Notoscopelus kroyeri,Depth,325,1000,Day
272728,Notoscopelus kroyeri,max size,,,14
272728,Notoscopelus kroyeri,max size,,,14.3
272734,Symbolophorus kreffti,Lat,-20,-7,
272734,Symbolophorus kreffti,Lat,-4,20,
272734,Symbolophorus kreffti,Depth,0,300,
272734,Symbolophorus kreffti,Depth,0,150,
272734,Symbolophorus kreffti,max size,,,11.2
273675,Cubiceps caeruleus,Lat,?,-19,
273675,Cubiceps caeruleus,Depth,20,250,
273811,Scomberomorus brasiliensis,Lat,-36,21,
273811,Scomberomorus brasiliensis,Lon,-90,-29,
273811,Scomberomorus brasiliensis,Depth,20,60,
273811,Scomberomorus brasiliensis,Depth,0,130,
273811,Scomberomorus brasiliensis,max size,,,125
273811,Scomberomorus brasiliensis,common size,,,65
273819,Scomberomorus regalis,Lat,-24,41,
273819,Scomberomorus regalis,Lon,-99,-34,
273819,Scomberomorus regalis,Depth,1,20,
273998,Stromateus brasiliensis,Lat,-55,-26,
273998,Stromateus brasiliensis,lon,-69,-48,
273998,Stromateus brasiliensis,Depth,22,133,
273998,Stromateus brasiliensis,max size,,,38
274967,Argyropelecus olfersii,Lat,-50,65,
274967,Argyropelecus olfersii,Depth,100,600,Night
274967,Argyropelecus olfersii,Depth,200,800,Day
274967,Argyropelecus olfersii,max size,,,9
274978,Maurolicus stehmanni,Lat,-40,-22,
274978,Maurolicus stehmanni,lon,-60,-40,
274978,Maurolicus stehmanni,Depth,0,200,
274978,Maurolicus stehmanni,Depth,0,1500,
274978,Maurolicus stehmanni,max size,,,5.8
274978,Maurolicus stehmanni,max size,,,5.2
275069,Eustomias bigelowi,Lat,-25,0,South Atlantic
275069,Eustomias bigelowi,Lat,20,35,Western Atlantic
275069,Eustomias bigelowi,lon,-30,0,South Atlantic
275069,Eustomias bigelowi,lon,-90,-35,Western Atlantic
275069,Eustomias bigelowi,Depth,0,500,
275069,Eustomias bigelowi,max size,,,19.8
275138,Eustomias spherulifer,Lat,-31,-2,
275138,Eustomias spherulifer,lon,-9,-4,Eastern Atlantic
275138,Eustomias spherulifer,Depth,0,1900,
275138,Eustomias spherulifer,max size,,,16.5
275138,Eustomias spherulifer,max size,,,15
275171,Photonectes albipennis,Lat,-55,50,
275171,Photonectes albipennis,lon,-180,-150,
275171,Photonectes albipennis,lon,25,180,
275171,Photonectes albipennis,Depth,0,800,
275171,Photonectes albipennis,max size,,,30
275500,Brevoortia patronus,Lat,19,31,
275500,Brevoortia patronus,lon,-95,-80,
275500,Brevoortia patronus,Depth,0,50,
275500,Brevoortia patronus,max size,,,35
275500,Brevoortia patronus,common size,,,20
276250,Cantherhines macrocerus,Lat,-26,33,
276250,Cantherhines macrocerus,Lon,-99,-14,
276250,Cantherhines macrocerus,Depth,3,20,
276307,Bathyclupea schroederi,Lat,12,23,
276307,Bathyclupea schroederi,lon,-79.65,-79.65,
276307,Bathyclupea schroederi,lon,-82,-79,
276307,Bathyclupea schroederi,Depth,380,750,
276307,Bathyclupea schroederi,max size,,,13.2
276560,Peprilus burti,Lat,17,39,
276560,Peprilus burti,lon,-99,-73,
276560,Peprilus burti,Depth,155,225,
276560,Peprilus burti,Depth,0,275,
276560,Peprilus burti,max size,,,25
277287,Pellona harroweri,Lat,-30,12,
277287,Pellona harroweri,lon,-89,-32,
277287,Pellona harroweri,Depth,0,35,
277287,Pellona harroweri,max size,,,18
277287,Pellona harroweri,max size,,,18
277287,Pellona harroweri,common size,,,12
277287,Pellona harroweri,common size,,,12
278434,Grammatorcynus bilineatus,Lat,-25,31,
278434,Grammatorcynus bilineatus,lon,32,180,
278434,Grammatorcynus bilineatus,lon,-180,-175,
278434,Grammatorcynus bilineatus,Depth,15,50,
278434,Grammatorcynus bilineatus,max size,,,100
278434,Grammatorcynus bilineatus,common size,,,50
278702,Genypterus blacodes,Lat,-57,-17,
278702,Genypterus blacodes,Lon,114,180,
278702,Genypterus blacodes,Lon,-180,-30,
278702,Genypterus blacodes,Depth,22,1000,
278702,Genypterus blacodes,Depth,300,550,
278702,Genypterus blacodes,max size,,,200
278702,Genypterus blacodes,common size,,,100
279766,Assurger anzac,Lat,-37,37,
279766,Assurger anzac,Lon,-180,180,
279766,Assurger anzac,max size,,,250
279766,Assurger anzac,common size,,,200
280091,Cetengraulis edentulus,Lat,-28,23,
280091,Cetengraulis edentulus,lon,-98,-32,
280091,Cetengraulis edentulus,Depth,10,?,
280091,Cetengraulis edentulus,max size,,,20.5
280091,Cetengraulis edentulus,common size,,,15
280695,Epinnula magistralis,Lat,-19,38,
280695,Epinnula magistralis,lon,109,180,
280695,Epinnula magistralis,lon,-180,-74,
280695,Epinnula magistralis,Depth,200,350,
280695,Epinnula magistralis,Depth,100,185,
280695,Epinnula magistralis,max size,,,100
280695,Epinnula magistralis,common size,,,45
281542,Megachasma pelagios,Lat,-40,40,
281542,Megachasma pelagios,lon,-180,180,
281542,Megachasma pelagios,Depth,5,1500,
281542,Megachasma pelagios,Depth,120,166,
281542,Megachasma pelagios,max size,,,900
281542,Megachasma pelagios,max size,?,,709
281542,Megachasma pelagios,max size,?,,549
281832,Odontognathus compressus,Lat,4,14,
281832,Odontognathus compressus,lon,-84,-53,
281832,Odontognathus compressus,Depth,0,30,
281832,Odontognathus compressus,max size,,,13
281832,Odontognathus compressus,max size,,,15
281832,Odontognathus compressus,common size,,,12
282546,Ramnogaster arcuata,Lat,-42,-33,
282546,Ramnogaster arcuata,lon,-64,-52,
282546,Ramnogaster arcuata,Depth,0,50,
282546,Ramnogaster arcuata,common size,7,8,
282546,Ramnogaster arcuata,max size,,,7.5
282546,Ramnogaster arcuata,max size,,,9
282546,Ramnogaster arcuata,max size,,,9
282546,Ramnogaster arcuata,common size,,,7.5
282757,Seriolella porosa,Lat,-55,0,
282757,Seriolella porosa,lon,-89,-45,
282757,Seriolella porosa,max size,,,44
282757,Seriolella porosa,common size,,,35
282973,Thysanactis dentex,lat,-30,18,
282973,Thysanactis dentex,lon,-180,-150,
282973,Thysanactis dentex,lon,-62,180,
282973,Thysanactis dentex,Depth,75,1500,
282973,Thysanactis dentex,max size,,,18
283164,Winteria telescopa,Lat,-49,28,
283164,Winteria telescopa,lon,-180,-154,
283164,Winteria telescopa,lon,-52,180,
283164,Winteria telescopa,Depth,500,700,
283164,Winteria telescopa,Depth,400,2500,
283164,Winteria telescopa,max size,,,15
283166,Woodsia nonsuchae,lat,-33,31,
283166,Woodsia nonsuchae,lon,-180,-64,
283166,Woodsia nonsuchae,lon,130,180,
283166,Woodsia nonsuchae,Depth,530,1335,
283166,Woodsia nonsuchae,max size,,,9
283166,Woodsia nonsuchae,max size,,,12
283206,Zameus squamulosus,lat,-56,68,
283206,Zameus squamulosus,Lon,-180,180,
283206,Zameus squamulosus,Depth,400,900,
283206,Zameus squamulosus,Depth,0,2200,
298438,Carcharhinus perezi,lat,-35,33,
298438,Carcharhinus perezi,Lon,-100,-33,
298438,Carcharhinus perezi,Depth,0,30,
298438,Carcharhinus perezi,Depth,0,378,
299089,Centroscymnus owstoni,lat,-38,33,
299089,Centroscymnus owstoni,Lon,-52,30,
299089,Centroscymnus owstoni,Depth,600,1459,common
299089,Centroscymnus owstoni,Depth,100,1500,
300735,Gadus chalcogrammus,Lat,34,68,
300735,Gadus chalcogrammus,lon,129,180,
300735,Gadus chalcogrammus,lon,-180,-120,
300735,Gadus chalcogrammus,max size,,,91
301526,Lampanyctus isaacsi,Depth,0,2300,
301526,Nannobrachium isaacsi,Depth,40,325,Night
301526,Nannobrachium isaacsi,Depth,550,750,Day
301526,Lampanyctus isaacsi,max size,,,5.8
302432,Caranx ruber,Lat,33,35,
302432,Caranx ruber,lon,-100,-33,
302432,Caranx ruber,Depth,0,35,
302432,Caranx ruber,Depth,0,22,
302432,Caranx ruber,max size,,,73
302432,Caranx ruber,common size,,,50
302877,Remora albescens,Depth,1,50,
302877,Remora albescens,Depth,1,200,
303486,Kyphosus sectatrix,Lat,-29,46,
303486,Kyphosus sectatrix,Lon,-98,16,
303486,Kyphosus sectatrix,Depth,1,30,
303486,Kyphosus sectatrix,max size,,,76
303486,Kyphosus sectatrix,common size,,,50
313240,Pentaceros richardsoni,Lat,-56,-23,
313240,Pentaceros richardsoni,lon,-68,180,
313240,Pentaceros richardsoni,lon,-180,-174,
313240,Pentaceros richardsoni,Depth,0,600,
313240,Pentaceros richardsoni,Depth,0,1000,
313240,Pentaceros richardsoni,max size,,,56
317659,Dasyscopelus asper,Lat,-52,46,
317659,Dasyscopelus asper,lon,-180,180,
317659,Dasyscopelus asper,Depth,425,750,Day
317659,Dasyscopelus asper,Depth,0,125,Night
317659,Dasyscopelus asper,max size,,,8.5
319394,Monacoa grimaldii,Lat,-49,43,
319394,Monacoa grimaldii,lon,-180,15,
319394,Monacoa grimaldii,lon,149,180,
319394,Monacoa grimaldii,Depth,300,400,
319394,Monacoa grimaldii,Depth,0,4750,
319394,Monacoa grimaldii,max size,,,18
319394,Monacoa grimaldii,max size,,,8
321911,Tetronarce nobiliana,Lat,-48,60,
321911,Tetronarce nobiliana,lon,-180,180,
321911,Tetronarce nobiliana,Depth,0,925,
321911,Tetronarce nobiliana,max size,,,180
321911,Tetronarce nobiliana,common size,,,40
345843,Sphyraena barracuda,Lat,-35,42,
345843,Sphyraena barracuda,Lon,-180,180,
345843,Sphyraena barracuda,Depth,0,110,
345843,Sphyraena barracuda,Depth,3,30,
345843,Sphyraena barracuda,max size,,,200
345843,Sphyraena barracuda,common size,,,140
388863,Scopeloberyx bannikovi,Lat,14.86666667,14.86666667,
388863,Scopeloberyx bannikovi,lon,-73.81666667,-73.81666667,
388863,Scopeloberyx bannikovi,Depth,1500,1500,
398478,Odontanthias caudicinctus,Depth,100,300,
398478,Odontanthias caudicinctus,max size,,,10
401555,Alectis alexandrina/ Alectis alexandrinus,Lat,-13,42,
401555,Alectis alexandrina/ Alectis alexandrinus,lon,-19,36,
401555,Alectis alexandrina/ Alectis alexandrinus,Depth,?,70,
401555,Alectis alexandrina/ Alectis alexandrinus,max size,,,100
401555,Alectis alexandrina/ Alectis alexandrinus,common size,,,60
712905,Istiompax indica,Lat,-40,40,
712905,Istiompax indica,Lat,-47,44,
712905,Istiompax indica,Lon,-180,-69,
712905,Istiompax indica,Lon,18,180,
712905,Istiompax indica,Depth,0,915,
712905,Istiompax indica,Depth,0,20,
712905,Istiompax indica,max size,,,465
712905,Istiompax indica,common size,,,380
712905,Istiompax indica,Temperature,26,27,
712905,Istiompax indica,Temperature,15,30,
712905,Istiompax indica,spawning temperature,27,28,
712906,Kajikia albida,Lat,-45,47,
712906,Kajikia albida,Lat,-45,45,
712906,Kajikia albida,Lon,-99,27,
712906,Kajikia albida,Depth,0,100,
712906,Kajikia albida,Depth,0,300,
712906,Kajikia albida,max size,,,300
712906,Kajikia albida,common size,,,210
712906,Kajikia albida,Temperature,20,29,24
712906,Kajikia albida,spawning temperature,24,29,
712907,Kajikia audax,Lat,-49,46,
712907,Kajikia audax,Lon,-180,-69,
712907,Kajikia audax,Lon,19,180,
712907,Kajikia audax,Depth,0,120,
712907,Kajikia audax,Depth,0,544,
712907,Kajikia audax,max size,,,420
712907,Kajikia audax,common size,,,290
712907,Kajikia audax,Temperature,15,31,
712907,Kajikia audax,Temperature,20,25,
712907,Kajikia audax,spawning temperature,24,,
713109,Lophotus guntheri,Depth,30,300,
990089,Gadus finnmarchicus,max size,,,50
1007133,Liopropoma santi,Depth,182,241,
1007133,Liopropoma santi,max size,,,11.6
1017161,Mugil brevirostris,max size,,,20.9
1026118,Mobula birostris,lat,-38,42,
1026118,Mobula birostris,Lon,-180,180,
1026118,Mobula birostris,Depth,0,1000,
1026118,Mobula birostris,max size,,,910
1026118,Mobula birostris,common size,,,450
1042799,Squalus bassi,Depth,159,591,
1042799,Squalus bassi,max size,?,,110
1042799,Squalus bassi,max size,?,,96
1042856,Hypanus americanus,lat,-4,36,
1042856,Hypanus americanus,Lon,-100,-37,
1042856,Hypanus americanus,Depth,0,100,
1042856,Hypanus americanus,max size,,,200
1042856,Hypanus americanus,common size,,,90
1042871,Mobula alfredi,Lat,-34,32,
1042871,Mobula alfredi,Lon,-180,-134,
1042871,Mobula alfredi,Lon,30,180,
1287298,Squalus clarkae,Depth,100,750,
1287298,Squalus clarkae,Depth,242,613,
1287298,Squalus clarkae,Depth,100,500,
1287298,Squalus clarkae,max size,?,,82
1287298,Squalus clarkae,max size,?,,72.3
1287298,Squalus clarkae,max size,?,,55
1510072,Melamphaes lentiginosus,Depth,2200,2200,
1510072,Melamphaes lentiginosus,max size,,,1.8
1524348,Neobathyclupea elongata,max size,,,40
1525496,Dasyscopelus selenops,Lat,-52,48,
1525496,Dasyscopelus selenops,lon,-180,-153,
1525496,Dasyscopelus selenops,lon,-79,180,
1525496,Dasyscopelus selenops,Depth,40,225,Night
1525496,Dasyscopelus selenops,Depth,225,450,Day
1525496,Dasyscopelus selenops,max size,,,7.5
1525496,Dasyscopelus selenops,common size,,,7.2
