acceptedNameUsageID,Scientific name,Item,Bottom,Top,Average,# records
105787,Carcharhinus altimus,Salinity,2,2,2,1
105787,Carcharhinus altimus,Habitat,1.5,3,2.357142857,7
105787,Carcharhinus altimus,TemperatureT,2,3,2.5,4
105787,Carcharhinus altimus,Behavior,2,2,2,1
105787,Carcharhinus altimus,Food,2,3.6,2.866666667,3
105788,Carcharhinus brevipinna,Salinity,2,2,2,1
105788,Carcharhinus brevipinna,Habitat,1.3,2.5,1.966666667,6
105788,Carcharhinus brevipinna,TemperatureT,2,3,2.5,4
105788,Carcharhinus brevipinna,Behavior,3,3,3,1
105788,Carcharhinus brevipinna,Food,2,3.6,2.866666667,3
105788,Carcharhinus brevipinna,Aggregation,1,4,2.5,2
105789,Carcharhinus falciformis,Salinity,2,2,2,1
105789,Carcharhinus falciformis,Habitat,1.3,3,2.22,10
105789,Carcharhinus falciformis,TemperatureT,2.6,2.6,2.6,1
105789,Carcharhinus falciformis,Associate,2.2,3,2.6,2
105789,Carcharhinus falciformis,Behavior,3.2,3.2,3.2,1
105789,Carcharhinus falciformis,Food,2,3,2.333333333,3
105790,Carcharhinus galapagensis,Salinity,2,2,2,1
105790,Carcharhinus galapagensis,Habitat,1.3,3,2.15,10
105790,Carcharhinus galapagensis,TemperatureT,2.4,3,2.7,2
105790,Carcharhinus galapagensis,Behavior,3,3,3,1
105790,Carcharhinus galapagensis,Food,2,4,3,3
105791,Carcharhinus isodon,Salinity,2,2,2,1
105791,Carcharhinus isodon,Habitat,1.1,2,1.466666667,3
105791,Carcharhinus isodon,TemperatureT,2.6,2.6,2.6,1
105791,Carcharhinus isodon,Behavior,1,1,1,1
105791,Carcharhinus isodon,Food,2,3,2.5,2
105791,Carcharhinus isodon,Aggregation,4,4,4,1
105792,Carcharhinus leucas,Salinity,0,2,1,3
105792,Carcharhinus leucas,Habitat,0,2.5,1.4,7
105792,Carcharhinus leucas,TemperatureT,2.4,3,2.666666667,3
105792,Carcharhinus leucas,Behavior,1,3,2,2
105792,Carcharhinus leucas,Food,1,3.6,2.166666667,6
105793,Carcharhinus limbatus,Salinity,1,2,1.5,2
105793,Carcharhinus limbatus,Habitat,1,3,1.86,10
105793,Carcharhinus limbatus,TemperatureT,2.4,3,2.666666667,3
105793,Carcharhinus limbatus,Behavior,1,3,2,3
105793,Carcharhinus limbatus,Food,2,3.6,2.65,4
105793,Carcharhinus limbatus,Aggregation,5,5,5,1
105794,Carcharhinus longimanus,Salinity,2,2,2,1
105794,Carcharhinus longimanus,Habitat,2,3,2.625,4
105794,Carcharhinus longimanus,TemperatureT,2,3,2.533333333,3
105794,Carcharhinus longimanus,Associate,2.5,2.5,2.5,1
105794,Carcharhinus longimanus,Behavior,3.2,3.2,3.2,1
105794,Carcharhinus longimanus,Food,1,4.5,2.45,8
105795,Carcharhinus melanopterus,Salinity,1,2,1.5,2
105795,Carcharhinus melanopterus,Habitat,1,2.5,1.525,8
105795,Carcharhinus melanopterus,TemperatureT,2.6,3,2.8,2
105795,Carcharhinus melanopterus,Food,1.5,3,2.125,4
105795,Carcharhinus melanopterus,Aggregation,1,3,2,2
105796,Carcharhinus obscurus,Salinity,1,2,1.5,2
105796,Carcharhinus obscurus,Habitat,1.5,3,2.25,4
105796,Carcharhinus obscurus,TemperatureT,2.4,3,2.666666667,3
105796,Carcharhinus obscurus,Behavior,3,3,3,1
105796,Carcharhinus obscurus,Food,1,3.6,2.157142857,7
105797,Carcharhinus plumbeus,Salinity,1,2,1.5,2
105797,Carcharhinus plumbeus,Habitat,1.3,3,2.2,8
105797,Carcharhinus plumbeus,TemperatureT,2,3,2.533333333,3
105797,Carcharhinus plumbeus,Behavior,1,3,2,3
105797,Carcharhinus plumbeus,Food,1.5,3.6,2.42,5
105798,Carcharhinus signatus,Salinity,2,2,2,1
105798,Carcharhinus signatus,Habitat,2,3,2.4,5
105798,Carcharhinus signatus,TemperatureT,2.6,2.6,2.6,1
105798,Carcharhinus signatus,Behavior,2,3,2.5,2
105798,Carcharhinus signatus,Food,2,3,2.5,2
105798,Carcharhinus signatus,Aggregation,4,4,4,1
105799,Galeocerdo cuvier,Salinity,1,2,1.5,2
105799,Galeocerdo cuvier,Habitat,1,3,2.088888889,9
105799,Galeocerdo cuvier,TemperatureT,2,3,2.5,4
105799,Galeocerdo cuvier,Behavior,2,2,2,1
105799,Galeocerdo cuvier,Food,1,5,3.1375,8
105800,Negaprion brevirostris,Salinity,1,2,1.5,2
105800,Negaprion brevirostris,Habitat,1,3,1.7,11
105800,Negaprion brevirostris,TemperatureT,2.6,3,2.8,2
105800,Negaprion brevirostris,Behavior,1,3,2,3
105800,Negaprion brevirostris,Food,1.5,3,2.166666667,3
105800,Negaprion brevirostris,Aggregation,1,3,2,2
105801,Prionace glauca,Salinity,1,2,1.5,2
105801,Prionace glauca,Habitat,1,3,1.825,4
105801,Prionace glauca,TemperatureT,2,3,2.533333333,3
105801,Prionace glauca,Behavior,3.2,3.2,3.2,1
105801,Prionace glauca,Food,1,5,2.575,8
105802,Rhizoprionodon acutus,Salinity,0,2,1,3
105802,Rhizoprionodon acutus,Habitat,0,2,1.26,5
105802,Rhizoprionodon acutus,TemperatureT,2.6,3,2.8,2
105802,Rhizoprionodon acutus,Behavior,2,2,2,1
105802,Rhizoprionodon acutus,Food,1.4,2,1.7,2
105803,Paragaleus pectoralis,Salinity,2,2,2,1
105803,Paragaleus pectoralis,Habitat,1.3,2.5,1.95,4
105803,Paragaleus pectoralis,TemperatureT,3,3,3,1
105803,Paragaleus pectoralis,Behavior,1,1,1,1
105803,Paragaleus pectoralis,Food,2,3,2.5,2
105816,Sphyrna lewini,Salinity,1,2,1.5,2
105816,Sphyrna lewini,Habitat,1,3,2.1,8
105816,Sphyrna lewini,TemperatureT,2,3,2.466666667,3
105816,Sphyrna lewini,Behavior,3,3,3,1
105816,Sphyrna lewini,Food,2,3.6,2.4,7
105816,Sphyrna lewini,Aggregation,1,4,2.333333333,3
105817,Sphyrna mokarran,Salinity,1,2,1.5,2
105817,Sphyrna mokarran,Habitat,1.3,3,2.257142857,7
105817,Sphyrna mokarran,TemperatureT,2,3,2.5,4
105817,Sphyrna mokarran,Behavior,2,3,2.5,2
105817,Sphyrna mokarran,Food,2,3.6,2.984615385,13
105819,Sphyrna zygaena,Salinity,1,2,1.5,2
105819,Sphyrna zygaena,Habitat,1.3,3,2.257142857,7
105819,Sphyrna zygaena,TemperatureT,2,3,2.533333333,3
105819,Sphyrna zygaena,Behavior,2,3,2.5,2
105819,Sphyrna zygaena,Food,1.4,3.6,2.777777778,9
105819,Sphyrna zygaena,Aggregation,4,4,4,1
105820,Galeorhinus galeus,Salinity,2,2,2,1
105820,Galeorhinus galeus,Habitat,1.3,3,2.4125,8
105820,Galeorhinus galeus,TemperatureT,2,2.6,2.3,2
105820,Galeorhinus galeus,Behavior,1,2,1.5,2
105820,Galeorhinus galeus,Food,1.4,3.2,2.175,8
105820,Galeorhinus galeus,Aggregation,3,3,3,1
105822,Mustelus mustelus,Salinity,2,2,2,1
105822,Mustelus mustelus,Habitat,2,3,2.375,4
105822,Mustelus mustelus,TemperatureT,2,2,2,1
105822,Mustelus mustelus,Behavior,1,2,1.5,2
105822,Mustelus mustelus,Food,2,3,2.333333333,3
105832,Heptranchias perlo,Salinity,2,2,2,1
105832,Heptranchias perlo,Habitat,2,3,2.5,6
105832,Heptranchias perlo,TemperatureT,2,3,2.533333333,3
105832,Heptranchias perlo,Behavior,1.2,2,1.6,2
105832,Heptranchias perlo,Food,2,3.6,2.65,4
105833,Hexanchus griseus,Salinity,2,2,2,1
105833,Hexanchus griseus,Habitat,1.3,3,2.471428571,7
105833,Hexanchus griseus,TemperatureT,1.3,3,2.375,4
105833,Hexanchus griseus,Behavior,1,3,1.733333333,3
105833,Hexanchus griseus,Food,2,3.6,2.65,4
105835,Alopias superciliosus,Salinity,2,2,2,1
105835,Alopias superciliosus,Habitat,1.3,3,2.075,4
105835,Alopias superciliosus,TemperatureT,2,3,2.533333333,3
105835,Alopias superciliosus,Behavior,3,3.2,3.1,2
105835,Alopias superciliosus,Food,2,3,2.5,2
105836,Alopias vulpinus,Salinity,2,2,2,1
105836,Alopias vulpinus,Habitat,1.3,3,2.16,5
105836,Alopias vulpinus,TemperatureT,2,3,2.533333333,3
105836,Alopias vulpinus,Behavior,3.2,3.2,3.2,1
105836,Alopias vulpinus,Food,2,5,3,4
105837,Cetorhinus maximus,Salinity,2,2,2,1
105837,Cetorhinus maximus,Habitat,1.3,3,2.216666667,6
105837,Cetorhinus maximus,TemperatureT,1.3,3,2.1,3
105837,Cetorhinus maximus,Behavior,3,3.2,3.066666667,3
105837,Cetorhinus maximus,Food,1.8,1.8,1.8,1
105837,Cetorhinus maximus,Aggregation,1,4,2.5,4
105838,Carcharodon carcharias,Salinity,1,2,1.5,2
105838,Carcharodon carcharias,Habitat,1,3,2.1625,8
105838,Carcharodon carcharias,TemperatureT,2,3,2.533333333,3
105838,Carcharodon carcharias,Behavior,3,3,3,1
105838,Carcharodon carcharias,Food,2,5,3.52,5
105838,Carcharodon carcharias,Aggregation,1,3,2,3
105839,Isurus oxyrinchus,Salinity,2,2,2,1
105839,Isurus oxyrinchus,Habitat,1.3,3,2.1,3
105839,Isurus oxyrinchus,TemperatureT,2,3,2.533333333,3
105839,Isurus oxyrinchus,Behavior,3,3.2,3.1,2
105839,Isurus oxyrinchus,Food,2,4,3.15,4
105840,Isurus paucus,Salinity,2,2,2,1
105840,Isurus paucus,Habitat,3,3,3,1
105840,Isurus paucus,TemperatureT,2,3,2.533333333,3
105840,Isurus paucus,Behavior,2.5,3.2,2.9,3
105840,Isurus paucus,Food,2,3,2.5,2
105841,Lamna nasus,Salinity,2,2,2,1
105841,Lamna nasus,Habitat,1.3,3,2.328571429,7
105841,Lamna nasus,TemperatureT,1.3,2,1.633333333,3
105841,Lamna nasus,Behavior,3,3,3,1
105841,Lamna nasus,Food,2,3.6,2.866666667,3
105841,Lamna nasus,Aggregation,1,4,2.5,2
105843,Carcharias taurus,Salinity,2,2,2,1
105843,Carcharias taurus,Habitat,1.3,2,1.6,3
105843,Carcharias taurus,TemperatureT,2,3,2.533333333,3
105843,Carcharias taurus,Behavior,1,3.2,2.3,4
105843,Carcharias taurus,Food,2,3.6,2.65,4
105843,Carcharias taurus,Aggregation,1,4,2.666666667,3
105844,Odontaspis ferox,Salinity,2,2,2,1
105844,Odontaspis ferox,Habitat,2,3,2.5,6
105844,Odontaspis ferox,TemperatureT,2.6,3,2.8,2
105844,Odontaspis ferox,Behavior,2,2,2,1
105844,Odontaspis ferox,Food,2,3,2.333333333,3
105845,Odontaspis noronhai,Salinity,2,2,2,1
105845,Odontaspis noronhai,Habitat,2.5,3,2.666666667,3
105845,Odontaspis noronhai,TemperatureT,3,3,3,1
105845,Odontaspis noronhai,Behavior,3,3,3,1
105846,Ginglymostoma cirratum,Salinity,1,2,1.5,2
105846,Ginglymostoma cirratum,Habitat,1.3,2.5,1.675,8
105846,Ginglymostoma cirratum,TemperatureT,2.6,3,2.8,2
105846,Ginglymostoma cirratum,Behavior,1.7,1.7,1.7,1
105846,Ginglymostoma cirratum,Food,1.4,3.6,2.666666667,3
105846,Ginglymostoma cirratum,Aggregation,1,3,2,2
105847,Rhincodon typus,Salinity,2,2,2,1
105847,Rhincodon typus,Habitat,1,3,1.883333333,6
105847,Rhincodon typus,TemperatureT,2,3,2.533333333,3
105847,Rhincodon typus,Associate,2.8,3,2.9,2
105847,Rhincodon typus,Behavior,3.2,3.2,3.2,1
105847,Rhincodon typus,Food,1.8,3,2.2,5
105847,Rhincodon typus,Aggregation,1,4,2.5,2
105858,Mobula japanica,Salinity,2,2,2,1
105858,Mobula mobular,Salinity,2,2,2,1
105858,Mobula japanica,Habitat,1.3,3,1.95,4
105858,Mobula mobular,Habitat,1.5,3,2.2,5
105858,Mobula japanica,TemperatureT,2.6,2.6,2.6,1
105858,Mobula mobular,TemperatureT,2,3,2.533333333,3
105858,Mobula japanica,Behavior,3,3,3,1
105858,Mobula mobular,Behavior,3,3.2,3.1,2
105858,Mobula japanica,Food,1.8,3.2,2.24,5
105858,Mobula mobular,Food,2,3.2,2.6,2
105858,Mobula japanica,Aggregation,1,3,2,2
105859,Mobula tarapacana,Salinity,2,2,2,1
105859,Mobula tarapacana,Habitat,1.5,3,2.166666667,3
105859,Mobula tarapacana,TemperatureT,3,3,3,1
105859,Mobula tarapacana,Food,1.8,3.2,2.5,2
105859,Mobula tarapacana,Aggregation,1,3,2,2
105860,Myliobatis aquila,Salinity,1,2,1.5,2
105860,Myliobatis aquila,Habitat,1,3,1.966666667,6
105860,Myliobatis aquila,TemperatureT,2.6,2.6,2.6,1
105860,Myliobatis aquila,Behavior,2,2,2,2
105860,Myliobatis aquila,Food,1.4,3,1.825,4
105860,Myliobatis aquila,Aggregation,3,3,3,1
105899,Centrophorus granulosus,Salinity,2,2,2,1
105899,Centrophorus granulosus,Habitat,2,3,2.5,4
105899,Centrophorus granulosus,Behavior,1,2,1.475,4
105899,Centrophorus granulosus,Food,2,3,2.333333333,3
105899,Centrophorus granulosus,Aggregation,1,1,1,1
105901,Centrophorus squamosus,Salinity,2,2,2,1
105901,Centrophorus squamosus,Habitat,2,3,2.6,5
105901,Centrophorus squamosus,Behavior,1,2,1.4,3
105901,Centrophorus squamosus,Food,2,3,2.5,2
105902,Centrophorus uyato,Salinity,2,2,2,1
105902,Centrophorus uyato,Habitat,2,3,2.625,4
105902,Centrophorus uyato,Behavior,1.2,1.2,1.2,1
105902,Centrophorus uyato,Food,2,3,2.5,2
105907,Centroscymnus coelolepis,Salinity,2,2,2,1
105907,Centroscymnus coelolepis,Habitat,2.5,3,2.666666667,3
105907,Centroscymnus coelolepis,Behavior,1,1.2,1.1,2
105907,Centroscymnus coelolepis,Food,1.5,3.6,2.42,5
105910,Dalatias licha,Salinity,2,2,2,1
105910,Dalatias licha,Habitat,2,3,2.5,6
105910,Dalatias licha,Behavior,1,3,1.8,4
105910,Dalatias licha,Food,2,3.6,2.971428571,7
105910,Dalatias licha,Aggregation,1,3,2,2
105918,Scymnodon ringens,Salinity,2,2,2,1
105918,Scymnodon ringens,Behavior,2,3,2.5,3
105918,Scymnodon ringens,Habitat,2.5,2.5,2.5,1
105919,Somniosus microcephalus,Salinity,1,2,1.5,2
105919,Somniosus microcephalus,Habitat,1,3,2.1625,8
105919,Somniosus microcephalus,TemperatureT,1,1.3,1.15,2
105919,Somniosus microcephalus,Behavior,1,3.2,2.3,4
105919,Somniosus microcephalus,Food,1.4,5,2.717241379,29
105921,Squaliolus laticaudus,Salinity,2,2,2,1
105921,Squaliolus laticaudus,TemperatureT,3,3,3,1
105921,Squaliolus laticaudus,Behavior,2.5,3.2,2.9,3
105921,Squaliolus laticaudus,Food,2.6,3.2,3.05,4
105921,Squaliolus laticaudus,Habitat,2.2,3,2.566666667,3
105923,Squalus acanthias,Salinity,0,2,1,3
105923,Squalus acanthias,Habitat,1,3,2.28,10
105923,Squalus acanthias,TemperatureT,1,2,1.5,2
105923,Squalus acanthias,Behavior,1,2,1.5,2
105923,Squalus acanthias,Food,1.4,3.2,2.333333333,12
126292,Nessorhamphus ingolfianus,Salinity,2,2,2,1
126292,Nessorhamphus ingolfianus,TemperatureT,2,2.6,2.3,2
126292,Nessorhamphus ingolfianus,Behavior,2.5,3,2.75,2
126292,Nessorhamphus ingolfianus,Food,2,2,2,1
126292,Nessorhamphus ingolfianus,Habitat,3,3,3,1
126305,Nemichthys curvirostris,Salinity,2,2,2,1
126305,Nemichthys curvirostris,TemperatureT,2,3,2.5,2
126305,Nemichthys curvirostris,Behavior,2.5,2.5,2.5,1
126305,Nemichthys curvirostris,Food,2,2,2,1
126306,Nemichthys scolopaceus,Salinity,2,2,2,1
126306,Nemichthys scolopaceus,TemperatureT,2,3,2.5,2
126306,Nemichthys scolopaceus,Behavior,2.5,3,2.75,2
126306,Nemichthys scolopaceus,Food,2,2.2,2.066666667,3
126306,Nemichthys scolopaceus,Habitat,3,3,3,1
126332,Alepisaurus brevirostris,Salinity,2,2,2,1
126332,Alepisaurus brevirostris,Habitat,3,3,3,2
126332,Alepisaurus brevirostris,TemperatureT,2,3,2.5,2
126332,Alepisaurus brevirostris,Behavior,2.5,2.5,2.5,1
126332,Alepisaurus brevirostris,Food,2.2,3,2.466666667,3
126333,Alepisaurus ferox,Salinity,2,2,2,1
126333,Alepisaurus ferox,Habitat,1.3,3,2.15,2
126333,Alepisaurus ferox,TemperatureT,1.3,3,2.3,3
126333,Alepisaurus ferox,Behavior,2.5,3.2,2.9,3
126333,Alepisaurus ferox,Food,1.4,3,1.96,5
126349,Scopelosaurus lepidus,Salinity,2,2,2,1
126349,Scopelosaurus lepidus,TemperatureT,1.3,3,2.225,4
126349,Scopelosaurus lepidus,Behavior,2,3,2.5,3
126349,Scopelosaurus lepidus,Food,1.8,3.2,2.25,4
126349,Scopelosaurus lepidus,Habitat,3,3,3,1
126350,Scopelosaurus smithii,Salinity,2,2,2,1
126350,Scopelosaurus smithii,TemperatureT,2,3,2.5,2
126350,Scopelosaurus smithii,Behavior,2,3,2.5,2
126350,Scopelosaurus smithii,Food,1.8,1.8,1.8,1
126350,Scopelosaurus smithii,Habitat,2.2,2.5,2.35,2
126361,Paralepis coregonoides,Salinity,2,2,2,1
126361,Paralepis coregonoides,Behavior,2.5,3.2,2.88,5
126367,Scopelarchus analis,Salinity,2,2,2,1
126367,Scopelarchus analis,TemperatureT,2,3,2.466666667,3
126367,Scopelarchus analis,Behavior,2.5,3,2.75,2
126367,Scopelarchus analis,Food,3.2,3.2,3.2,1
126367,Scopelarchus analis,Habitat,3,3,3,1
126368,Scopelarchus michaelsarsi,Salinity,2,2,2,1
126368,Scopelarchus michaelsarsi,TemperatureT,2.6,3,2.8,2
126368,Scopelarchus michaelsarsi,Behavior,2.5,3,2.75,2
126368,Scopelarchus michaelsarsi,Food,3.2,3.2,3.2,1
126368,Scopelarchus michaelsarsi,Habitat,3,3,3,1
126375,Belone belone,Salinity,1,2,1.5,2
126375,Belone belone,TemperatureT,2,2,2,1
126375,Belone belone,Behavior,3,3,3,1
126375,Belone belone,Food,3,3,3,1
126375,Belone belone,Habitat,3,3,3,1
126378,Tylosurus acus,Salinity,2,2,2,1
126378,Tylosurus acus,TemperatureT,2.4,3,2.666666667,3
126378,Tylosurus acus,Behavior,3.2,3.2,3.2,1
126378,Tylosurus acus,Food,2,3.2,2.6,2
126378,Tylosurus acus,Habitat,1.5,3,2.125,4
126385,Exocoetus volitans,Salinity,2,2,2,1
126385,Exocoetus volitans,TemperatureT,2.6,3,2.8,2
126385,Exocoetus volitans,Behavior,3,3.2,3.1,2
126385,Exocoetus volitans,Food,1.8,2,1.9,2
126385,Exocoetus volitans,Habitat,2,2,2,2
126387,Hirundichthys speculiger,Salinity,2,2,2,1
126387,Hirundichthys speculiger,TemperatureT,3,3,3,1
126387,Hirundichthys speculiger,Behavior,3,3,3,1
126387,Hirundichthys speculiger,Habitat,3,3,3,1
126392,Scomberesox saurus,Salinity,2,2,2,1
126392,Scomberesox saurus,TemperatureT,2,2.6,2.3,2
126392,Scomberesox saurus,Aggregation,4,4,4,1
126392,Scomberesox saurus,Behavior,3,3,3,1
126392,Scomberesox saurus,Food,1.8,3.2,2.15,4
126392,Scomberesox saurus,Habitat,3,3,3,1
126393,Anoplogaster cornuta,Salinity,2,2,2,1
126393,Anoplogaster cornuta,TemperatureT,2,3,2.5,2
126393,Anoplogaster cornuta,Aggregation,1,3,2,2
126393,Anoplogaster cornuta,Behavior,2.5,2.5,2.5,1
126393,Anoplogaster cornuta,Food,2,3,2.5,2
126404,Hoplostethus mediterraneus,Salinity,2,2,2,1
126404,Hoplostethus mediterraneus,TemperatureT,2.6,2.6,2.6,1
126404,Hoplostethus mediterraneus,Behavior,2,2,2,1
126407,Ditropichthys storeri,Salinity,2,2,2,1
126407,Ditropichthys storeri,Behavior,2.5,2.5,2.5,1
126412,Rondeletia loricata,Salinity,2,2,2,1
126412,Rondeletia loricata,TemperatureT,2,3,2.5,2
126412,Rondeletia loricata,Behavior,2.5,3,2.75,2
126412,Rondeletia loricata,Food,1.8,2,1.9,2
126412,Rondeletia loricata,Habitat,3,3,3,1
126421,Sardina pilchardus,Salinity,0,2,1,3
126421,Sardina pilchardus,TemperatureT,1.6,2.6,2.1,2
126421,Sardina pilchardus,Aggregation,4,4,4,1
126421,Sardina pilchardus,Behavior,3,3,3,1
126421,Sardina pilchardus,Food,1.8,1.8,1.8,1
126421,Sardina pilchardus,Habitat,2,2,2,1
126422,Sardinella aurita,Salinity,1,2,1.5,2
126422,Sardinella aurita,TemperatureT,2.6,2.6,2.6,1
126422,Sardinella aurita,Behavior,3,3,3,1
126422,Sardinella aurita,Food,1.2,1.8,1.6,3
126422,Sardinella aurita,Habitat,1.3,2,1.766666667,3
126423,Sardinella maderensis,Salinity,1,2,1.5,2
126423,Sardinella maderensis,TemperatureT,2.6,2.6,2.6,1
126423,Sardinella maderensis,Aggregation,4,4,4,1
126423,Sardinella maderensis,Behavior,3,3,3,1
126423,Sardinella maderensis,Food,1.2,1.8,1.6,3
126423,Sardinella maderensis,Habitat,1,2,1.5,2
126425,Sprattus sprattus,Salinity,0,2,1,3
126425,Sprattus sprattus,TemperatureT,2,2,2,1
126425,Sprattus sprattus,Aggregation,4,4,4,1
126425,Sprattus sprattus,Behavior,3,3,3,1
126425,Sprattus sprattus,Food,1.8,1.8,1.8,1
126425,Sprattus sprattus,Habitat,1,3,1.825,4
126439,Micromesistius poutassou,Salinity,2,2,2,1
126439,Micromesistius poutassou,TemperatureT,2,2,2,1
126439,Micromesistius poutassou,Behavior,2.5,2.5,2.5,1
126439,Micromesistius poutassou,Food,2,3,2.5,3
126439,Micromesistius poutassou,Habitat,2,2.5,2.25,2
126444,Trisopterus esmarkii,Salinity,2,2,2,1
126444,Trisopterus esmarkii,TemperatureT,2,2,2,1
126444,Trisopterus esmarkii,Behavior,2,3,2.5,2
126444,Trisopterus esmarkii,Food,1.8,3.2,2.088888889,9
126473,Nezumia aequalis,Salinity,2,2,2,1
126473,Nezumia aequalis,Behavior,2,2,2,1
126473,Nezumia aequalis,Food,1.4,2,1.7,2
126482,Trachyrincus scabrus,Salinity,2,2,2,1
126482,Trachyrincus scabrus,Aggregation,4,4,4,1
126482,Trachyrincus scabrus,Behavior,1.2,1.2,1.2,1
126482,Trachyrincus scabrus,Food,1.4,3,2.085714286,7
126482,Trachyrincus scabrus,Habitat,2,3,2.5,3
126484,Merluccius merluccius,Salinity,2,2,2,1
126484,Merluccius merluccius,TemperatureT,2,2,2,1
126484,Merluccius merluccius,Behavior,1,1,1,1
126484,Merluccius merluccius,Food,2,3,2.533333333,3
126486,Antimora rostrata,Salinity,2,2,2,1
126486,Antimora rostrata,Behavior,1.7,2.5,2.066666667,3
126486,Antimora rostrata,Food,1.4,1.4,1.4,1
126486,Antimora rostrata,Habitat,2.5,2.5,2.5,1
126497,Mora moro,Salinity,2,2,2,1
126497,Mora moro,Behavior,1,2.5,1.833333333,3
126497,Mora moro,Food,1.4,4.5,2.48,5
126497,Mora moro,Habitat,2.5,2.5,2.5,1
126522,Lampris guttatus,Salinity,2,2,2,1
126522,Lampris guttatus,Habitat,3,3,3,1
126522,Lampris guttatus,TemperatureT,2,3,2.5,2
126522,Lampris guttatus,Behavior,2.5,3.2,2.9,3
126522,Lampris guttatus,Food,1.5,3,2.371428571,7
126522,Lampris guttatus,Aggregation,1,1,1,1
126524,Radiicephalus elongatus,Salinity,2,2,2,1
126524,Radiicephalus elongatus,Behavior,3,3,3,1
126524,Radiicephalus elongatus,Food,2.2,3.2,2.8,3
126524,Radiicephalus elongatus,Habitat,3,3,3,1
126525,Regalecus glesne,Salinity,2,2,2,1
126525,Regalecus glesne,Habitat,3,3,3,2
126525,Regalecus glesne,TemperatureT,1.6,3,2.3,4
126525,Regalecus glesne,Behavior,3,3.2,3.066666667,3
126525,Regalecus glesne,Food,1.8,3.2,2.428571429,7
126525,Regalecus glesne,Aggregation,1,2,1.5,2
126526,Stylephorus chordatus,Salinity,2,2,2,1
126526,Stylephorus chordatus,TemperatureT,2.6,3,2.8,2
126526,Stylephorus chordatus,Behavior,2.5,3,2.8,5
126526,Stylephorus chordatus,Food,1.4,1.8,1.6,2
126526,Stylephorus chordatus,Habitat,3,3,3,1
126527,Trachipterus arcticus,Salinity,2,2,2,1
126527,Trachipterus arcticus,Habitat,3,3,3,1
126527,Trachipterus arcticus,Behavior,2.5,3.2,2.9,3
126527,Trachipterus arcticus,Food,2,3.2,2.6,3
126527,Trachipterus arcticus,Aggregation,1,3,2,2
126528,Trachipterus trachypterus,Salinity,2,2,2,1
126528,Trachipterus trachypterus,Habitat,2.5,3,2.75,2
126528,Trachipterus trachypterus,TemperatureT,2.6,3,2.8,2
126528,Trachipterus trachypterus,Behavior,2.5,3.2,2.9,3
126528,Trachipterus trachypterus,Food,1.8,3.2,2.65,4
126537,Ceratias holboelli,Salinity,2,2,2,1
126537,Ceratias holboelli,TemperatureT,1.3,3,1.9,4
126537,Ceratias holboelli,Behavior,2.5,2.5,2.5,1
126538,Cryptopsaras couesii,Salinity,2,2,2,1
126538,Cryptopsaras couesii,TemperatureT,2.6,3,2.8,2
126538,Cryptopsaras couesii,Behavior,2.5,2.5,2.5,1
126566,Leptacanthichthys gracilispinis,Salinity,2,2,2,1
126566,Leptacanthichthys gracilispinis,Behavior,2.5,2.5,2.5,1
126566,Leptacanthichthys gracilispinis,Habitat,3,3,3,1
126581,Benthosema suborbitale,Salinity,2,2,2,1
126581,Benthosema suborbitale,TemperatureT,2,3,2.5,2
126581,Benthosema suborbitale,Behavior,2.5,3.2,2.9,3
126581,Benthosema suborbitale,Food,1.8,1.8,1.8,1
126581,Benthosema suborbitale,Habitat,3,3,3,1
126582,Bolinichthys indicus,Salinity,2,2,2,1
126582,Bolinichthys indicus,TemperatureT,2.6,2.6,2.6,1
126582,Bolinichthys indicus,Behavior,2.5,3,2.75,2
126582,Bolinichthys indicus,Habitat,3,3,3,1
126583,Bolinichthys supralateralis,Salinity,2,2,2,1
126583,Bolinichthys supralateralis,TemperatureT,3,3,3,1
126583,Bolinichthys supralateralis,Behavior,2.5,3,2.75,2
126583,Bolinichthys supralateralis,Habitat,3,3,3,1
126584,Centrobranchus nigroocellatus,Salinity,2,2,2,1
126584,Centrobranchus nigroocellatus,Behavior,2.5,3.2,2.9,3
126584,Centrobranchus nigroocellatus,Habitat,3,3,3,1
126585,Ceratoscopelus maderensis,Salinity,2,2,2,1
126585,Ceratoscopelus maderensis,TemperatureT,2,2,2,1
126585,Ceratoscopelus maderensis,Behavior,2.5,3.2,2.85,2
126585,Ceratoscopelus maderensis,Food,1.8,1.8,1.8,1
126585,Ceratoscopelus maderensis,Habitat,3,3,3,1
126589,Diaphus brachycephalus,Salinity,2,2,2,1
126589,Diaphus brachycephalus,TemperatureT,2.6,3,2.8,2
126589,Diaphus brachycephalus,Behavior,2.5,3,2.75,2
126589,Diaphus brachycephalus,Habitat,3,3,3,1
126590,Diaphus dumerilii,Salinity,2,2,2,1
126590,Diaphus dumerilii,TemperatureT,2.6,3,2.8,2
126590,Diaphus dumerilii,Behavior,3,3.2,3.1,2
126590,Diaphus dumerilii,Habitat,3,3,3,1
126594,Diaphus metopoclampus,Salinity,2,2,2,1
126594,Diaphus metopoclampus,Behavior,2,3,2.5,3
126594,Diaphus metopoclampus,Habitat,3,3,3,1
126599,Diogenichthys atlanticus,Salinity,2,2,2,1
126599,Diogenichthys atlanticus,Behavior,2.5,3.2,2.9,3
126599,Diogenichthys atlanticus,Habitat,3,3,3,1
126603,Hygophum hygomii,Salinity,2,2,2,1
126603,Hygophum hygomii,TemperatureT,2.6,2.6,2.6,1
126603,Hygophum hygomii,Behavior,2.5,3,2.75,2
126603,Hygophum hygomii,Habitat,3,3,3,1
126607,Lampadena chavesi,Salinity,2,2,2,1
126607,Lampadena chavesi,Behavior,2.5,3.2,2.9,3
126607,Lampadena chavesi,Habitat,3,3,3,1
126612,Lampanyctus crocodilus,Salinity,2,2,2,1
126612,Lampanyctus crocodilus,Behavior,2,3.2,2.675,4
126612,Lampanyctus crocodilus,Food,1.8,1.8,1.8,1
126612,Lampanyctus crocodilus,Habitat,3,3,3,1
126614,Lampanyctus festivus,Salinity,2,2,2,1
126614,Lampanyctus festivus,TemperatureT,2.6,2.6,2.6,1
126614,Lampanyctus festivus,Behavior,2.5,3,2.75,2
126614,Lampanyctus festivus,Habitat,3,3,3,1
126616,Lampanyctus lineatus,Salinity,2,2,2,1
126616,Lampanyctus lineatus,TemperatureT,2.6,3,2.8,2
126616,Lampanyctus lineatus,Behavior,2.5,3,2.875,4
126616,Lampanyctus lineatus,Habitat,3,3,3,2
126625,Loweina rara,Salinity,2,2,2,1
126625,Loweina rara,Behavior,2.5,3.2,2.9,3
126625,Loweina rara,Habitat,3,3,3,1
126626,Myctophum nitidulum,Salinity,2,2,2,1
126626,Myctophum nitidulum,TemperatureT,2.6,3,2.8,2
126626,Myctophum nitidulum,Behavior,2.5,3.2,2.9,3
126626,Myctophum nitidulum,Habitat,3,3,3,1
126627,Myctophum punctatum,Salinity,2,2,2,1
126627,Myctophum punctatum,Behavior,2.5,3.2,2.9,3
126627,Myctophum punctatum,Food,1.8,2.2,1.933333333,3
126627,Myctophum punctatum,Habitat,3,3,3,1
126628,Myctophum selenops,Salinity,2,2,2,1
126628,Myctophum selenops,Behavior,2.5,3.2,2.9,3
126628,Myctophum selenops,Habitat,3,3,3,1
126629,Notolychnus valdiviae,Salinity,2,2,2,1
126629,Notolychnus valdiviae,TemperatureT,2,2.6,2.3,2
126629,Notolychnus valdiviae,Behavior,2.5,3.2,2.9,3
126629,Notolychnus valdiviae,Food,1.8,2.2,2,3
126629,Notolychnus valdiviae,Habitat,3,3,3,1
126632,Taaningichthys minimus,Salinity,2,2,2,1
126632,Taaningichthys minimus,Behavior,2.5,3.2,2.9,3
126632,Taaningichthys minimus,Habitat,3,3,3,1
126715,Argentina silus,Salinity,2,2,2,1
126715,Argentina silus,TemperatureT,1,1,1,1
126715,Argentina silus,Aggregation,4,4,4,1
126715,Argentina silus,Behavior,2.5,2.5,2.5,1
126715,Argentina silus,Food,1.8,3,2.266666667,3
126733,Opisthoproctus soleatus,Salinity,2,2,2,1
126733,Opisthoproctus soleatus,TemperatureT,2,3,2.5,2
126733,Opisthoproctus soleatus,Behavior,2.5,3,2.75,2
126733,Opisthoproctus soleatus,Habitat,3,3,3,1
126734,Rhynchohyalus natalensis,Salinity,2,2,2,1
126734,Rhynchohyalus natalensis,TemperatureT,2,3,2.5,2
126734,Rhynchohyalus natalensis,Behavior,3,3,3,1
126734,Rhynchohyalus natalensis,Habitat,3,3,3,1
126735,Mallotus villosus,Salinity,0,2,1,3
126735,Mallotus villosus,TemperatureT,1,1,1,2
126735,Mallotus villosus,Aggregation,4,4,4,1
126735,Mallotus villosus,Behavior,3,3,3,1
126735,Mallotus villosus,Food,1.4,3,2.1,4
126735,Mallotus villosus,Habitat,1.3,3,2.15,2
126757,Anarhichas denticulatus,Salinity,2,2,2,1
126757,Anarhichas denticulatus,TemperatureT,1,1,1,1
126757,Anarhichas denticulatus,Behavior,1.7,3,2.233333333,3
126757,Anarhichas denticulatus,Food,1.4,3,1.9,5
126757,Anarhichas denticulatus,Habitat,2,2,2,1
126783,Brama brama,Salinity,2,2,2,1
126783,Brama brama,Habitat,2,3,2.5,3
126783,Brama brama,TemperatureT,2.4,3,2.666666667,3
126783,Brama brama,Behavior,2,3.2,2.8,4
126783,Brama brama,Food,1.8,3.2,2.4,6
126783,Brama brama,Aggregation,3,3,3,1
126785,Pterycombus brama,Salinity,2,2,2,1
126785,Pterycombus brama,TemperatureT,2.6,2.6,2.6,1
126785,Pterycombus brama,Behavior,3,3,3,1
126785,Pterycombus brama,Habitat,2,3,2.333333333,3
126786,Taractes asper,Salinity,2,2,2,1
126786,Taractes asper,Habitat,2,3,2.5,4
126786,Taractes asper,TemperatureT,2,3,2.466666667,3
126786,Taractes asper,Behavior,3,3.2,3.1,2
126787,Taractes rubescens,Salinity,2,2,2,1
126787,Taractes rubescens,Habitat,1.3,3,2.266666667,3
126787,Taractes rubescens,TemperatureT,2,3,2.533333333,3
126787,Taractes rubescens,Behavior,2,3.2,2.733333333,3
126787,Taractes rubescens,Food,1.4,3.2,2.4,3
126787,Taractes rubescens,Aggregation,1,1,1,1
126788,Taractichthys longipinnis,Salinity,2,2,2,1
126788,Taractichthys longipinnis,Habitat,2,3,2.5,2
126788,Taractichthys longipinnis,TemperatureT,2.6,2.6,2.6,1
126788,Taractichthys longipinnis,Behavior,3,3.2,3.066666667,3
126788,Taractichthys longipinnis,Food,1.4,2.6,2.066666667,3
126788,Taractichthys longipinnis,Aggregation,1,3,2,2
126802,Caranx crysos,Salinity,1,2,1.5,2
126802,Caranx crysos,Habitat,1,3,2,5
126802,Caranx crysos,TemperatureT,2.6,3,2.8,2
126802,Caranx crysos,Associate,2,2,2,2
126802,Caranx crysos,Behavior,3,3,3,1
126802,Caranx crysos,Food,1.4,3,2.2,3
126802,Caranx crysos,Aggregation,4,4,4,1
126803,Caranx hippos,Salinity,1,2,1.5,2
126803,Caranx hippos,TemperatureT,2.6,2.6,2.6,1
126803,Caranx hippos,Aggregation,1,4,2.5,2
126803,Caranx hippos,Food,1.4,3,2.2,3
126803,Caranx hippos,Habitat,0,2,1.416666667,6
126805,Caranx lugubris,Salinity,2,2,2,1
126805,Caranx lugubris,Habitat,1.5,3,2.25,4
126805,Caranx lugubris,TemperatureT,2.6,2.6,2.6,1
126805,Caranx lugubris,Behavior,2,2,2,1
126805,Caranx lugubris,Food,3,3,3,1
126805,Caranx lugubris,Aggregation,4,4,4,1
126807,Decapterus macarellus,Salinity,2,2,2,1
126807,Decapterus macarellus,Habitat,2,3,2.5,4
126807,Decapterus macarellus,TemperatureT,2.6,2.6,2.6,1
126807,Decapterus macarellus,Behavior,3,3.2,3.066666667,3
126807,Decapterus macarellus,Food,1.8,1.8,1.8,1
126807,Decapterus macarellus,Aggregation,4,4,4,1
126809,Elagatis bipinnulata,Salinity,2,2,2,1
126809,Elagatis bipinnulata,Habitat,1.5,3,2,4
126809,Elagatis bipinnulata,TemperatureT,2.6,2.6,2.6,1
126809,Elagatis bipinnulata,Associate,2.2,2.2,2.2,2
126809,Elagatis bipinnulata,Behavior,3,3,3,1
126809,Elagatis bipinnulata,Food,1.4,3.2,2.133333333,3
126809,Elagatis bipinnulata,Aggregation,5,5,5,1
126811,Naucrates ductor,Salinity,2,2,2,1
126811,Naucrates ductor,Habitat,1.5,3,2.166666667,3
126811,Naucrates ductor,TemperatureT,2.6,2.6,2.6,1
126811,Naucrates ductor,Associate,1.8,4.5,2.66,10
126811,Naucrates ductor,Behavior,3,3,3,1
126811,Naucrates ductor,Food,1,3.2,1.52,5
126814,Selene dorsalis,Salinity,1,2,1.5,2
126814,Selene dorsalis,Habitat,1,3,1.825,4
126814,Selene dorsalis,TemperatureT,2.6,2.6,2.6,1
126814,Selene dorsalis,Behavior,1,3,2,2
126814,Selene dorsalis,Food,2,3.2,2.6,2
126814,Selene dorsalis,Aggregation,4,4,4,1
126816,Seriola dumerili,Salinity,2,2,2,1
126816,Seriola dumerili,Habitat,1.3,3,1.966666667,6
126816,Seriola dumerili,TemperatureT,2.6,2.6,2.6,1
126816,Seriola dumerili,Associate,2,4,2.733333333,3
126816,Seriola dumerili,Behavior,1.7,3,2.35,2
126816,Seriola dumerili,Food,1.4,3,2.2,2
126816,Seriola dumerili,Aggregation,1,3,2.333333333,3
126818,Seriola rivoliana,Salinity,2,2,2,1
126818,Seriola rivoliana,Habitat,1.5,2.5,1.875,4
126818,Seriola rivoliana,TemperatureT,2,2.6,2.3,2
126818,Seriola rivoliana,Associate,2.2,2.2,2.2,1
126818,Seriola rivoliana,Behavior,1.7,3,2.233333333,3
126818,Seriola rivoliana,Food,1.4,3,2.2,2
126818,Seriola rivoliana,Aggregation,3,3,3,1
126820,Trachurus mediterraneus,Salinity,1,2,1.5,2
126820,Trachurus mediterraneus,TemperatureT,2.6,2.6,2.6,1
126820,Trachurus mediterraneus,Aggregation,4,4,4,1
126820,Trachurus mediterraneus,Behavior,2,3.2,2.6,2
126820,Trachurus mediterraneus,Food,1.4,3.2,2.7,4
126820,Trachurus mediterraneus,Habitat,2,3,2.5,2
126821,Trachurus picturatus,Salinity,2,2,2,1
126821,Trachurus picturatus,TemperatureT,2.6,2.6,2.6,1
126821,Trachurus picturatus,Aggregation,4,4,4,1
126821,Trachurus picturatus,Behavior,1,3,2,3
126821,Trachurus picturatus,Associate,2.2,2.2,2.2,1
126821,Trachurus picturatus,Food,1.8,2,1.9,2
126821,Trachurus picturatus,Habitat,2,3,2.4,5
126822,Trachurus trachurus,Salinity,2,2,2,1
126822,Trachurus trachurus,TemperatureT,2.6,2.6,2.6,1
126822,Trachurus trachurus,Aggregation,5,5,5,1
126822,Trachurus trachurus,Behavior,3,3,3,1
126822,Trachurus trachurus,Associate,1.8,1.8,1.8,1
126822,Trachurus trachurus,Food,2,3,2.525,4
126822,Trachurus trachurus,Habitat,2,3,2.5,2
126823,Trachurus trecae,Salinity,1,2,1.5,2
126823,Trachurus trecae,Habitat,2,3,2.5,2
126823,Trachurus trecae,TemperatureT,3,3,3,1
126823,Trachurus trecae,Behavior,2,2,2,1
126823,Trachurus trecae,Food,2,2,2,1
126828,Spicara maena,Salinity,2,2,2,1
126828,Spicara maena,TemperatureT,2.6,2.6,2.6,1
126828,Spicara maena,Behavior,1,3,2,2
126828,Spicara maena,Food,1.8,1.8,1.8,1
126828,Spicara maena,Habitat,1.3,2,1.65,2
126830,Spicara smaris,Salinity,2,2,2,1
126830,Spicara smaris,TemperatureT,2.6,2.6,2.6,1
126830,Spicara smaris,Aggregation,4,4,4,1
126830,Spicara smaris,Behavior,1,3,2,2
126830,Spicara smaris,Food,1.5,2,1.75,2
126830,Spicara smaris,Habitat,1.3,2,1.65,2
126831,Centrolophus niger,Salinity,2,2,2,1
126831,Centrolophus niger,Habitat,2,3,2.5,5
126831,Centrolophus niger,TemperatureT,2,2.4,2.2,2
126831,Centrolophus niger,Associate,1,2.2,1.666666667,3
126831,Centrolophus niger,Behavior,1.7,3.2,2.68,5
126831,Centrolophus niger,Food,1.6,3.2,2.25,8
126831,Centrolophus niger,Aggregation,5,5,5,1
126843,Pseudoscopelus altipinnis,Salinity,2,2,2,1
126843,Pseudoscopelus altipinnis,TemperatureT,3,3,3,1
126843,Pseudoscopelus altipinnis,Behavior,2.5,3,2.833333333,3
126843,Pseudoscopelus altipinnis,Habitat,3,3,3,1
126845,Coryphaena equiselis,Salinity,2,2,2,1
126845,Coryphaena equiselis,Habitat,2,3,2.5,2
126845,Coryphaena equiselis,TemperatureT,2.6,3,2.8,2
126845,Coryphaena equiselis,Associate,2.2,2.2,2.2,1
126845,Coryphaena equiselis,Behavior,3,3,3,1
126845,Coryphaena equiselis,Food,2.6,3.2,2.9,2
126845,Coryphaena equiselis,Aggregation,4,4,4,1
126846,Coryphaena hippurus,Salinity,1,2,1.5,2
126846,Coryphaena hippurus,Habitat,2,3,2.666666667,3
126846,Coryphaena hippurus,TemperatureT,2,3,2.533333333,3
126846,Coryphaena hippurus,Associate,2.2,2.2,2.2,1
126846,Coryphaena hippurus,Behavior,3,3,3,1
126846,Coryphaena hippurus,Food,1.8,3.2,2.32,5
126846,Coryphaena hippurus,Aggregation,4,4,4,1
126848,Echeneis naucrates,Salinity,1,2,1.5,2
126848,Echeneis naucrates,Habitat,1.3,3,2.06,5
126848,Echeneis naucrates,TemperatureT,2,3,2.533333333,3
126848,Echeneis naucrates,Associate,2.5,4.5,3.4,8
126848,Echeneis naucrates,Behavior,3,3,3,1
126848,Echeneis naucrates,Food,1,3.2,1.8,4
126849,Phtheirichthys lineatus,Salinity,2,2,2,1
126849,Phtheirichthys lineatus,Habitat,2,3,2.5,2
126849,Phtheirichthys lineatus,TemperatureT,2.6,3,2.8,2
126849,Phtheirichthys lineatus,Associate,3,3,3,1
126849,Phtheirichthys lineatus,Behavior,3,3,3,1
126851,Remora brachyptera,Salinity,2,2,2,1
126851,Remora brachyptera,Habitat,2,3,2.5,2
126851,Remora brachyptera,TemperatureT,2.4,3,2.666666667,3
126851,Remora brachyptera,Associate,3,3.2,3.05,4
126851,Remora brachyptera,Behavior,3,3.2,3.1,2
126852,Remora osteochir,Salinity,2,2,2,1
126852,Remora osteochir,Habitat,2,3,2.5,2
126852,Remora osteochir,TemperatureT,2,3,2.5,4
126852,Remora osteochir,Associate,2,3,2.666666667,3
126852,Remora osteochir,Behavior,3,3,3,1
126852,Remora osteochir,Food,1,1,1,1
126853,Remora remora,Salinity,2,2,2,1
126853,Remora remora,Habitat,1.5,3,2.166666667,3
126853,Remora remora,TemperatureT,2.4,3,2.666666667,3
126853,Remora remora,Associate,2.5,4.5,3.3,4
126853,Remora remora,Food,1,1,1,1
126862,Gempylus serpens,Salinity,2,2,2,1
126862,Gempylus serpens,Habitat,2,3,2.5,2
126862,Gempylus serpens,TemperatureT,2,3,2.533333333,3
126862,Gempylus serpens,Behavior,3,3.2,3.1,4
126862,Gempylus serpens,Food,2,3.2,2.885714286,7
126862,Gempylus serpens,Aggregation,1,1,1,1
126863,Lepidocybium flavobrunneum,Salinity,2,2,2,1
126863,Lepidocybium flavobrunneum,Habitat,2,3,2.5,4
126863,Lepidocybium flavobrunneum,TemperatureT,2,3,2.5,2
126863,Lepidocybium flavobrunneum,Behavior,2,3,2.5,2
126863,Lepidocybium flavobrunneum,Food,2,3,2.6,6
126864,Nealotus tripes,Salinity,2,2,2,1
126864,Nealotus tripes,TemperatureT,2,3,2.5,2
126864,Nealotus tripes,Behavior,2.5,3.2,2.9,3
126864,Nealotus tripes,Food,2,3.2,2.7,4
126864,Nealotus tripes,Habitat,2,3,2.5,2
126865,Nesiarchus nasutus,Salinity,2,2,2,1
126865,Nesiarchus nasutus,Habitat,2,3,2.625,4
126865,Nesiarchus nasutus,TemperatureT,2,3,2.533333333,3
126865,Nesiarchus nasutus,Behavior,2,3,2.5,2
126865,Nesiarchus nasutus,Food,2,3,2.533333333,3
126866,Promethichthys prometheus,Salinity,2,2,2,1
126866,Promethichthys prometheus,TemperatureT,2,3,2.533333333,3
126866,Promethichthys prometheus,Behavior,2,3,2.5,2
126866,Promethichthys prometheus,Food,2,3,2.5,3
126866,Promethichthys prometheus,Habitat,2,3,2.5,5
126867,Ruvettus pretiosus,Salinity,2,2,2,1
126867,Ruvettus pretiosus,Habitat,2,3,2.583333333,6
126867,Ruvettus pretiosus,TemperatureT,2,3,2.5,4
126867,Ruvettus pretiosus,Behavior,2,2,2,1
126867,Ruvettus pretiosus,Food,2,3,2.533333333,3
126867,Ruvettus pretiosus,Aggregation,1,2,1.5,2
126949,Istiophorus albicans,Salinity,2,2,2,1
126949,Istiophorus albicans,Habitat,2,3,2.5,2
126949,Istiophorus albicans,TemperatureT,2,3,2.5,4
126949,Istiophorus albicans,Behavior,3,3.2,3.1,2
126949,Istiophorus albicans,Food,1.4,3,2.2,2
126949,Istiophorus albicans,Aggregation,4,4,4,1
126950,Makaira nigricans,Salinity,2,2,2,1
126950,Makaira nigricans,Habitat,2,3,2.5,2
126950,Makaira nigricans,TemperatureT,2,3,2.533333333,3
126950,Makaira nigricans,Behavior,3,3.2,3.1,2
126950,Makaira nigricans,Food,1.4,3,2.416666667,6
126950,Makaira nigricans,Aggregation,1,1,1,1
126952,Tetrapturus belone,Salinity,2,2,2,1
126952,Tetrapturus belone,Habitat,2,3,2.5,2
126952,Tetrapturus belone,TemperatureT,2.6,2.6,2.6,1
126952,Tetrapturus belone,Behavior,3,3.2,3.066666667,3
126952,Tetrapturus belone,Food,2,3.2,2.92,5
126952,Tetrapturus belone,Aggregation,2,2,2,1
126953,Tetrapturus georgii,Salinity,2,2,2,1
126953,Tetrapturus georgii,Habitat,2,3,2.5,2
126953,Tetrapturus georgii,TemperatureT,2.6,3,2.8,2
126953,Tetrapturus georgii,Behavior,3,3,3,1
126954,Tetrapturus pfluegeri,Salinity,2,2,2,1
126954,Tetrapturus pfluegeri,Habitat,2.5,3,2.75,2
126954,Tetrapturus pfluegeri,TemperatureT,2.6,2.6,2.6,1
126954,Tetrapturus pfluegeri,Behavior,3,3.2,3.1,2
126954,Tetrapturus pfluegeri,Food,2.6,3.2,2.9,2
126973,Lobotes surinamensis,Salinity,1,2,1.5,2
126973,Lobotes surinamensis,Habitat,1,2.5,1.7,4
126973,Lobotes surinamensis,TemperatureT,2.6,3,2.8,2
126973,Lobotes surinamensis,Associate,2,2.2,2.1,2
126973,Lobotes surinamensis,Behavior,2,2,2,1
126973,Lobotes surinamensis,Food,1.4,3.2,2.3,2
126974,Luvarus imperialis,Salinity,2,2,2,1
126974,Luvarus imperialis,Habitat,2,3,2.5,2
126974,Luvarus imperialis,TemperatureT,2,3,2.533333333,3
126974,Luvarus imperialis,Behavior,3,3.2,3.066666667,3
126974,Luvarus imperialis,Food,1.6,1.6,1.6,4
126974,Luvarus imperialis,Aggregation,1,1,1,1
126976,Dicentrarchus punctatus,Salinity,1,2,1.5,2
126976,Dicentrarchus punctatus,TemperatureT,2.6,2.6,2.6,1
126976,Dicentrarchus punctatus,Behavior,2,2,2,1
126976,Dicentrarchus punctatus,Food,1.5,2.2,1.85,2
126976,Dicentrarchus punctatus,Habitat,0,2,1,2
126989,Upeneus moluccensis,Salinity,1,2,1.5,2
126989,Upeneus moluccensis,TemperatureT,2.6,2.6,2.6,1
126989,Upeneus moluccensis,Aggregation,4,4,4,1
126989,Upeneus moluccensis,Habitat,1.5,2.2,1.925,4
126991,Nomeus gronovii,Salinity,2,2,2,1
126991,Nomeus gronovii,TemperatureT,2.4,3,2.666666667,3
126991,Nomeus gronovii,Behavior,1,3,2,2
126991,Nomeus gronovii,Associate,1.8,2,1.866666667,3
126991,Nomeus gronovii,Food,1.6,1.8,1.7,2
126991,Nomeus gronovii,Habitat,2,3,2.5,2
126992,Psenes maculatus,Salinity,1,2,1.5,2
126992,Psenes maculatus,TemperatureT,2.6,2.6,2.6,1
126992,Psenes maculatus,Behavior,3,3.2,3.1,2
126992,Psenes maculatus,Associate,1.8,1.8,1.8,1
126992,Psenes maculatus,Habitat,3,3,3,1
126998,Polyprion americanus,Salinity,2,2,2,1
126998,Polyprion americanus,Habitat,2,3,2.5,2
126998,Polyprion americanus,Associate,2.2,2.2,2.2,1
126998,Polyprion americanus,Behavior,1,1,1,1
126998,Polyprion americanus,Food,2,3.2,2.666666667,6
126998,Polyprion americanus,Aggregation,1,1,1,1
127006,Rachycentron canadum,Salinity,1,2,1.5,2
127006,Rachycentron canadum,Habitat,1,3,1.7625,8
127006,Rachycentron canadum,TemperatureT,2.6,3,2.8,2
127006,Rachycentron canadum,Associate,2.2,2.2,2.2,1
127006,Rachycentron canadum,Behavior,3,3,3,1
127006,Rachycentron canadum,Food,2,3.6,2.533333333,6
127006,Rachycentron canadum,Aggregation,3,3,3,1
127014,Acanthocybium solandri,Salinity,2,2,2,1
127014,Acanthocybium solandri,Habitat,2,3,2.5,2
127014,Acanthocybium solandri,TemperatureT,2.6,3,2.8,2
127014,Acanthocybium solandri,Behavior,3,3.2,3.1,2
127014,Acanthocybium solandri,Food,2.6,3.2,2.96,5
127014,Acanthocybium solandri,Aggregation,1,4,2.666666667,3
127015,Auxis rochei,Salinity,1,2,1.5,2
127015,Auxis rochei,Habitat,2,3,2.5,2
127015,Auxis rochei,TemperatureT,2,3,2.5,2
127015,Auxis rochei,Behavior,3,3,3,1
127015,Auxis rochei,Food,1.8,3.2,2.218181818,11
127015,Auxis rochei,Aggregation,4,4,4,1
127016,Auxis thazard,Salinity,2,2,2,1
127016,Auxis thazard,Habitat,2,3,2.5,2
127016,Auxis thazard,TemperatureT,2.6,2.6,2.6,1
127016,Auxis thazard,Behavior,3,3.2,3.1,2
127016,Auxis thazard,Food,1.8,3.2,2.35,4
127017,Euthynnus alletteratus,Salinity,1,2,1.5,2
127017,Euthynnus alletteratus,Habitat,1.3,3,1.95,4
127017,Euthynnus alletteratus,TemperatureT,2.6,3,2.8,2
127017,Euthynnus alletteratus,Behavior,3,3,3,1
127017,Euthynnus alletteratus,Food,1.4,3,2,8
127017,Euthynnus alletteratus,Aggregation,4,4,4,2
127018,Katsuwonus pelamis,Salinity,2,2,2,1
127018,Katsuwonus pelamis,Habitat,2,3,2.5,3
127018,Katsuwonus pelamis,TemperatureT,2,3,2.466666667,3
127018,Katsuwonus pelamis,Associate,2.2,5,3.48,5
127018,Katsuwonus pelamis,Behavior,3,3,3,1
127018,Katsuwonus pelamis,Food,1.5,3,2.22,5
127018,Katsuwonus pelamis,Aggregation,4,4,4,1
127019,Orcynopsis unicolor,Salinity,1,2,1.5,2
127019,Orcynopsis unicolor,Habitat,2,3,2.5,2
127019,Orcynopsis unicolor,TemperatureT,2,2.6,2.3,2
127019,Orcynopsis unicolor,Associate,5,5,5,1
127019,Orcynopsis unicolor,Behavior,3,3.2,3.1,2
127019,Orcynopsis unicolor,Food,3,3.2,3.166666667,6
127019,Orcynopsis unicolor,Aggregation,3,3,3,1
127020,Rastrelliger kanagurta,Salinity,2,2,2,1
127020,Rastrelliger kanagurta,TemperatureT,3,3,3,1
127020,Rastrelliger kanagurta,Aggregation,5,5,5,1
127020,Rastrelliger kanagurta,Behavior,3,3,3,1
127020,Rastrelliger kanagurta,Food,1.2,2.2,1.76,5
127020,Rastrelliger kanagurta,Habitat,1.3,2,1.65,2
127021,Sarda sarda,Salinity,1,2,1.5,2
127021,Sarda sarda,Habitat,1,3,2,3
127021,Sarda sarda,TemperatureT,2.6,2.6,2.6,1
127021,Sarda sarda,Behavior,3,3.2,3.1,2
127021,Sarda sarda,Food,1.4,3.2,2.714285714,7
127021,Sarda sarda,Aggregation,4,4,4,1
127023,Scomber scombrus,Salinity,1,2,1.5,2
127023,Scomber scombrus,Habitat,2,3,2.333333333,3
127023,Scomber scombrus,TemperatureT,2,2,2,1
127023,Scomber scombrus,Behavior,3,3.2,3.1,2
127023,Scomber scombrus,Food,1.8,3.2,2.5,2
127023,Scomber scombrus,Aggregation,5,5,5,1
127024,Scomberomorus commerson,Salinity,1,2,1.5,2
127024,Scomberomorus commerson,Habitat,1.5,3,2,5
127024,Scomberomorus commerson,TemperatureT,3,3,3,1
127024,Scomberomorus commerson,Behavior,3,3,3,1
127024,Scomberomorus commerson,Food,2,3.2,2.533333333,6
127024,Scomberomorus commerson,Aggregation,1,3,2,2
127025,Scomberomorus tritor,Salinity,1,2,1.5,2
127025,Scomberomorus tritor,Habitat,1,3,2,3
127025,Scomberomorus tritor,TemperatureT,2.4,3,2.7,2
127025,Scomberomorus tritor,Behavior,3,3,3,1
127025,Scomberomorus tritor,Food,2,2,2,1
127025,Scomberomorus tritor,Aggregation,4,4,4,1
127026,Thunnus alalunga,Salinity,2,2,2,1
127026,Thunnus alalunga,Habitat,2,3,2.5,2
127026,Thunnus alalunga,TemperatureT,2,3,2.533333333,3
127026,Thunnus alalunga,Associate,2,3,2.64,5
127026,Thunnus alalunga,Behavior,3,3.2,3.066666667,3
127026,Thunnus alalunga,Food,2,3,2.533333333,3
127027,Thunnus albacares,Salinity,1,2,1.5,2
127027,Thunnus albacares,Habitat,2,3,2.666666667,3
127027,Thunnus albacares,TemperatureT,2.6,3,2.8,2
127027,Thunnus albacares,Associate,2.2,4,3.066666667,3
127027,Thunnus albacares,Behavior,3,3.2,3.066666667,3
127027,Thunnus albacares,Food,2,3,2.533333333,6
127027,Thunnus albacares,Aggregation,4,4,4,1
127028,Thunnus obesus,Salinity,2,2,2,1
127028,Thunnus obesus,Habitat,2,3,2.5,2
127028,Thunnus obesus,TemperatureT,2.6,2.6,2.6,1
127028,Thunnus obesus,Associate,2.2,3,2.6,2
127028,Thunnus obesus,Behavior,3,3,3,1
127028,Thunnus obesus,Food,2,3.2,2.475,8
127028,Thunnus obesus,Aggregation,4,4,4,1
127029,Thunnus thynnus,Salinity,1,2,1.5,2
127029,Thunnus thynnus,Habitat,2,3,2.5,2
127029,Thunnus thynnus,TemperatureT,2.6,2.6,2.6,1
127029,Thunnus thynnus,Associate,3,3,3,4
127029,Thunnus thynnus,Behavior,3,3,3,1
127029,Thunnus thynnus,Food,1.8,3.2,2.7875,16
127029,Thunnus thynnus,Aggregation,4,4,4,1
127068,Sphyraena sphyraena,Salinity,2,2,2,1
127068,Sphyraena sphyraena,TemperatureT,2.6,2.6,2.6,1
127068,Sphyraena sphyraena,Aggregation,4,4,4,1
127068,Sphyraena sphyraena,Behavior,3.2,3.2,3.2,1
127068,Sphyraena sphyraena,Associate,2.8,2.8,2.8,1
127068,Sphyraena sphyraena,Food,2,3,2.625,4
127068,Sphyraena sphyraena,Habitat,2,2,2,2
127076,Stromateus fiatola,Salinity,2,2,2,1
127076,Stromateus fiatola,TemperatureT,2.6,2.6,2.6,1
127076,Stromateus fiatola,Aggregation,4,5,4.5,2
127076,Stromateus fiatola,Behavior,2,2,2,1
127076,Stromateus fiatola,Associate,1.8,2,1.866666667,3
127076,Stromateus fiatola,Food,1.6,3.2,2.2,3
127076,Stromateus fiatola,Habitat,1.3,3,2.075,4
127087,Benthodesmus simonyi,Salinity,2,2,2,1
127087,Benthodesmus simonyi,Habitat,2.5,3,2.9,5
127087,Benthodesmus simonyi,Behavior,2,3,2.5,2
127088,Lepidopus caudatus,Salinity,2,2,2,1
127088,Lepidopus caudatus,Habitat,1.3,3,2.25,6
127088,Lepidopus caudatus,Behavior,2,3,2.5,2
127088,Lepidopus caudatus,Food,2,3.2,2.6,3
127088,Lepidopus caudatus,Aggregation,4,4,4,1
127089,Trichiurus lepturus,Salinity,1,2,1.5,2
127089,Trichiurus lepturus,TemperatureT,2,2.6,2.333333333,3
127089,Trichiurus lepturus,Aggregation,4,4,4,1
127089,Trichiurus lepturus,Behavior,2,3.2,2.6,2
127089,Trichiurus lepturus,Food,1.8,3.2,2.466666667,6
127089,Trichiurus lepturus,Habitat,1,2,1.666666667,3
127094,Xiphias gladius,Salinity,2,2,2,1
127094,Xiphias gladius,Habitat,2,3,2.5,2
127094,Xiphias gladius,TemperatureT,1.6,3,2.2,3
127094,Xiphias gladius,Behavior,3,3.2,3.1,2
127094,Xiphias gladius,Food,2,3.2,2.888888889,9
127254,Sebastes mentella,Salinity,2,2,2,1
127254,Sebastes mentella,Aggregation,4,4,4,1
127254,Sebastes mentella,Behavior,1,3,2.24,5
127254,Sebastes mentella,Food,1.8,3.2,2.3,5
127254,Sebastes mentella,Habitat,3,3,3,1
127268,Melamphaes microps,Salinity,2,2,2,1
127268,Melamphaes microps,TemperatureT,1,1,1,2
127268,Melamphaes microps,Behavior,2.5,2.5,2.5,1
127268,Melamphaes microps,Habitat,3,3,3,1
127282,Cyclothone acclinidens,Salinity,2,2,2,1
127282,Cyclothone acclinidens,TemperatureT,2.6,3,2.8,2
127282,Cyclothone acclinidens,Behavior,2.5,3,2.75,2
127282,Cyclothone acclinidens,Food,1.8,1.8,1.8,1
127282,Cyclothone acclinidens,Habitat,3,3,3,1
127286,Cyclothone microdon,Salinity,2,2,2,1
127286,Cyclothone microdon,TemperatureT,1.3,3,2.225,4
127286,Cyclothone microdon,Behavior,2.5,3,2.75,2
127286,Cyclothone microdon,Food,1.8,1.8,1.8,1
127286,Cyclothone microdon,Habitat,3,3,3,1
127288,Cyclothone pallida,Salinity,2,2,2,1
127288,Cyclothone pallida,TemperatureT,2,3,2.5,2
127288,Cyclothone pallida,Behavior,2.5,3,2.75,2
127288,Cyclothone pallida,Habitat,3,3,3,1
127292,Diplophos taenia,Salinity,2,2,2,1
127292,Diplophos taenia,TemperatureT,2.6,3,2.8,2
127292,Diplophos taenia,Behavior,2.5,3,2.75,2
127293,Gonostoma atlanticum,Salinity,2,2,2,1
127293,Gonostoma atlanticum,TemperatureT,2.6,3,2.8,2
127293,Gonostoma atlanticum,Behavior,2.5,3,2.75,2
127293,Gonostoma atlanticum,Food,2.2,2.2,2.2,1
127297,Margrethia obtusirostra,Salinity,2,2,2,1
127297,Margrethia obtusirostra,TemperatureT,2.6,3,2.8,2
127297,Margrethia obtusirostra,Behavior,2.5,3,2.75,2
127297,Margrethia obtusirostra,Food,1.8,3,2.25,4
127297,Margrethia obtusirostra,Habitat,2.2,3,2.566666667,3
127299,Pollichthys mauli,Salinity,2,2,2,1
127299,Pollichthys mauli,Behavior,2.5,3,2.75,2
127299,Pollichthys mauli,Food,1.4,1.4,1.4,1
127299,Pollichthys mauli,Habitat,3,3,3,1
127300,Polymetme corythaeola,Salinity,2,2,2,1
127300,Polymetme corythaeola,Behavior,1.2,3,2.066666667,3
127300,Polymetme corythaeola,Habitat,2.2,2.8,2.5,3
127303,Vinciguerria nimbaria,Salinity,2,2,2,1
127303,Vinciguerria nimbaria,TemperatureT,2,3,2.5,2
127303,Vinciguerria nimbaria,Behavior,2.5,3.2,2.975,4
127303,Vinciguerria nimbaria,Food,1.8,1.8,1.8,1
127303,Vinciguerria nimbaria,Habitat,3,3,3,1
127304,Vinciguerria poweriae,Salinity,2,2,2,1
127304,Vinciguerria poweriae,TemperatureT,2,3,2.533333333,3
127304,Vinciguerria poweriae,Behavior,2.5,3.2,2.975,4
127304,Vinciguerria poweriae,Food,1.4,1.4,1.4,1
127304,Vinciguerria poweriae,Habitat,3,3,3,1
127307,Argyropelecus affinis,Salinity,2,2,2,1
127307,Argyropelecus affinis,Behavior,2.5,3,2.75,2
127307,Argyropelecus affinis,Food,1.6,2,1.8,3
127307,Argyropelecus affinis,Habitat,3,3,3,1
127309,Argyropelecus hemigymnus,Salinity,2,2,2,1
127309,Argyropelecus hemigymnus,TemperatureT,2.6,3,2.8,2
127309,Argyropelecus hemigymnus,Aggregation,1,3,2,2
127309,Argyropelecus hemigymnus,Behavior,2.5,3,2.75,2
127309,Argyropelecus hemigymnus,Food,1.8,3,2.4,2
127309,Argyropelecus hemigymnus,Habitat,3,3,3,1
127312,Maurolicus muelleri,Salinity,2,2,2,1
127312,Maurolicus muelleri,TemperatureT,1.3,3,2.05,4
127312,Maurolicus muelleri,Behavior,2.5,3,2.75,2
127312,Maurolicus muelleri,Food,1.8,2.2,2,2
127312,Maurolicus muelleri,Habitat,2,3,2.575,4
127314,Sternoptyx diaphana,Salinity,2,2,2,1
127314,Sternoptyx diaphana,TemperatureT,3,3,3,1
127314,Sternoptyx diaphana,Behavior,2.5,3,2.75,2
127314,Sternoptyx diaphana,Food,1.8,3,2.12,5
127314,Sternoptyx diaphana,Habitat,2.5,3,2.75,2
127316,Valenciennellus tripunctulatus,Salinity,2,2,2,1
127316,Valenciennellus tripunctulatus,TemperatureT,2,3,2.5,2
127316,Valenciennellus tripunctulatus,Behavior,2.5,3,2.75,2
127316,Valenciennellus tripunctulatus,Food,1.8,1.8,1.8,1
127316,Valenciennellus tripunctulatus,Habitat,2.5,3,2.75,2
127322,Astronesthes gemmifer,Salinity,2,2,2,1
127322,Astronesthes gemmifer,Behavior,2.5,3.2,2.9,3
127322,Astronesthes gemmifer,Food,2,3,2.5,2
127322,Astronesthes gemmifer,Habitat,3,3,3,1
127324,Astronesthes leucopogon,Salinity,2,2,2,1
127324,Astronesthes leucopogon,Behavior,2.5,2.5,2.5,1
127324,Astronesthes leucopogon,Food,2,3,2.5,2
127324,Astronesthes leucopogon,Habitat,3,3,3,1
127326,Astronesthes micropogon,Salinity,2,2,2,1
127326,Astronesthes micropogon,Behavior,2.5,2.5,2.5,1
127326,Astronesthes micropogon,Food,2,3,2.5,2
127326,Astronesthes micropogon,Habitat,3,3,3,1
127328,Astronesthes niger,Salinity,2,2,2,1
127328,Astronesthes niger,Behavior,2.5,3,2.75,2
127328,Astronesthes niger,Food,2,3,2.5,2
127328,Astronesthes niger,Habitat,3,3,3,1
127335,Borostomias elucens,Salinity,2,2,2,1
127335,Borostomias elucens,Behavior,2.5,2.5,2.5,1
127335,Borostomias elucens,Food,2,3,2.5,2
127335,Borostomias elucens,Habitat,3,3,3,1
127338,Chauliodus sloani,Salinity,2,2,2,1
127338,Chauliodus sloani,TemperatureT,2,2,2,1
127338,Chauliodus sloani,Behavior,2.5,2.5,2.5,1
127338,Chauliodus sloani,Food,2,3,2.5,2
127338,Chauliodus sloani,Habitat,3,3,3,1
127348,Eustomias schmidti,Salinity,2,2,2,1
127348,Eustomias schmidti,Behavior,2.5,3.2,2.9,3
127354,Idiacanthus fasciola,Salinity,2,2,2,1
127354,Idiacanthus fasciola,Behavior,2.5,3,2.75,2
127354,Idiacanthus fasciola,Food,3,3,3,1
127354,Idiacanthus fasciola,Habitat,3,3,3,1
127355,Leptostomias gladiator,Salinity,2,2,2,1
127355,Leptostomias gladiator,Behavior,2.5,3,2.75,2
127355,Leptostomias gladiator,Food,2,3,2.5,2
127355,Leptostomias gladiator,Habitat,3,3,3,1
127373,Rhadinesthes decimus,Salinity,2,2,2,1
127373,Rhadinesthes decimus,TemperatureT,2,3,2.5,2
127373,Rhadinesthes decimus,Behavior,2.5,3,2.75,2
127373,Rhadinesthes decimus,Food,2,3.2,2.6,2
127373,Rhadinesthes decimus,Habitat,3,3,3,1
127374,Stomias boa,Salinity,2,2,2,1
127374,Stomias boa,TemperatureT,2,2.6,2.3,2
127374,Stomias boa,Behavior,2.5,2.5,2.5,1
127374,Stomias boa,Food,2,3.2,2.6,2
127374,Stomias boa,Habitat,3,3,3,1
127378,Macroramphosus scolopax,Salinity,2,2,2,1
127378,Macroramphosus scolopax,TemperatureT,2,2.6,2.3,2
127378,Macroramphosus scolopax,Aggregation,4,4,4,1
127378,Macroramphosus scolopax,Behavior,1,3,2,3
127378,Macroramphosus scolopax,Food,1.4,1.8,1.6,2
127378,Macroramphosus scolopax,Habitat,2,3,2.6,3
127396,Balistes punctatus,Salinity,2,2,2,1
127396,Balistes punctatus,Habitat,2,2,2,1
127396,Balistes punctatus,TemperatureT,3,3,3,1
127396,Balistes punctatus,Behavior,1,1,1,1
127396,Balistes punctatus,Food,1.4,2,1.7,2
127398,Canthidermis maculata,Salinity,2,2,2,1
127398,Canthidermis maculata,Habitat,1.5,2.5,2,3
127398,Canthidermis maculata,TemperatureT,2,3,2.533333333,3
127398,Canthidermis maculata,Associate,2,2.2,2.1,2
127398,Canthidermis maculata,Behavior,3.2,3.2,3.2,1
127398,Canthidermis maculata,Food,1.8,1.8,1.8,1
127398,Canthidermis maculata,Aggregation,5,5,5,1
127399,Canthidermis sufflamen,Salinity,2,2,2,1
127399,Canthidermis sufflamen,Habitat,1.5,2,1.733333333,3
127399,Canthidermis sufflamen,TemperatureT,3,3,3,1
127399,Canthidermis sufflamen,Associate,2,2.2,2.066666667,3
127399,Canthidermis sufflamen,Behavior,3.2,3.2,3.2,1
127399,Canthidermis sufflamen,Food,1.4,1.8,1.6,2
127399,Canthidermis sufflamen,Aggregation,1,3,2,2
127401,Diodon eydouxii,Salinity,2,2,2,1
127401,Diodon eydouxii,Habitat,2,3,2.5,2
127401,Diodon eydouxii,TemperatureT,2.6,3,2.8,2
127401,Diodon eydouxii,Behavior,3,3.2,3.1,2
127401,Diodon eydouxii,Food,1.8,3,2.04,5
127401,Diodon eydouxii,Aggregation,4,4,4,1
127403,Diodon hystrix,Salinity,2,2,2,1
127403,Diodon hystrix,Habitat,1,2,1.45,6
127403,Diodon hystrix,TemperatureT,2.6,3,2.8,2
127403,Diodon hystrix,Behavior,1,3,2,2
127403,Diodon hystrix,Food,1.4,2,1.575,4
127403,Diodon hystrix,Aggregation,1,1,1,1
127404,Masturus lanceolatus,Salinity,1,2,1.5,2
127404,Masturus lanceolatus,Habitat,3,3,3,1
127404,Masturus lanceolatus,TemperatureT,2.6,2.6,2.6,1
127404,Masturus lanceolatus,Behavior,2.5,2.5,2.5,1
127405,Mola mola,Salinity,2,2,2,1
127405,Mola mola,Habitat,3,3,3,1
127405,Mola mola,TemperatureT,2,3,2.533333333,3
127405,Mola mola,Associate,1,1,1,1
127405,Mola mola,Behavior,3,3.2,3.1,2
127405,Mola mola,Food,1.4,3,1.883333333,6
127406,Ranzania laevis,Salinity,2,2,2,1
127406,Ranzania laevis,Habitat,3,3,3,1
127406,Ranzania laevis,TemperatureT,2.6,3,2.8,2
127406,Ranzania laevis,Behavior,3,3.2,3.1,2
127406,Ranzania laevis,Food,1.8,1.8,1.8,1
127406,Ranzania laevis,Aggregation,1,5,3,2
127407,Aluterus monoceros,Salinity,2,2,2,1
127407,Aluterus monoceros,Habitat,1.5,2,1.625,4
127407,Aluterus monoceros,TemperatureT,2.6,3,2.8,2
127407,Aluterus monoceros,Associate,1.8,2.2,2,2
127407,Aluterus monoceros,Behavior,2,2,2,1
127407,Aluterus monoceros,Food,1.4,1.4,1.4,1
127407,Aluterus monoceros,Aggregation,1,3,2,3
127414,Lagocephalus lagocephalus,Salinity,2,2,2,1
127414,Lagocephalus lagocephalus,Habitat,1,3,2,3
127414,Lagocephalus lagocephalus,TemperatureT,2,3,2.533333333,3
127414,Lagocephalus lagocephalus,Behavior,2,3,2.5,2
127414,Lagocephalus lagocephalus,Food,2,2.6,2.3,2
127420,Grammicolepis brachiusculus,Salinity,2,2,2,1
127420,Grammicolepis brachiusculus,Behavior,2,2.5,2.25,2
127426,Zenopsis conchifer,Salinity,2,2,2,1
127426,Zenopsis conchifer,Habitat,2,3,2.3,5
127426,Zenopsis conchifer,TemperatureT,2.6,3,2.8,2
127426,Zenopsis conchifer,Behavior,2,3,2.5,2
127426,Zenopsis conchifer,Food,2,3,2.4,4
127426,Zenopsis conchifer,Aggregation,4,4,4,1
151174,Scomber colias,Salinity,1,2,1.5,2
151174,Scomber colias,TemperatureT,2,2.4,2.2,2
151174,Scomber colias,Behavior,3,3,3,1
151174,Scomber colias,Associate,2.8,2.8,2.8,1
151174,Scomber colias,Food,1.8,3.2,2.316666667,6
151174,Scomber colias,Habitat,2,2,2,1
151324,Sebastes norvegicus,Salinity,2,2,2,1
151324,Sebastes norvegicus,TemperatureT,2,2,2,1
151324,Sebastes norvegicus,Behavior,1,3,2,2
151324,Sebastes norvegicus,Food,1.6,3.2,2.55,4
151324,Sebastes norvegicus,Habitat,1.3,3,2.1,3
151482,Pomatomus saltatrix,Salinity,1,2,1.5,2
151482,Pomatomus saltatrix,Habitat,1,3,2.2,5
151482,Pomatomus saltatrix,TemperatureT,2.6,2.6,2.6,1
151482,Pomatomus saltatrix,Associate,3,3.2,3.066666667,3
151482,Pomatomus saltatrix,Behavior,3,3,3,1
151482,Pomatomus saltatrix,Food,2,3.2,2.666666667,6
151482,Pomatomus saltatrix,Aggregation,3,4,3.5,2
154721,Balistes capriscus,Salinity,2,2,2,1
154721,Balistes capriscus,Habitat,1,2,1.46,5
154721,Balistes capriscus,TemperatureT,2.6,3,2.8,2
154721,Balistes capriscus,Associate,2,2,2,1
154721,Balistes capriscus,Food,1.4,2,1.633333333,3
154721,Balistes capriscus,Aggregation,1,3,2,2
158508,Carcharhinus acronotus,Salinity,2,2,2,1
158508,Carcharhinus acronotus,Habitat,1.5,2.5,2,4
158508,Carcharhinus acronotus,TemperatureT,2.6,2.6,2.6,1
158508,Carcharhinus acronotus,Food,3,3,3,1
158510,Rhizoprionodon terraenovae,Salinity,1,2,1.5,2
158510,Rhizoprionodon terraenovae,Habitat,1,2.5,1.771428571,7
158510,Rhizoprionodon terraenovae,TemperatureT,2.4,3,2.666666667,3
158510,Rhizoprionodon terraenovae,Behavior,1,1,1,1
158510,Rhizoprionodon terraenovae,Food,1.4,3,1.975,4
158523,Etmopterus gracilispinis,Salinity,2,2,2,1
158523,Etmopterus gracilispinis,Behavior,2,2,2,1
158523,Etmopterus gracilispinis,Food,2.2,3,2.566666667,3
158523,Etmopterus gracilispinis,Habitat,3,3,3,1
158530,Mobula hypostoma,Salinity,2,2,2,1
158530,Mobula hypostoma,Habitat,2,3,2.5,2
158530,Mobula hypostoma,TemperatureT,3,3,3,2
158530,Mobula hypostoma,Behavior,3,3,3,1
158530,Mobula hypostoma,Food,1.8,3,2.4,2
158530,Mobula hypostoma,Aggregation,1,4,2.666666667,3
158540,Pteroplatytrygon violacea,Salinity,2,2,2,1
158540,Pteroplatytrygon violacea,Habitat,3,3,3,2
158540,Pteroplatytrygon violacea,TemperatureT,2,2.6,2.333333333,3
158540,Pteroplatytrygon violacea,Behavior,3,3,3,1
158540,Pteroplatytrygon violacea,Food,1.6,3,2.15,4
158668,Alosa mediocris,Salinity,0,2,1,3
158668,Alosa mediocris,TemperatureT,2,2,2,1
158668,Alosa mediocris,Behavior,3,3,3,1
158668,Alosa mediocris,Habitat,0,2,1,3
158669,Alosa pseudoharengus,Salinity,0,2,1,3
158669,Alosa pseudoharengus,TemperatureT,2,2,2,1
158669,Alosa pseudoharengus,Aggregation,4,4,4,1
158669,Alosa pseudoharengus,Behavior,3,3,3,1
158669,Alosa pseudoharengus,Food,2.2,3,2.6,2
158669,Alosa pseudoharengus,Habitat,1,2,1.5,2
158691,Brevoortia tyrannus,Salinity,1,2,1.5,2
158691,Brevoortia tyrannus,TemperatureT,2.6,2.6,2.6,1
158691,Brevoortia tyrannus,Behavior,3,3,3,1
158691,Brevoortia tyrannus,Food,1.2,1.8,1.5,2
158691,Brevoortia tyrannus,Habitat,1.3,2,1.766666667,3
158695,Opisthonema oglinum,Salinity,0,2,1,2
158695,Opisthonema oglinum,TemperatureT,3,3,3,1
158695,Opisthonema oglinum,Aggregation,4,4,4,2
158695,Opisthonema oglinum,Behavior,3,3,3,1
158695,Opisthonema oglinum,Food,1.8,3,2.25,4
158695,Opisthonema oglinum,Habitat,1.3,2,1.6,3
158736,Stomias affinis,Salinity,2,2,2,1
158736,Stomias affinis,TemperatureT,2.4,3,2.666666667,3
158736,Stomias affinis,Behavior,2.5,2.5,2.5,1
158736,Stomias affinis,Food,2,3.2,2.8,3
158736,Stomias affinis,Habitat,3,3,3,1
158812,Istiophorus platypterus,Salinity,2,2,2,1
158812,Istiophorus platypterus,Habitat,2,3,2.333333333,3
158812,Istiophorus platypterus,TemperatureT,2,3,2.533333333,3
158812,Istiophorus platypterus,Behavior,3,3.2,3.1,2
158812,Istiophorus platypterus,Food,1.4,3.2,2.541176471,17
158812,Istiophorus platypterus,Aggregation,4,4,4,1
158843,Astronesthes richardsoni,Salinity,2,2,2,1
158843,Astronesthes richardsoni,Behavior,2.5,2.5,2.5,1
158843,Astronesthes richardsoni,Food,2,3,2.5,2
158843,Astronesthes richardsoni,Habitat,3,3,3,1
158873,Lestrolepis intermedia,Salinity,2,2,2,1
158873,Lestrolepis intermedia,TemperatureT,2.6,3,2.8,2
158873,Lestrolepis intermedia,Behavior,2,3.2,2.566666667,3
158873,Lestrolepis intermedia,Habitat,3,3,3,1
158887,Diaphus fragilis,Salinity,2,2,2,1
158887,Diaphus fragilis,TemperatureT,3,3,3,1
158887,Diaphus fragilis,Behavior,2.5,3,2.75,2
158887,Diaphus fragilis,Habitat,3,3,3,1
158890,Diaphus perspicillatus,Salinity,2,2,2,1
158890,Diaphus perspicillatus,Behavior,2.5,3.2,2.9,3
158890,Diaphus perspicillatus,Habitat,3,3,3,1
158894,Diaphus taaningi,Salinity,2,2,2,1
158894,Diaphus taaningi,Behavior,2.5,3,2.75,2
158894,Diaphus taaningi,Habitat,2,3,2.5,3
158898,Lampanyctus tenuiformis,Salinity,2,2,2,1
158898,Lampanyctus tenuiformis,TemperatureT,3,3,3,1
158898,Lampanyctus tenuiformis,Behavior,2.5,3,2.75,2
158898,Lampanyctus tenuiformis,Habitat,3,3,3,1
158913,Notoscopelus bolini,Salinity,2,2,2,1
158913,Notoscopelus bolini,TemperatureT,2,2.6,2.3,2
158913,Notoscopelus bolini,Behavior,3,3.2,3.1,2
158913,Notoscopelus bolini,Habitat,3,3,3,1
158916,Notoscopelus resplendens,Salinity,2,2,2,1
158916,Notoscopelus resplendens,TemperatureT,2.6,2.6,2.6,1
158916,Notoscopelus resplendens,Behavior,2.5,3.2,2.9,3
158916,Notoscopelus resplendens,Habitat,3,3,3,1
158917,Protomyctophum arcticum,Salinity,2,2,2,1
158917,Protomyctophum arcticum,TemperatureT,1,1.3,1.15,2
158917,Protomyctophum arcticum,Behavior,2.5,3,2.75,2
158917,Protomyctophum arcticum,Food,2,2,2,1
158917,Protomyctophum arcticum,Habitat,3,3,3,1
158960,Coryphaenoides rupestris,Salinity,2,2,2,1
158960,Coryphaenoides rupestris,Aggregation,4,4,4,1
158960,Coryphaenoides rupestris,Behavior,2,2.5,2.25,2
158960,Coryphaenoides rupestris,Food,1.4,3,2.133333333,3
159067,Brotula barbata,Salinity,2,2,2,1
159067,Brotula barbata,TemperatureT,2.6,2.6,2.6,1
159067,Brotula barbata,Behavior,2,3.2,2.6,2
159067,Brotula barbata,Habitat,1.5,2,1.666666667,3
159184,Lophius americanus,Salinity,2,2,2,1
159184,Lophius americanus,Habitat,2,2,2,1
159184,Lophius americanus,TemperatureT,2,2,2,1
159184,Lophius americanus,Behavior,1,1,1,1
159228,Menidia menidia,Salinity,1,2,1.5,2
159228,Menidia menidia,TemperatureT,2,2,2,1
159228,Menidia menidia,Aggregation,4,4,4,1
159228,Menidia menidia,Behavior,3,3,3,1
159228,Menidia menidia,Food,1.4,2.6,1.96,5
159228,Menidia menidia,Habitat,0,2,1.033333333,3
159246,Ablennes hians,Salinity,1,2,1.5,2
159246,Ablennes hians,Habitat,1,3,2.142857143,7
159246,Ablennes hians,TemperatureT,2,3,2.533333333,3
159246,Ablennes hians,Behavior,3.2,3.2,3.2,1
159246,Ablennes hians,Food,3.2,3.2,3.2,1
159246,Ablennes hians,Aggregation,4,4,4,1
159261,Cheilopogon furcatus,Salinity,2,2,2,1
159261,Cheilopogon furcatus,TemperatureT,3,3,3,1
159261,Cheilopogon furcatus,Behavior,3,3.2,3.1,2
159261,Cheilopogon furcatus,Food,1.8,3,2.4,2
159261,Cheilopogon furcatus,Habitat,3,3,3,1
159276,Euleptorhamphus velox,Salinity,2,2,2,1
159276,Euleptorhamphus velox,Habitat,2,3,2.5,2
159276,Euleptorhamphus velox,TemperatureT,3,3,3,1
159276,Euleptorhamphus velox,Associate,2,2,2,1
159276,Euleptorhamphus velox,Behavior,3,3,3,1
159281,Hyporhamphus unifasciatus,Salinity,1,2,1.5,2
159281,Hyporhamphus unifasciatus,TemperatureT,2.6,2.6,2.6,1
159281,Hyporhamphus unifasciatus,Food,1.2,1.4,1.3,2
159281,Hyporhamphus unifasciatus,Habitat,1,1.5,1.325,4
159288,Abudefduf saxatilis,Salinity,2,2,2,1
159288,Abudefduf saxatilis,Habitat,1.5,2,1.75,2
159288,Abudefduf saxatilis,TemperatureT,2.6,3,2.8,2
159288,Abudefduf saxatilis,Associate,2.5,2.8,2.65,2
159288,Abudefduf saxatilis,Food,1,3,1.571428571,7
159288,Abudefduf saxatilis,Aggregation,5,5,5,1
159330,Melamphaes pumilus,Salinity,2,2,2,1
159330,Melamphaes pumilus,Behavior,2.5,2.5,2.5,1
159330,Melamphaes pumilus,Habitat,3,3,3,1
159335,Sciaenops ocellatus,Salinity,1,2,1.5,2
159335,Sciaenops ocellatus,Habitat,1,2,1.3,6
159335,Sciaenops ocellatus,TemperatureT,2.6,2.6,2.6,1
159335,Sciaenops ocellatus,Behavior,1,1,1,1
159335,Sciaenops ocellatus,Food,1.5,3,2.188888889,9
159335,Sciaenops ocellatus,Aggregation,5,5,5,1
159340,Scomberomorus cavalla,Salinity,2,2,2,1
159340,Scomberomorus cavalla,Habitat,1.5,3,1.94,5
159340,Scomberomorus cavalla,TemperatureT,3,3,3,1
159340,Scomberomorus cavalla,Behavior,3,3,3,1
159340,Scomberomorus cavalla,Food,2,3,2.45,4
159340,Scomberomorus cavalla,Aggregation,1,5,3.333333333,3
159342,Scomberomorus maculatus,Salinity,2,2,2,1
159342,Scomberomorus maculatus,TemperatureT,2.6,2.6,2.6,1
159342,Scomberomorus maculatus,Behavior,3,3,3,1
159342,Scomberomorus maculatus,Food,2.2,3.2,2.86,5
159342,Scomberomorus maculatus,Habitat,2,2,2,1
159343,Thunnus atlanticus,Salinity,2,2,2,1
159343,Thunnus atlanticus,Habitat,2,3,2.5,3
159343,Thunnus atlanticus,TemperatureT,3,3,3,1
159343,Thunnus atlanticus,Associate,3,3,3,1
159343,Thunnus atlanticus,Behavior,3,3.2,3.1,2
159343,Thunnus atlanticus,Food,1.8,3,2.244444444,9
159343,Thunnus atlanticus,Aggregation,4,4,4,1
159423,Cubiceps capensis,Salinity,2,2,2,1
159423,Cubiceps capensis,Habitat,2,3,2.5,2
159423,Cubiceps capensis,TemperatureT,2,3,2.533333333,3
159423,Cubiceps capensis,Associate,1.8,2.2,2,2
159423,Cubiceps capensis,Behavior,1.7,3.2,2.85,6
159423,Cubiceps capensis,Food,1.6,3.2,2.1,4
159423,Cubiceps capensis,Aggregation,4,5,4.5,2
159427,Psenes cyanophrys,Salinity,2,2,2,1
159427,Psenes cyanophrys,Habitat,1.3,3,2.15,2
159427,Psenes cyanophrys,TemperatureT,2,3,2.533333333,3
159427,Psenes cyanophrys,Associate,1.8,2.2,2,2
159427,Psenes cyanophrys,Behavior,3.2,3.2,3.2,1
159427,Psenes cyanophrys,Food,1.8,2,1.866666667,6
159427,Psenes cyanophrys,Aggregation,4,4,4,1
159445,Hippocampus erectus,Salinity,2,2,2,1
159445,Hippocampus erectus,TemperatureT,2.6,2.6,2.6,1
159445,Hippocampus erectus,Associate,1,2,1.5,2
159445,Hippocampus erectus,Food,2,2,2,1
159445,Hippocampus erectus,Habitat,1.5,2,1.75,2
159484,Decapterus tabl,Salinity,2,2,2,1
159484,Decapterus tabl,TemperatureT,2.6,2.6,2.6,1
159484,Decapterus tabl,Behavior,1,3.2,2.066666667,3
159484,Decapterus tabl,Food,1.8,1.8,1.8,1
159486,Xanthichthys ringens,Salinity,2,2,2,1
159486,Xanthichthys ringens,TemperatureT,3,3,3,1
159486,Xanthichthys ringens,Aggregation,1,3,2,2
159486,Xanthichthys ringens,Associate,2,2,2,1
159486,Xanthichthys ringens,Food,1.4,2,1.7,2
159486,Xanthichthys ringens,Habitat,1.5,2,1.8,4
159490,Aluterus schoepfii,Salinity,2,2,2,1
159490,Aluterus schoepfii,Habitat,1.3,2,1.7,4
159490,Aluterus schoepfii,TemperatureT,2.6,2.6,2.6,1
159490,Aluterus schoepfii,Associate,2,2,2,1
159490,Aluterus schoepfii,Food,1.2,1.2,1.2,3
159490,Aluterus schoepfii,Aggregation,1,4,2.333333333,3
159491,Aluterus scriptus,Salinity,2,2,2,1
159491,Aluterus scriptus,Habitat,1,2,1.45,6
159491,Aluterus scriptus,TemperatureT,2,3,2.533333333,3
159491,Aluterus scriptus,Associate,2,2.2,2.1,2
159491,Aluterus scriptus,Behavior,2,2,2,1
159491,Aluterus scriptus,Food,1.2,2,1.433333333,6
159491,Aluterus scriptus,Aggregation,1,1,1,1
159570,Prionotus alatus,Salinity,1,2,1.5,2
159570,Prionotus alatus,Habitat,1.3,2,1.766666667,3
159570,Prionotus alatus,TemperatureT,2.6,2.6,2.6,1
159570,Prionotus alatus,Behavior,1,1,1,1
159658,Uraspis secunda,Salinity,2,2,2,1
159658,Uraspis secunda,Habitat,2,3,2.5,2
159658,Uraspis secunda,TemperatureT,2.6,2.6,2.6,1
159658,Uraspis secunda,Behavior,2,3,2.5,2
159658,Uraspis secunda,Aggregation,1,3,2,2
159712,Neoepinnula americana,Salinity,2,2,2,1
159712,Neoepinnula americana,Behavior,2,2,2,1
159712,Neoepinnula americana,Habitat,2.5,2.5,2.5,1
159800,Lutjanus synagris,Salinity,2,2,2,1
159800,Lutjanus synagris,TemperatureT,2.6,2.6,2.6,1
159800,Lutjanus synagris,Aggregation,4,4,4,1
159800,Lutjanus synagris,Food,1.4,3,2.2,2
159800,Lutjanus synagris,Habitat,1.5,1.5,1.5,1
159803,Ocyurus chrysurus,Salinity,2,2,2,1
159803,Ocyurus chrysurus,TemperatureT,2.6,2.6,2.6,1
159803,Ocyurus chrysurus,Aggregation,4,4,4,1
159803,Ocyurus chrysurus,Behavior,2,2,2,1
159803,Ocyurus chrysurus,Food,1.4,3,1.942857143,7
159803,Ocyurus chrysurus,Habitat,1.5,2,1.666666667,3
159827,Peprilus paru,Salinity,1,2,1.5,2
159827,Peprilus paru,TemperatureT,2.6,2.6,2.6,1
159827,Peprilus paru,Aggregation,4,4,4,1
159827,Peprilus paru,Behavior,2,3,2.5,2
159827,Peprilus paru,Associate,1.8,2,1.9,2
159827,Peprilus paru,Food,1.4,3,2,4
159827,Peprilus paru,Habitat,1,2,1.575,4
159833,Aphanopus intermedius,Salinity,2,2,2,1
159833,Aphanopus intermedius,Habitat,3,3,3,1
159833,Aphanopus intermedius,TemperatureT,3,3,3,1
159833,Aphanopus intermedius,Behavior,2,3,2.5,2
159836,Evoxymetopon taeniatus,Salinity,2,2,2,1
159836,Evoxymetopon taeniatus,Habitat,2,3,2.5,3
159836,Evoxymetopon taeniatus,Behavior,2,2,2,1
212050,Sphyraena putnamae,Salinity,2,2,2,1
212050,Sphyraena putnamae,Habitat,1,1.5,1.325,4
212050,Sphyraena putnamae,TemperatureT,3,3,3,1
212239,Hippocampus histrix,Salinity,2,2,2,1
212239,Hippocampus histrix,TemperatureT,3,3,3,1
212239,Hippocampus histrix,Behavior,3,3,3,1
212239,Hippocampus histrix,Associate,1,2.2,1.4,3
212239,Hippocampus histrix,Food,1.8,2,1.9,2
212239,Hippocampus histrix,Habitat,1.3,2,1.6,3
212264,Herklotsichthys quadrimaculatus,Salinity,0,2,1,3
212264,Herklotsichthys quadrimaculatus,TemperatureT,3,3,3,1
212264,Herklotsichthys quadrimaculatus,Associate,1,1,1,1
212264,Herklotsichthys quadrimaculatus,Food,1.8,1.8,1.8,1
212264,Herklotsichthys quadrimaculatus,Habitat,1.3,2,1.6,3
212280,Stolephorus indicus,Salinity,1,2,1.5,2
212280,Stolephorus indicus,TemperatureT,3,3,3,1
212280,Stolephorus indicus,Aggregation,4,4,4,1
212280,Stolephorus indicus,Behavior,3,3,3,1
212280,Stolephorus indicus,Food,1.8,1.8,1.8,1
212280,Stolephorus indicus,Habitat,0,2,1,3
215607,Etmopterus granulosus,Salinity,2,2,2,1
215607,Etmopterus granulosus,Behavior,3,3,3,1
215607,Etmopterus granulosus,Food,1.4,3,2.1,5
215607,Etmopterus granulosus,Habitat,2,3,2.5,3
215608,Euprotomicrus bispinatus,Salinity,2,2,2,1
215608,Euprotomicrus bispinatus,TemperatureT,2,2.6,2.3,2
215608,Euprotomicrus bispinatus,Behavior,2.5,3.2,2.9,3
215612,Isistius brasiliensis,Salinity,2,2,2,1
215612,Isistius brasiliensis,Habitat,3,3,3,1
215612,Isistius brasiliensis,TemperatureT,2,3,2.5,2
215612,Isistius brasiliensis,Associate,3,4,3.2,5
215612,Isistius brasiliensis,Behavior,2.5,3.2,2.85,2
215612,Isistius brasiliensis,Food,1.4,3.2,2.24,5
217337,Carcharhinus amblyrhynchos,Salinity,2,2,2,1
217337,Carcharhinus amblyrhynchos,Habitat,1.5,3,2.083333333,6
217337,Carcharhinus amblyrhynchos,TemperatureT,3,3,3,1
217337,Carcharhinus amblyrhynchos,Behavior,3,3,3,1
217337,Carcharhinus amblyrhynchos,Food,2,3,2.333333333,3
217337,Carcharhinus amblyrhynchos,Aggregation,4,4,4,1
217340,Carcharhinus amboinensis,Salinity,1,2,1.5,2
217340,Carcharhinus amboinensis,Habitat,1,2.5,1.4625,8
217340,Carcharhinus amboinensis,TemperatureT,3,3,3,1
217340,Carcharhinus amboinensis,Behavior,1,2,1.5,2
217340,Carcharhinus amboinensis,Food,2,3.6,2.52,5
217341,Carcharhinus brachyurus,Salinity,0,2,1,3
217341,Carcharhinus brachyurus,Habitat,1,3,1.883333333,6
217341,Carcharhinus brachyurus,TemperatureT,2,2.6,2.333333333,3
217341,Carcharhinus brachyurus,Behavior,2,2,2,1
217341,Carcharhinus brachyurus,Food,2,3.6,2.866666667,3
217342,Carcharhinus porosus,Salinity,1,2,1.5,2
217342,Carcharhinus porosus,Habitat,1,2,1.45,6
217342,Carcharhinus porosus,TemperatureT,2.6,2.6,2.6,1
217342,Carcharhinus porosus,Behavior,1,1,1,1
217342,Carcharhinus porosus,Food,2.2,3.6,2.933333333,3
217352,Carcharhinus albimarginatus,Salinity,2,2,2,1
217352,Carcharhinus albimarginatus,Habitat,1.3,3,2.0375,8
217352,Carcharhinus albimarginatus,TemperatureT,3,3,3,1
217352,Carcharhinus albimarginatus,Behavior,2,2,2,1
217352,Carcharhinus albimarginatus,Food,2,3.6,2.65,4
217430,Mobula thurstoni,Salinity,2,2,2,1
217430,Mobula thurstoni,Habitat,2,3,2.5,2
217430,Mobula thurstoni,TemperatureT,2.6,3,2.8,2
217430,Mobula thurstoni,Behavior,3,3,3,1
217430,Mobula thurstoni,Food,1.8,2.2,2,3
217430,Mobula thurstoni,Aggregation,1,3,2,2
217436,Mobula kuhlii,Salinity,2,2,2,1
217436,Mobula kuhlii,TemperatureT,3,3,3,1
217436,Mobula kuhlii,Aggregation,4,4,4,1
217436,Mobula kuhlii,Behavior,3.2,3.2,3.2,1
217436,Mobula kuhlii,Food,1.8,1.8,1.8,1
217436,Mobula kuhlii,Habitat,1.3,3,2.1,3
217452,Sardinops sagax,Salinity,2,2,2,1
217452,Sardinops sagax,TemperatureT,2.6,2.6,2.6,1
217452,Sardinops sagax,Aggregation,5,5,5,2
217452,Sardinops sagax,Behavior,3,3,3,1
217452,Sardinops sagax,Food,1.2,2,1.666666667,3
217452,Sardinops sagax,Habitat,2,2,2,1
217618,Melanostomias paucilaternatus,Salinity,2,2,2,1
217618,Melanostomias paucilaternatus,TemperatureT,3,3,3,1
217618,Melanostomias paucilaternatus,Behavior,3,3,3,1
217618,Melanostomias paucilaternatus,Habitat,3,3,3,1
217632,Pseudocarcharias kamoharai,Salinity,2,2,2,1
217632,Pseudocarcharias kamoharai,Habitat,1.3,3,2.266666667,3
217632,Pseudocarcharias kamoharai,TemperatureT,2.6,3,2.8,2
217632,Pseudocarcharias kamoharai,Behavior,3,3.2,3.1,2
217632,Pseudocarcharias kamoharai,Food,2,3,2.4,3
217680,Benthosema pterotum,Salinity,2,2,2,1
217680,Benthosema pterotum,Behavior,2,3,2.5,2
217680,Benthosema pterotum,Food,1.8,1.8,1.8,1
217680,Benthosema pterotum,Habitat,2.2,2.5,2.35,2
217697,Electrona antarctica,Salinity,2,2,2,1
217697,Electrona antarctica,TemperatureT,1,1,1,2
217697,Electrona antarctica,Behavior,1,3,2,2
217697,Electrona antarctica,Food,1.4,2.2,1.866666667,3
217697,Electrona antarctica,Habitat,3,3,3,1
217698,Gonichthys barnesi,Salinity,2,2,2,1
217698,Gonichthys barnesi,TemperatureT,2.6,2.6,2.6,1
217698,Gonichthys barnesi,Behavior,2.5,3,2.75,2
217698,Gonichthys barnesi,Habitat,3,3,3,1
217704,Lampanyctodes hectoris,Salinity,2,2,2,1
217704,Lampanyctodes hectoris,TemperatureT,3,3,3,1
217704,Lampanyctodes hectoris,Behavior,3.2,3.2,3.2,1
217704,Lampanyctodes hectoris,Habitat,2,3,2.625,4
217707,Lampanyctus achirus,Salinity,2,2,2,1
217707,Lampanyctus achirus,TemperatureT,1,1,1,2
217707,Lampanyctus achirus,Behavior,2.5,3,2.75,2
217707,Lampanyctus achirus,Habitat,3,3,3,1
217720,Symbolophorus barnardi,Salinity,2,2,2,1
217720,Symbolophorus barnardi,TemperatureT,2,2.6,2.3,2
217720,Symbolophorus barnardi,Behavior,2.5,3.2,2.9,3
217720,Symbolophorus barnardi,Habitat,3,3,3,1
217820,Selachophidium guentheri,Salinity,2,2,2,1
217820,Selachophidium guentheri,Behavior,2,2.5,2.25,2
217820,Selachophidium guentheri,Food,2,2,2,1
217959,Neocyttus rhomboidalis,Salinity,2,2,2,1
217959,Neocyttus rhomboidalis,Aggregation,4,4,4,1
217959,Neocyttus rhomboidalis,Behavior,2.5,2.5,2.5,1
217959,Neocyttus rhomboidalis,Food,1.6,3,2.3,4
217959,Neocyttus rhomboidalis,Habitat,2.5,2.5,2.5,1
218404,Caranx sexfasciatus,Salinity,0,2,1,3
218404,Caranx sexfasciatus,Habitat,0,3,1.5,5
218404,Caranx sexfasciatus,TemperatureT,3,3,3,1
218404,Caranx sexfasciatus,Behavior,3,3,3,1
218404,Caranx sexfasciatus,Food,2,3,2.533333333,3
218404,Caranx sexfasciatus,Aggregation,1,4,2.5,2
218419,Caranx melampygus,Salinity,1,2,1.5,2
218419,Caranx melampygus,Habitat,1.5,3,2,4
218419,Caranx melampygus,TemperatureT,3,3,3,1
218419,Caranx melampygus,Behavior,3,3,3,1
218419,Caranx melampygus,Food,2,3,2.5,2
218419,Caranx melampygus,Aggregation,1,1,1,1
218426,Decapterus macrosoma,Salinity,2,2,2,1
218426,Decapterus macrosoma,TemperatureT,3,3,3,1
218426,Decapterus macrosoma,Aggregation,4,4,4,1
218426,Decapterus macrosoma,Behavior,3,3,3,1
218426,Decapterus macrosoma,Food,1.4,1.8,1.6,2
218426,Decapterus macrosoma,Habitat,1.5,1.5,1.5,1
218436,Seriola lalandi,Salinity,1,2,1.5,2
218436,Seriola lalandi,Habitat,1,3,1.72,5
218436,Seriola lalandi,TemperatureT,2.6,2.6,2.6,1
218436,Seriola lalandi,Behavior,2,2,2,1
218436,Seriola lalandi,Food,2,3.2,2.6,3
218436,Seriola lalandi,Aggregation,1,3,2,2
218444,Trachurus capensis,Salinity,2,2,2,1
218444,Trachurus capensis,TemperatureT,2.6,2.6,2.6,1
218444,Trachurus capensis,Aggregation,4,4,4,1
218444,Trachurus capensis,Behavior,3,3,3,1
218444,Trachurus capensis,Food,1.4,3,2.066666667,3
218444,Trachurus capensis,Habitat,2,2,2,2
218448,Uraspis uraspis,Salinity,2,2,2,1
218448,Uraspis uraspis,Habitat,1.5,2,1.833333333,3
218448,Uraspis uraspis,TemperatureT,2.6,3,2.8,2
218448,Uraspis uraspis,Behavior,1,1,1,1
218448,Uraspis uraspis,Food,2,2,2,2
218448,Uraspis uraspis,Aggregation,4,4,4,1
218449,Uraspis helvola,Salinity,2,2,2,1
218449,Uraspis helvola,Habitat,1.5,2.5,1.9,5
218449,Uraspis helvola,TemperatureT,2.6,2.6,2.6,1
218449,Uraspis helvola,Behavior,2,2,2,1
218449,Uraspis helvola,Aggregation,1,3,2,2
218450,Mene maculata,Salinity,1,2,1.5,2
218450,Mene maculata,Habitat,1,2.5,1.8,5
218450,Mene maculata,TemperatureT,2.6,2.6,2.6,1
218450,Mene maculata,Food,1.4,1.4,1.4,1
218450,Mene maculata,Aggregation,4,4,4,1
218465,Emmelichthys nitidus,Salinity,2,2,2,1
218465,Emmelichthys nitidus,Aggregation,4,4,4,1
218465,Emmelichthys nitidus,Behavior,1,1.2,1.1,2
218465,Emmelichthys nitidus,Food,1.8,1.8,1.8,1
218706,Kyphosus vaigiensis,Salinity,2,2,2,1
218706,Kyphosus vaigiensis,Habitat,1,3,1.7125,8
218706,Kyphosus vaigiensis,TemperatureT,3,3,3,1
218706,Kyphosus vaigiensis,Associate,2,2,2,1
218706,Kyphosus vaigiensis,Behavior,2,2,2,1
218706,Kyphosus vaigiensis,Food,1.2,2,1.466666667,3
218706,Kyphosus vaigiensis,Aggregation,3,3,3,1
218708,Kyphosus cinerascens,Salinity,2,2,2,1
218708,Kyphosus cinerascens,Habitat,1,2,1.485714286,7
218708,Kyphosus cinerascens,TemperatureT,3,3,3,1
218708,Kyphosus cinerascens,Associate,2,2.2,2.1,2
218708,Kyphosus cinerascens,Behavior,2,2,2,1
218708,Kyphosus cinerascens,Food,1,1.4,1.2,4
218708,Kyphosus cinerascens,Aggregation,4,4,4,1
218710,Platax teira,Salinity,2,2,2,1
218710,Platax teira,TemperatureT,3,3,3,1
218710,Platax teira,Aggregation,4,4,4,1
218710,Platax teira,Associate,2,2.2,2.1,2
218710,Platax teira,Habitat,1,2,1.56,5
219667,Naso hexacanthus,Salinity,1,2,1.5,2
219667,Naso hexacanthus,TemperatureT,3,3,3,1
219667,Naso hexacanthus,Aggregation,4,4,4,1
219667,Naso hexacanthus,Behavior,2,2,2,1
219667,Naso hexacanthus,Food,1.2,1.8,1.5,2
219667,Naso hexacanthus,Habitat,1.3,2,1.6,3
219671,Naso brevirostris,Salinity,2,2,2,1
219671,Naso brevirostris,TemperatureT,3,3,3,1
219671,Naso brevirostris,Aggregation,3,4,3.5,2
219671,Naso brevirostris,Food,1.2,1.8,1.5,2
219671,Naso brevirostris,Habitat,1.3,2,1.575,4
219697,Thyrsites atun,Salinity,1,2,1.5,2
219697,Thyrsites atun,Habitat,2,2.5,2.25,2
219697,Thyrsites atun,TemperatureT,2.6,2.6,2.6,1
219697,Thyrsites atun,Behavior,2,3,2.5,2
219697,Thyrsites atun,Food,1.8,3.2,2.64,5
219697,Thyrsites atun,Aggregation,4,4,4,1
219707,Allothunnus fallai,Salinity,2,2,2,1
219707,Allothunnus fallai,Habitat,3,3,3,1
219707,Allothunnus fallai,TemperatureT,2.6,2.6,2.6,1
219707,Allothunnus fallai,Behavior,3,3,3,1
219707,Allothunnus fallai,Food,2,3.2,2.5,4
219707,Allothunnus fallai,Aggregation,4,4,4,1
219709,Gasterochisma melampus,Salinity,2,2,2,1
219709,Gasterochisma melampus,Habitat,3,3,3,1
219709,Gasterochisma melampus,TemperatureT,2,3,2.533333333,3
219709,Gasterochisma melampus,Behavior,3,3,3,1
219709,Gasterochisma melampus,Food,1,5,2.84,5
219712,Gymnosarda unicolor,Salinity,2,2,2,1
219712,Gymnosarda unicolor,Habitat,1.5,2.5,1.875,4
219712,Gymnosarda unicolor,TemperatureT,3,3,3,1
219712,Gymnosarda unicolor,Behavior,3,3,3,1
219712,Gymnosarda unicolor,Food,2.6,3.2,2.9,2
219712,Gymnosarda unicolor,Aggregation,1,3,2,2
219715,Scomber australasicus,Salinity,2,2,2,1
219715,Scomber australasicus,TemperatureT,2.6,2.6,2.6,1
219715,Scomber australasicus,Aggregation,4,4,4,1
219715,Scomber australasicus,Behavior,3,3,3,1
219715,Scomber australasicus,Associate,2.8,2.8,2.8,1
219715,Scomber australasicus,Food,1.8,3.2,2.4,4
219715,Scomber australasicus,Habitat,2,3,2.5,2
219719,Scomberomorus plurilineatus,Salinity,2,2,2,1
219719,Scomberomorus plurilineatus,TemperatureT,2.6,2.6,2.6,1
219719,Scomberomorus plurilineatus,Aggregation,5,5,5,1
219719,Scomberomorus plurilineatus,Behavior,3,3,3,1
219719,Scomberomorus plurilineatus,Food,2,3.2,2.84,5
219719,Scomberomorus plurilineatus,Habitat,2,2,2,1
219720,Thunnus maccoyii,Salinity,2,2,2,1
219720,Thunnus maccoyii,Habitat,3,3,3,1
219720,Thunnus maccoyii,TemperatureT,2,3,2.5,2
219720,Thunnus maccoyii,Behavior,3,3,3,1
219720,Thunnus maccoyii,Food,1.6,3,2.15,4
219722,Thunnus tonggol,Salinity,2,2,2,1
219722,Thunnus tonggol,Habitat,2,2,2,1
219722,Thunnus tonggol,TemperatureT,3,3,3,1
219722,Thunnus tonggol,Behavior,3,3,3,1
219722,Thunnus tonggol,Food,1.8,3.2,2.457142857,7
219722,Thunnus tonggol,Aggregation,4,4,4,1
219734,Tetrapturus angustirostris,Salinity,2,2,2,1
219734,Tetrapturus angustirostris,Habitat,2,3,2.5,2
219734,Tetrapturus angustirostris,TemperatureT,2,3,2.533333333,3
219734,Tetrapturus angustirostris,Behavior,3,3.2,3.1,2
219734,Tetrapturus angustirostris,Food,2,3,2.333333333,3
219737,Hyperoglyphe antarctica,Salinity,2,2,2,1
219737,Hyperoglyphe antarctica,Associate,2.2,2.2,2.2,1
219737,Hyperoglyphe antarctica,Behavior,2,3,2.5,2
219737,Hyperoglyphe antarctica,Food,1.4,3.2,2.255555556,9
219741,Schedophilus huttoni,Salinity,2,2,2,1
219741,Schedophilus huttoni,Habitat,2,3,2.4,5
219741,Schedophilus huttoni,Behavior,1,2.5,1.75,2
219742,Schedophilus velaini,Salinity,2,2,2,1
219742,Schedophilus velaini,Habitat,2.5,3,2.75,2
219742,Schedophilus velaini,Behavior,2.5,2.5,2.5,1
219742,Schedophilus velaini,Food,1.6,3.2,2.266666667,3
219872,Abalistes stellaris,Salinity,2,2,2,1
219872,Abalistes stellaris,Habitat,1,2,1.45,4
219872,Abalistes stellaris,TemperatureT,3,3,3,1
219872,Abalistes stellaris,Associate,1,1,1,1
219872,Abalistes stellaris,Behavior,1,1,1,1
219872,Abalistes stellaris,Food,1.4,2,1.575,4
219954,Lagocephalus sceleratus,Salinity,0,2,1,2
219954,Lagocephalus sceleratus,TemperatureT,3,3,3,1
219954,Lagocephalus sceleratus,Food,1.5,2,1.75,2
219954,Lagocephalus sceleratus,Habitat,1.5,2,1.75,2
220007,Phosichthys argenteus,Salinity,2,2,2,1
220007,Phosichthys argenteus,Behavior,2.5,3,2.75,2
220007,Phosichthys argenteus,Food,1.8,3,2.2,4
220007,Phosichthys argenteus,Habitat,2.5,2.5,2.5,1
221409,Linophryne parini,Salinity,2,2,2,1
221430,Polyprion oxygeneios,Salinity,2,2,2,1
221430,Polyprion oxygeneios,Habitat,2.5,3,2.75,2
221430,Polyprion oxygeneios,TemperatureT,2.6,2.6,2.6,1
221430,Polyprion oxygeneios,Associate,2,2,2,1
221430,Polyprion oxygeneios,Behavior,1,1,1,1
221430,Polyprion oxygeneios,Food,3,3.2,3.05,4
221430,Polyprion oxygeneios,Aggregation,4,4,4,1
221512,Sigmops elongatus,Salinity,2,2,2,1
221512,Sigmops elongatus,TemperatureT,2.6,3,2.733333333,3
221512,Sigmops elongatus,Behavior,2.5,3,2.833333333,3
221512,Sigmops elongatus,Food,1.8,3.2,2.1,6
221512,Sigmops elongatus,Habitat,3,3,3,1
234627,Notolepis annulata,Salinity,2,2,2,1
234627,Notolepis annulata,TemperatureT,1,2,1.5,2
234627,Notolepis annulata,Behavior,2.5,3.2,2.85,2
234627,Notolepis annulata,Food,2.2,3,2.6,2
234627,Notolepis annulata,Habitat,3,3,3,1
234638,Electrona carlsbergi,Salinity,2,2,2,1
234638,Electrona carlsbergi,TemperatureT,1,1,1,2
234638,Electrona carlsbergi,Behavior,2.5,3,2.75,2
234638,Electrona carlsbergi,Food,1.5,2,1.75,2
234638,Electrona carlsbergi,Habitat,3,3,3,1
234664,Lampris immaculatus,Salinity,2,2,2,1
234664,Lampris immaculatus,Habitat,3,3,3,1
234664,Lampris immaculatus,TemperatureT,2,2,2,1
234664,Lampris immaculatus,Behavior,3,3.2,3.066666667,3
234664,Lampris immaculatus,Food,2,3,2.4,5
234697,Paradiplospinus antarcticus,Salinity,2,2,2,1
234697,Paradiplospinus antarcticus,TemperatureT,1,1,1,1
234697,Paradiplospinus antarcticus,Behavior,2.5,3.2,2.9,3
234697,Paradiplospinus antarcticus,Food,2.2,3.2,2.75,4
234700,Dissostichus eleginoides,Salinity,2,2,2,1
234700,Dissostichus eleginoides,Habitat,3,3,3,1
234700,Dissostichus eleginoides,TemperatureT,1,2,1.5,2
234700,Dissostichus eleginoides,Behavior,1,3,2,2
234731,Scopelosaurus hamiltoni,Salinity,2,2,2,1
234731,Scopelosaurus hamiltoni,TemperatureT,1,2,1.5,2
234731,Scopelosaurus hamiltoni,Behavior,2,3,2.5,3
234731,Scopelosaurus hamiltoni,Food,1.8,3.2,2.3,4
234731,Scopelosaurus hamiltoni,Habitat,3,3,3,1
234742,Muraenolepis microps,Salinity,2,2,2,1
234742,Muraenolepis microps,TemperatureT,1,1,1,2
234742,Muraenolepis microps,Behavior,3,3,3,1
234742,Muraenolepis microps,Food,1.8,1.8,1.8,1
234742,Muraenolepis microps,Habitat,2,3,2.425,4
234767,Protomyctophum tenisoni,Salinity,2,2,2,1
234767,Protomyctophum tenisoni,TemperatureT,1,2.6,1.4,4
234767,Protomyctophum tenisoni,Behavior,3,3,3,1
234767,Protomyctophum tenisoni,Habitat,3,3,3,1
234788,Lepidonotothen squamifrons,Salinity,2,2,2,1
234788,Lepidonotothen squamifrons,TemperatureT,1,2,1.5,2
234788,Lepidonotothen squamifrons,Behavior,2,2,2,1
234788,Lepidonotothen squamifrons,Food,1.8,3,2.4,2
254538,Gadus macrocephalus,Salinity,1,2,1.5,2
254538,Gadus macrocephalus,TemperatureT,1,1.3,1.15,2
254538,Gadus macrocephalus,Behavior,1,1,1,1
254538,Gadus macrocephalus,Food,1.4,3,2.225,4
254538,Gadus macrocephalus,Habitat,2,2,2,1
271328,Rhizoprionodon porosus,Salinity,0,2,1,3
271328,Rhizoprionodon porosus,Habitat,0,3,1.755555556,9
271328,Rhizoprionodon porosus,TemperatureT,3,3,3,1
271328,Rhizoprionodon porosus,Food,1.4,3,2.44,5
271378,Sphyrna couardi,Salinity,2,2,2,1
271378,Sphyrna couardi,Habitat,2,2,2,1
271378,Sphyrna couardi,TemperatureT,2.6,3,2.8,2
271378,Sphyrna couardi,Behavior,2,2,2,1
271378,Sphyrna couardi,Food,1.4,3,2.2,2
271651,Scymnodalatias albicauda,Salinity,2,2,2,1
271651,Scymnodalatias albicauda,Habitat,3,3,3,4
271651,Scymnodalatias albicauda,Behavior,1,3.2,2.425,4
272087,Omosudis lowei,Salinity,2,2,2,1
272087,Omosudis lowei,TemperatureT,2,3,2.5,2
272087,Omosudis lowei,Aggregation,1,3,2,2
272087,Omosudis lowei,Behavior,2.5,3,2.75,2
272087,Omosudis lowei,Food,2.6,3,2.8,2
272087,Omosudis lowei,Habitat,3,3,3,1
272173,Parexocoetus hillianus,Salinity,2,2,2,1
272173,Parexocoetus hillianus,TemperatureT,3,3,3,1
272173,Parexocoetus hillianus,Behavior,3,3,3,1
272173,Parexocoetus hillianus,Food,1.8,3,2.15,4
272173,Parexocoetus hillianus,Habitat,2,3,2.5,2
272452,Merluccius australis,Salinity,2,2,2,1
272452,Merluccius australis,TemperatureT,2.6,2.6,2.6,1
272452,Merluccius australis,Behavior,2,2,2,1
272452,Merluccius australis,Food,1.4,3.2,2.545454545,11
272528,Lophotus capellei,Salinity,2,2,2,1
272528,Lophotus capellei,Habitat,3,3,3,1
272528,Lophotus capellei,Behavior,2.5,3.2,2.9,3
272528,Lophotus capellei,Food,2.6,3.2,2.9,2
272534,Trachipterus jacksonensis,Salinity,1,2,1.5,2
272534,Trachipterus jacksonensis,TemperatureT,2,2.6,2.3,2
272534,Trachipterus jacksonensis,Behavior,2.5,3.2,2.9,3
272534,Trachipterus jacksonensis,Food,1.4,3,2.08,5
272534,Trachipterus jacksonensis,Habitat,1,3,2,2
272562,Gigantactis golovani,Salinity,2,2,2,1
272562,Gigantactis golovani,Behavior,2.5,3,2.75,2
272630,Oneirodes kreffti,Salinity,2,2,2,1
272630,Oneirodes kreffti,Behavior,2.5,3,2.75,2
272630,Oneirodes kreffti,Habitat,3,3,3,1
272656,Ceratoscopelus townsendi,Salinity,2,2,2,1
272656,Ceratoscopelus townsendi,Behavior,2.5,3.2,2.9,3
272656,Ceratoscopelus townsendi,Food,2,2,2,1
272728,Notoscopelus kroyeri,Salinity,2,2,2,1
272728,Notoscopelus kroyeri,TemperatureT,1,2,1.5,2
272728,Notoscopelus kroyeri,Behavior,2.5,3.2,2.85,2
272728,Notoscopelus kroyeri,Habitat,3,3,3,1
272734,Symbolophorus kreffti,Salinity,2,2,2,1
272734,Symbolophorus kreffti,TemperatureT,2.6,2.6,2.6,1
272734,Symbolophorus kreffti,Behavior,3,3.2,3.066666667,3
272734,Symbolophorus kreffti,Habitat,3,3,3,1
273675,Cubiceps caeruleus,Salinity,2,2,2,1
273675,Cubiceps caeruleus,Habitat,2.5,3,2.833333333,3
273675,Cubiceps caeruleus,TemperatureT,3,3,3,1
273675,Cubiceps caeruleus,Associate,1.8,1.8,1.8,1
273675,Cubiceps caeruleus,Behavior,3,3.2,3.066666667,3
273675,Cubiceps caeruleus,Food,1.6,3.2,2.2,3
273675,Cubiceps caeruleus,Aggregation,5,5,5,1
273811,Scomberomorus brasiliensis,Salinity,2,2,2,1
273811,Scomberomorus brasiliensis,Habitat,1,3,1.875,4
273811,Scomberomorus brasiliensis,TemperatureT,3,3,3,1
273811,Scomberomorus brasiliensis,Behavior,3.2,3.2,3.2,1
273811,Scomberomorus brasiliensis,Food,2.2,3,2.6,3
273811,Scomberomorus brasiliensis,Aggregation,4,4,4,1
273819,Scomberomorus regalis,Salinity,2,2,2,1
273819,Scomberomorus regalis,Habitat,1.5,2,1.6,5
273819,Scomberomorus regalis,TemperatureT,3,3,3,1
273819,Scomberomorus regalis,Food,2,3.2,2.5,4
273819,Scomberomorus regalis,Aggregation,4,4,4,1
273998,Stromateus brasiliensis,Salinity,2,2,2,1
273998,Stromateus brasiliensis,TemperatureT,2.6,2.6,2.6,1
273998,Stromateus brasiliensis,Behavior,2,2,2,1
273998,Stromateus brasiliensis,Associate,1.8,1.8,1.8,1
274967,Argyropelecus olfersii,Salinity,2,2,2,1
274967,Argyropelecus olfersii,Behavior,2.5,3,2.75,2
274967,Argyropelecus olfersii,Food,2,3,2.5,2
274967,Argyropelecus olfersii,Habitat,3,3,3,1
274978,Maurolicus stehmanni,Salinity,2,2,2,1
274978,Maurolicus stehmanni,Behavior,2.5,3,2.75,2
274978,Maurolicus stehmanni,Habitat,2.5,2.8,2.65,2
275069,Eustomias bigelowi,Salinity,2,2,2,1
275069,Eustomias bigelowi,TemperatureT,3,3,3,1
275069,Eustomias bigelowi,Behavior,3,3,3,1
275069,Eustomias bigelowi,Habitat,3,3,3,1
275138,Eustomias spherulifer,Salinity,2,2,2,1
275138,Eustomias spherulifer,TemperatureT,2.6,2.6,2.6,1
275138,Eustomias spherulifer,Behavior,2.5,2.5,2.5,1
275171,Photonectes albipennis,Salinity,2,2,2,1
275171,Photonectes albipennis,TemperatureT,2,2.6,2.3,2
275171,Photonectes albipennis,Behavior,2.5,3,2.75,2
275500,Brevoortia patronus,Salinity,2,2,2,1
275500,Brevoortia patronus,TemperatureT,2.6,2.6,2.6,1
275500,Brevoortia patronus,Aggregation,4,4,4,1
275500,Brevoortia patronus,Behavior,3,3,3,1
275500,Brevoortia patronus,Food,1.2,1.2,1.2,1
275500,Brevoortia patronus,Habitat,1.3,2,1.65,2
276250,Cantherhines macrocerus,Salinity,2,2,2,1
276250,Cantherhines macrocerus,Habitat,1.5,2,1.6,5
276250,Cantherhines macrocerus,TemperatureT,3,3,3,1
276250,Cantherhines macrocerus,Associate,1,1,1,1
276250,Cantherhines macrocerus,Behavior,1,1,1,1
276250,Cantherhines macrocerus,Food,1.2,1.4,1.36,5
276250,Cantherhines macrocerus,Aggregation,2,2,2,1
276307,Bathyclupea schroederi,Salinity,2,2,2,1
276307,Bathyclupea schroederi,Behavior,3,3,3,1
276307,Bathyclupea schroederi,Habitat,3,3,3,1
276560,Peprilus burti,Salinity,2,2,2,1
276560,Peprilus burti,TemperatureT,2.6,2.6,2.6,1
276560,Peprilus burti,Aggregation,4,4,4,1
276560,Peprilus burti,Behavior,2,3,2.5,2
276560,Peprilus burti,Associate,1.8,2,1.9,2
276560,Peprilus burti,Food,1.4,3,1.96,5
276560,Peprilus burti,Habitat,2,2,2,2
277287,Pellona harroweri,Salinity,1,2,1.5,2
277287,Pellona harroweri,TemperatureT,3,3,3,1
277287,Pellona harroweri,Behavior,3,3,3,1
277287,Pellona harroweri,Food,1.8,2,1.866666667,3
277287,Pellona harroweri,Habitat,1,2,1.433333333,3
278434,Grammatorcynus bilineatus,Salinity,2,2,2,1
278434,Grammatorcynus bilineatus,TemperatureT,2.6,2.6,2.6,1
278434,Grammatorcynus bilineatus,Aggregation,4,4,4,1
278434,Grammatorcynus bilineatus,Food,2,3,2.5,2
278434,Grammatorcynus bilineatus,Habitat,1.5,2,1.75,2
278702,Genypterus blacodes,Salinity,2,2,2,1
278702,Genypterus blacodes,Habitat,2,2,2,1
278702,Genypterus blacodes,TemperatureT,2,2,2,1
278702,Genypterus blacodes,Behavior,1.2,1.2,1.2,1
278702,Genypterus blacodes,Food,2,3,2.4,5
279766,Assurger anzac,Salinity,2,2,2,1
279766,Assurger anzac,TemperatureT,3,3,3,1
279766,Assurger anzac,Behavior,2,3.2,2.733333333,3
280091,Cetengraulis edentulus,Salinity,1,2,1.5,2
280091,Cetengraulis edentulus,TemperatureT,3,3,3,1
280091,Cetengraulis edentulus,Aggregation,4,4,4,1
280091,Cetengraulis edentulus,Behavior,3,3,3,1
280091,Cetengraulis edentulus,Food,1.2,1.8,1.5,2
280091,Cetengraulis edentulus,Habitat,1,2,1.433333333,3
280695,Epinnula magistralis,Salinity,2,2,2,1
280695,Epinnula magistralis,TemperatureT,3,3,3,1
280695,Epinnula magistralis,Behavior,2,2,2,1
281542,Megachasma pelagios,Salinity,2,2,2,1
281542,Megachasma pelagios,Behavior,3,3.2,3.1,2
281542,Megachasma pelagios,Food,1.6,3,2.15,4
281542,Megachasma pelagios,Habitat,3,3,3,1
281832,Odontognathus compressus,Salinity,1,2,1.5,2
281832,Odontognathus compressus,TemperatureT,3,3,3,1
281832,Odontognathus compressus,Behavior,3,3,3,1
281832,Odontognathus compressus,Food,1.8,1.8,1.8,1
281832,Odontognathus compressus,Habitat,1,2,1.433333333,3
282546,Ramnogaster arcuata,Salinity,2,2,2,1
282546,Ramnogaster arcuata,TemperatureT,2.6,2.6,2.6,1
282546,Ramnogaster arcuata,Aggregation,4,4,4,1
282546,Ramnogaster arcuata,Behavior,3,3,3,1
282546,Ramnogaster arcuata,Food,1.8,2.2,2.05,4
282546,Ramnogaster arcuata,Habitat,1.3,2,1.65,2
282757,Seriolella porosa,Salinity,2,2,2,1
282757,Seriolella porosa,TemperatureT,2.6,2.6,2.6,1
282757,Seriolella porosa,Behavior,2,2,2,1
282973,Thysanactis dentex,Salinity,2,2,2,1
282973,Thysanactis dentex,TemperatureT,2,3,2.5,2
282973,Thysanactis dentex,Behavior,2.5,3,2.75,2
282973,Thysanactis dentex,Food,2,3.2,2.6,2
282973,Thysanactis dentex,Habitat,3,3,3,1
283164,Winteria telescopa,Salinity,2,2,2,1
283164,Winteria telescopa,TemperatureT,3,3,3,1
283164,Winteria telescopa,Behavior,2.5,3,2.75,2
283164,Winteria telescopa,Food,1.4,1.8,1.6,2
283164,Winteria telescopa,Habitat,3,3,3,1
283166,Woodsia nonsuchae,Salinity,2,2,2,1
283166,Woodsia nonsuchae,TemperatureT,2.6,3,2.8,2
283166,Woodsia nonsuchae,Behavior,2.5,3,2.75,2
283166,Woodsia nonsuchae,Habitat,3,3,3,1
283206,Zameus squamulosus,Salinity,2,2,2,1
283206,Zameus squamulosus,Habitat,2.5,3,2.9,5
283206,Zameus squamulosus,TemperatureT,3,3,3,1
283206,Zameus squamulosus,Behavior,1,3.2,2.066666667,3
298438,Carcharhinus perezi,Salinity,2,2,2,1
298438,Carcharhinus perezi,Habitat,1.3,3,1.971428571,7
298438,Carcharhinus perezi,TemperatureT,2.6,3,2.8,2
298438,Carcharhinus perezi,Behavior,1.7,1.7,1.7,1
298438,Carcharhinus perezi,Food,3,3,3,1
299089,Centroscymnus owstoni,Salinity,2,2,2,1
299089,Centroscymnus owstoni,Habitat,2.5,3,2.9,5
299089,Centroscymnus owstoni,Behavior,1.2,1.2,1.2,1
299089,Centroscymnus owstoni,Food,2,3,2.5,2
300735,Gadus chalcogrammus,Salinity,1,2,1.5,2
300735,Gadus chalcogrammus,TemperatureT,1,1,1,1
300735,Gadus chalcogrammus,Behavior,2,2,2,1
300735,Gadus chalcogrammus,Food,2,3,2.4,3
300735,Gadus chalcogrammus,Habitat,2.5,3,2.75,2
301526,Lampanyctus isaacsi,Salinity,2,2,2,1
301526,Lampanyctus isaacsi,TemperatureT,2.6,2.6,2.6,1
301526,Lampanyctus isaacsi,Behavior,3,3,3,3
301526,Lampanyctus isaacsi,Habitat,3,3,3,2
302432,Caranx ruber,Salinity,2,2,2,1
302432,Caranx ruber,TemperatureT,2.6,2.6,2.6,1
302432,Caranx ruber,Aggregation,1,4,2.5,2
302432,Caranx ruber,Associate,1,1,1,1
302432,Caranx ruber,Food,1.4,3,2.2,3
302432,Caranx ruber,Habitat,1.5,2.2,1.733333333,3
302877,Remora albescens,Salinity,2,2,2,1
302877,Remora albescens,Habitat,2,3,2.5,2
302877,Remora albescens,TemperatureT,2.4,2.6,2.5,2
302877,Remora albescens,Associate,3,3.2,3.1,4
302877,Remora albescens,Behavior,3,3,3,1
303486,Kyphosus sectatrix,Salinity,2,2,2,1
303486,Kyphosus sectatrix,Habitat,1.5,2,1.625,4
303486,Kyphosus sectatrix,TemperatureT,2.6,2.6,2.6,1
303486,Kyphosus sectatrix,Associate,1,2,1.5,2
303486,Kyphosus sectatrix,Food,1,2,1.3125,8
303486,Kyphosus sectatrix,Aggregation,4,4,4,1
313240,Pentaceros richardsoni,Salinity,2,2,2,1
313240,Pentaceros richardsoni,TemperatureT,2,2,2,1
313240,Pentaceros richardsoni,Behavior,3,3,3,1
313240,Pentaceros richardsoni,Habitat,2,3,2.5,3
317659,Myctophum asperum,Salinity,2,2,2,1
317659,Myctophum asperum,Behavior,2.5,3.2,2.9,3
317659,Myctophum asperum,Habitat,3,3,3,2
319394,Monacoa grimaldii,Salinity,2,2,2,1
319394,Monacoa grimaldii,TemperatureT,2.6,3,2.8,2
319394,Monacoa grimaldii,Behavior,2.5,3,2.75,2
319394,Monacoa grimaldii,Food,1.8,2,1.9,2
319394,Monacoa grimaldii,Habitat,3,3,3,1
321911,Tetronarce nobiliana,Salinity,2,2,2,1
321911,Tetronarce nobiliana,TemperatureT,2.6,2.6,2.6,1
321911,Tetronarce nobiliana,Behavior,1,3,2,4
321911,Tetronarce nobiliana,Associate,1.5,1.5,1.5,1
321911,Tetronarce nobiliana,Food,3,3.6,3.3,2
321911,Tetronarce nobiliana,Habitat,2,2.5,2.18,5
345843,Sphyraena barracuda,Salinity,1,2,1.5,2
345843,Sphyraena barracuda,Habitat,1,2,1.466666667,6
345843,Sphyraena barracuda,TemperatureT,2.4,3,2.666666667,3
345843,Sphyraena barracuda,Food,2,3.2,2.35,4
345843,Sphyraena barracuda,Aggregation,1,4,2.5,2
388863,Scopeloberyx bannikovi,Salinity,2,2,2,1
388863,Scopeloberyx bannikovi,TemperatureT,3,3,3,1
388863,Scopeloberyx bannikovi,Behavior,2.5,2.5,2.5,1
398478,Odontanthias caudicinctus,Salinity,2,2,2,1
398478,Odontanthias caudicinctus,Behavior,3,3,3,1
398478,Odontanthias caudicinctus,Habitat,2,3,2.5,2
401555,Alectis alexandrina,Salinity,2,2,2,1
401555,Alectis alexandrina,TemperatureT,2.6,2.6,2.6,1
401555,Alectis alexandrina,Aggregation,1,1,1,2
401555,Alectis alexandrina,Behavior,3,3,3,1
401555,Alectis alexandrina,Food,2.5,3,2.75,2
401555,Alectis alexandrina,Habitat,2,2,2,1
712905,Istiompax indica,Salinity,2,2,2,1
712905,Istiompax indica,Habitat,2,3,2.333333333,3
712905,Istiompax indica,TemperatureT,2,3,2.533333333,3
712905,Istiompax indica,Behavior,3,3.2,3.1,2
712905,Istiompax indica,Food,2,3,2.514285714,7
712906,Kajikia albida,Salinity,2,2,2,1
712906,Kajikia albida,Habitat,2,3,2.5,2
712906,Kajikia albida,TemperatureT,2.6,2.6,2.6,1
712906,Kajikia albida,Behavior,3,3.2,3.1,2
712906,Kajikia albida,Food,2.6,3,2.8,2
712907,Kajikia audax,Salinity,2,2,2,1
712907,Kajikia audax,Habitat,2,3,2.5,2
712907,Kajikia audax,TemperatureT,2,3,2.533333333,3
712907,Kajikia audax,Behavior,3,3.2,3.1,2
712907,Kajikia audax,Food,2,3,2.333333333,3
712907,Kajikia audax,Aggregation,1,3,2,2
713109,Lophotus guntheri,Salinity,2,2,2,1
713109,Lophotus guntheri,Habitat,3,3,3,1
713109,Lophotus guntheri,TemperatureT,2,2,2,1
713109,Lophotus guntheri,Behavior,3,3,3,1
1007133,Liopropoma santi,Salinity,2,2,2,1
1007133,Liopropoma santi,TemperatureT,3,3,3,1
1007133,Liopropoma santi,Behavior,3,3,3,1
1007133,Liopropoma santi,Habitat,2,2,2,1
1017161,Mugil brevirostris,Salinity,2,2,2,1
1017161,Mugil brevirostris,TemperatureT,3,3,3,1
1017161,Mugil brevirostris,Behavior,3,3,3,1
1017161,Mugil brevirostris,Habitat,2,2,2,1
1026118,Mobula birostris,Salinity,2,2,2,1
1026118,Mobula birostris,Habitat,1,3,2.2,9
1026118,Mobula birostris,TemperatureT,2,3,2.533333333,3
1026118,Mobula birostris,Behavior,3,3,3,1
1026118,Mobula birostris,Food,1.8,3,2.4,2
1026118,Mobula birostris,Aggregation,3,3,3,1
1042799,Squalus bassi,Salinity,2,2,2,1
1042799,Squalus bassi,TemperatureT,3,3,3,1
1042799,Squalus bassi,Behavior,3,3,3,1
1042799,Squalus bassi,Food,2,3,2.5,3
1042799,Squalus bassi,Habitat,2,2.5,2.25,2
1042856,Hypanus americanus,Salinity,1,2,1.5,2
1042856,Hypanus americanus,Habitat,1,2,1.42,5
1042856,Hypanus americanus,TemperatureT,2.6,2.6,2.6,1
1042856,Hypanus americanus,Food,1.4,3,1.975,4
1042856,Hypanus americanus,Aggregation,1,4,2.333333333,3
1042871,Mobula alfredi,Salinity,2,2,2,1
1042871,Mobula alfredi,Habitat,1.3,3,1.95,4
1042871,Mobula alfredi,TemperatureT,3,3,3,1
1042871,Mobula alfredi,Behavior,2,3,2.5,2
1042871,Mobula alfredi,Food,1.8,3,2.4,2
1042871,Mobula alfredi,Aggregation,4,4,4,1
1287298,Squalus clarkae,Salinity,2,2,2,1
1287298,Squalus clarkae,TemperatureT,3,3,3,1
1287298,Squalus clarkae,Behavior,1,2,1.5,2
1287298,Squalus clarkae,Habitat,2,2.5,2.233333333,3
1510072,Melamphaes lentiginosus,Salinity,2,2,2,1
1510072,Melamphaes lentiginosus,Behavior,2.5,2.5,2.5,1
