run_id,model_arc,train_dataset,val_dataset,num_classes,train_trans,val_trans,train_num,val_num,epochs,max_lr,batch_size,iters/epoch,base_fils,fils,ensembles,classdist,classdist2,classdist3,params,loss_func,optimizer,scheduler,lr,epoch,train_loss,train_acc,val_loss,val_acc
0,models.gitresnet_ee resnet18,cifar100_train,cifar100_val,10,"[ToTensor(), RandomHorizontalFlip(p=0.5), RandomRotation(degrees=[0.0, 360.0], interpolation=nearest, expand=False, fill=0)]",[ToTensor()],5000,1000,500,0.0005,128,40,32,1,1024,1.6038694,1.156101,0.6376704,3062784,CrossEntropyLoss(),"Adam ( Parameter Group 0     amsgrad: False     betas: (0.9, 0.999)     capturable: False     differentiable: False     eps: 1e-08     foreach: None     fused: None     initial_lr: 0.0005     lr: 0.0005     maximize: False     weight_decay: 0 )",CosineAnnealingLR ( T_max = 500 base_lrs = [0.0005] eta_min = 0 last_epoch = 0 optimizer = Adam() verbose = False ),4.934785965721161e-9,500,0.0888419460773468,0.8552,0.17989399242401122,0.618
1,models.gitresnet_ee resnet18,cifar100_train,cifar100_val,10,"[ToTensor(), RandomHorizontalFlip(p=0.5), RandomRotation(degrees=[0.0, 360.0], interpolation=nearest, expand=False, fill=0)]",[ToTensor()],5000,1000,500,0.0005,128,40,32,2,256,1.6038694,1.156101,0.6376704,2923520,CrossEntropyLoss(),"Adam ( Parameter Group 0     amsgrad: False     betas: (0.9, 0.999)     capturable: False     differentiable: False     eps: 1e-08     foreach: None     fused: None     initial_lr: 0.0005     lr: 0.0005     maximize: False     weight_decay: 0 )",CosineAnnealingLR ( T_max = 500 base_lrs = [0.0005] eta_min = 0 last_epoch = 0 optimizer = Adam() verbose = False ),4.934785965721161e-9,500,0.04410133269627889,0.9456,0.20787683709462484,0.604
2,models.gitresnet_ee resnet18,cifar100_train,cifar100_val,10,"[ToTensor(), RandomHorizontalFlip(p=0.5), RandomRotation(degrees=[0.0, 360.0], interpolation=nearest, expand=False, fill=0)]",[ToTensor()],5000,1000,500,0.0005,128,40,32,4,64,1.6038694,1.156101,0.6376704,2855808,CrossEntropyLoss(),"Adam ( Parameter Group 0     amsgrad: False     betas: (0.9, 0.999)     capturable: False     differentiable: False     eps: 1e-08     foreach: None     fused: None     initial_lr: 0.0005     lr: 0.0005     maximize: False     weight_decay: 0 )",CosineAnnealingLR ( T_max = 500 base_lrs = [0.0005] eta_min = 0 last_epoch = 0 optimizer = Adam() verbose = False ),4.934785965721161e-9,500,0.02774503917694092,0.9684,0.23577909326553345,0.595
3,models.gitresnet_ee resnet18,cifar100_train,cifar100_val,10,"[ToTensor(), RandomHorizontalFlip(p=0.5), RandomRotation(degrees=[0.0, 360.0], interpolation=nearest, expand=False, fill=0)]",[ToTensor()],5000,1000,500,0.0005,128,40,32,8,16,1.6038694,1.156101,0.6376704,2822432,CrossEntropyLoss(),"Adam ( Parameter Group 0     amsgrad: False     betas: (0.9, 0.999)     capturable: False     differentiable: False     eps: 1e-08     foreach: None     fused: None     initial_lr: 0.0005     lr: 0.0005     maximize: False     weight_decay: 0 )",CosineAnnealingLR ( T_max = 500 base_lrs = [0.0005] eta_min = 0 last_epoch = 0 optimizer = Adam() verbose = False ),4.934785965721161e-9,500,0.014370259952545166,0.9842,0.2715918385187785,0.579
4,models.gitresnet_ee resnet18,cifar100_train,cifar100_val,10,"[ToTensor(), RandomHorizontalFlip(p=0.5), RandomRotation(degrees=[0.0, 360.0], interpolation=nearest, expand=False, fill=0)]",[ToTensor()],5000,1000,500,0.0005,128,40,32,16,4,1.6038694,1.156101,0.6376704,2805864,CrossEntropyLoss(),"Adam ( Parameter Group 0     amsgrad: False     betas: (0.9, 0.999)     capturable: False     differentiable: False     eps: 1e-08     foreach: None     fused: None     initial_lr: 0.0005     lr: 0.0005     maximize: False     weight_decay: 0 )",CosineAnnealingLR ( T_max = 500 base_lrs = [0.0005] eta_min = 0 last_epoch = 0 optimizer = Adam() verbose = False ),4.934785965721161e-9,500,0.006136567719777425,0.9928,0.33851620165506996,0.592
5,models.gitresnet_ee resnet18,cifar100_train,cifar100_val,10,"[ToTensor(), RandomHorizontalFlip(p=0.5), RandomRotation(degrees=[0.0, 360.0], interpolation=nearest, expand=False, fill=0)]",[ToTensor()],5000,1000,500,0.0005,128,40,32,32,1,1.6038694,1.156101,0.6376704,2797610,CrossEntropyLoss(),"Adam ( Parameter Group 0     amsgrad: False     betas: (0.9, 0.999)     capturable: False     differentiable: False     eps: 1e-08     foreach: None     fused: None     initial_lr: 0.0005     lr: 0.0005     maximize: False     weight_decay: 0 )",CosineAnnealingLR ( T_max = 500 base_lrs = [0.0005] eta_min = 0 last_epoch = 0 optimizer = Adam() verbose = False ),4.934785965721161e-9,500,0.002870976374546687,0.997,0.42785594081878664,0.564
6,models.gitresnet_ee resnet18,cifar100_train,cifar100_val,10,"[ToTensor(), RandomHorizontalFlip(p=0.5), RandomRotation(degrees=[0.0, 360.0], interpolation=nearest, expand=False, fill=0)]",[ToTensor()],5000,1000,500,0.0005,128,40,32,1,1024,2.713052,1.44324,0.4329578,3062784,CrossEntropyLoss(),"Adam ( Parameter Group 0     amsgrad: False     betas: (0.9, 0.999)     capturable: False     differentiable: False     eps: 1e-08     foreach: None     fused: None     initial_lr: 0.0005     lr: 0.0005     maximize: False     weight_decay: 0 )",CosineAnnealingLR ( T_max = 500 base_lrs = [0.0005] eta_min = 0 last_epoch = 0 optimizer = Adam() verbose = False ),4.934785965721161e-9,500,0.04237175458272298,0.9546,0.12162794144948323,0.745
7,models.gitresnet_ee resnet18,cifar100_train,cifar100_val,10,"[ToTensor(), RandomHorizontalFlip(p=0.5), RandomRotation(degrees=[0.0, 360.0], interpolation=nearest, expand=False, fill=0)]",[ToTensor()],5000,1000,500,0.0005,128,40,32,2,256,2.713052,1.44324,0.4329578,2923520,CrossEntropyLoss(),"Adam ( Parameter Group 0     amsgrad: False     betas: (0.9, 0.999)     capturable: False     differentiable: False     eps: 1e-08     foreach: None     fused: None     initial_lr: 0.0005     lr: 0.0005     maximize: False     weight_decay: 0 )",CosineAnnealingLR ( T_max = 500 base_lrs = [0.0005] eta_min = 0 last_epoch = 0 optimizer = Adam() verbose = False ),4.934785965721161e-9,500,0.019128090222676596,0.985,0.14662017718950907,0.739
8,models.gitresnet_ee resnet18,cifar100_train,cifar100_val,10,"[ToTensor(), RandomHorizontalFlip(p=0.5), RandomRotation(degrees=[0.0, 360.0], interpolation=nearest, expand=False, fill=0)]",[ToTensor()],5000,1000,500,0.0005,128,40,32,4,64,2.713052,1.44324,0.4329578,2855808,CrossEntropyLoss(),"Adam ( Parameter Group 0     amsgrad: False     betas: (0.9, 0.999)     capturable: False     differentiable: False     eps: 1e-08     foreach: None     fused: None     initial_lr: 0.0005     lr: 0.0005     maximize: False     weight_decay: 0 )",CosineAnnealingLR ( T_max = 500 base_lrs = [0.0005] eta_min = 0 last_epoch = 0 optimizer = Adam() verbose = False ),4.934785965721161e-9,500,0.012747741069396338,0.9872,0.1573390777905782,0.736
9,models.gitresnet_ee resnet18,cifar100_train,cifar100_val,10,"[ToTensor(), RandomHorizontalFlip(p=0.5), RandomRotation(degrees=[0.0, 360.0], interpolation=nearest, expand=False, fill=0)]",[ToTensor()],5000,1000,500,0.0005,128,40,32,8,16,2.713052,1.44324,0.4329578,2822432,CrossEntropyLoss(),"Adam ( Parameter Group 0     amsgrad: False     betas: (0.9, 0.999)     capturable: False     differentiable: False     eps: 1e-08     foreach: None     fused: None     initial_lr: 0.0005     lr: 0.0005     maximize: False     weight_decay: 0 )",CosineAnnealingLR ( T_max = 500 base_lrs = [0.0005] eta_min = 0 last_epoch = 0 optimizer = Adam() verbose = False ),4.934785965721161e-9,500,0.006889159043629964,0.9934,0.1841321315765381,0.704
10,models.gitresnet_ee resnet18,cifar100_train,cifar100_val,10,"[ToTensor(), RandomHorizontalFlip(p=0.5), RandomRotation(degrees=[0.0, 360.0], interpolation=nearest, expand=False, fill=0)]",[ToTensor()],5000,1000,500,0.0005,128,40,32,16,4,2.713052,1.44324,0.4329578,2805864,CrossEntropyLoss(),"Adam ( Parameter Group 0     amsgrad: False     betas: (0.9, 0.999)     capturable: False     differentiable: False     eps: 1e-08     foreach: None     fused: None     initial_lr: 0.0005     lr: 0.0005     maximize: False     weight_decay: 0 )",CosineAnnealingLR ( T_max = 500 base_lrs = [0.0005] eta_min = 0 last_epoch = 0 optimizer = Adam() verbose = False ),4.934785965721161e-9,500,0.003259881031513214,0.9974,0.21070916716257732,0.722
11,models.gitresnet_ee resnet18,cifar100_train,cifar100_val,10,"[ToTensor(), RandomHorizontalFlip(p=0.5), RandomRotation(degrees=[0.0, 360.0], interpolation=nearest, expand=False, fill=0)]",[ToTensor()],5000,1000,500,0.0005,128,40,32,32,1,2.713052,1.44324,0.4329578,2797610,CrossEntropyLoss(),"Adam ( Parameter Group 0     amsgrad: False     betas: (0.9, 0.999)     capturable: False     differentiable: False     eps: 1e-08     foreach: None     fused: None     initial_lr: 0.0005     lr: 0.0005     maximize: False     weight_decay: 0 )",CosineAnnealingLR ( T_max = 500 base_lrs = [0.0005] eta_min = 0 last_epoch = 0 optimizer = Adam() verbose = False ),4.934785965721161e-9,500,0.00192172944744428,0.9982,0.31117435137430827,0.669
12,models.gitresnet_ee resnet18,cifar100_train,cifar100_val,10,"[ToTensor(), RandomHorizontalFlip(p=0.5), RandomRotation(degrees=[0.0, 360.0], interpolation=nearest, expand=False, fill=0)]",[ToTensor()],5000,1000,500,0.0005,128,40,32,1,1024,3.4160864,1.6766652,1.2691207,3062784,CrossEntropyLoss(),"Adam ( Parameter Group 0     amsgrad: False     betas: (0.9, 0.999)     capturable: False     differentiable: False     eps: 1e-08     foreach: None     fused: None     initial_lr: 0.0005     lr: 0.0005     maximize: False     weight_decay: 0 )",CosineAnnealingLR ( T_max = 500 base_lrs = [0.0005] eta_min = 0 last_epoch = 0 optimizer = Adam() verbose = False ),4.934785965721161e-9,500,0.03510254443486532,0.9606,0.10159129492441814,0.787
13,models.gitresnet_ee resnet18,cifar100_train,cifar100_val,10,"[ToTensor(), RandomHorizontalFlip(p=0.5), RandomRotation(degrees=[0.0, 360.0], interpolation=nearest, expand=False, fill=0)]",[ToTensor()],5000,1000,500,0.0005,128,40,32,2,256,3.4160864,1.6766652,1.2691207,2923520,CrossEntropyLoss(),"Adam ( Parameter Group 0     amsgrad: False     betas: (0.9, 0.999)     capturable: False     differentiable: False     eps: 1e-08     foreach: None     fused: None     initial_lr: 0.0005     lr: 0.0005     maximize: False     weight_decay: 0 )",CosineAnnealingLR ( T_max = 500 base_lrs = [0.0005] eta_min = 0 last_epoch = 0 optimizer = Adam() verbose = False ),4.934785965721161e-9,500,0.01656826394399007,0.9864,0.11728183992703756,0.781
14,models.gitresnet_ee resnet18,cifar100_train,cifar100_val,10,"[ToTensor(), RandomHorizontalFlip(p=0.5), RandomRotation(degrees=[0.0, 360.0], interpolation=nearest, expand=False, fill=0)]",[ToTensor()],5000,1000,500,0.0005,128,40,32,4,64,3.4160864,1.6766652,1.2691207,2855808,CrossEntropyLoss(),"Adam ( Parameter Group 0     amsgrad: False     betas: (0.9, 0.999)     capturable: False     differentiable: False     eps: 1e-08     foreach: None     fused: None     initial_lr: 0.0005     lr: 0.0005     maximize: False     weight_decay: 0 )",CosineAnnealingLR ( T_max = 500 base_lrs = [0.0005] eta_min = 0 last_epoch = 0 optimizer = Adam() verbose = False ),4.934785965721161e-9,500,0.011510952663421632,0.9892,0.13413264067967734,0.776
15,models.gitresnet_ee resnet18,cifar100_train,cifar100_val,10,"[ToTensor(), RandomHorizontalFlip(p=0.5), RandomRotation(degrees=[0.0, 360.0], interpolation=nearest, expand=False, fill=0)]",[ToTensor()],5000,1000,500,0.0005,128,40,32,8,16,3.4160864,1.6766652,1.2691207,2822432,CrossEntropyLoss(),"Adam ( Parameter Group 0     amsgrad: False     betas: (0.9, 0.999)     capturable: False     differentiable: False     eps: 1e-08     foreach: None     fused: None     initial_lr: 0.0005     lr: 0.0005     maximize: False     weight_decay: 0 )",CosineAnnealingLR ( T_max = 500 base_lrs = [0.0005] eta_min = 0 last_epoch = 0 optimizer = Adam() verbose = False ),4.934785965721161e-9,500,0.006080248816808065,0.9952,0.1549070544242859,0.793
16,models.gitresnet_ee resnet18,cifar100_train,cifar100_val,10,"[ToTensor(), RandomHorizontalFlip(p=0.5), RandomRotation(degrees=[0.0, 360.0], interpolation=nearest, expand=False, fill=0)]",[ToTensor()],5000,1000,500,0.0005,128,40,32,16,4,3.4160864,1.6766652,1.2691207,2805864,CrossEntropyLoss(),"Adam ( Parameter Group 0     amsgrad: False     betas: (0.9, 0.999)     capturable: False     differentiable: False     eps: 1e-08     foreach: None     fused: None     initial_lr: 0.0005     lr: 0.0005     maximize: False     weight_decay: 0 )",CosineAnnealingLR ( T_max = 500 base_lrs = [0.0005] eta_min = 0 last_epoch = 0 optimizer = Adam() verbose = False ),4.934785965721161e-9,500,0.003383535095055898,0.9964,0.17933462858200072,0.767
17,models.gitresnet_ee resnet18,cifar100_train,cifar100_val,10,"[ToTensor(), RandomHorizontalFlip(p=0.5), RandomRotation(degrees=[0.0, 360.0], interpolation=nearest, expand=False, fill=0)]",[ToTensor()],5000,1000,500,0.0005,128,40,32,32,1,3.4160864,1.6766652,1.2691207,2797610,CrossEntropyLoss(),"Adam ( Parameter Group 0     amsgrad: False     betas: (0.9, 0.999)     capturable: False     differentiable: False     eps: 1e-08     foreach: None     fused: None     initial_lr: 0.0005     lr: 0.0005     maximize: False     weight_decay: 0 )",CosineAnnealingLR ( T_max = 500 base_lrs = [0.0005] eta_min = 0 last_epoch = 0 optimizer = Adam() verbose = False ),4.934785965721161e-9,500,0.001631507561604182,0.9988,0.22711773490905762,0.762
18,models.gitresnet_ee resnet18,cifar100_train,cifar100_val,10,"[ToTensor(), RandomHorizontalFlip(p=0.5), RandomRotation(degrees=[0.0, 360.0], interpolation=nearest, expand=False, fill=0)]",[ToTensor()],5000,1000,500,0.0005,128,40,32,1,1024,3.5593963,1.6216915,0.4788564,3062784,CrossEntropyLoss(),"Adam ( Parameter Group 0     amsgrad: False     betas: (0.9, 0.999)     capturable: False     differentiable: False     eps: 1e-08     foreach: None     fused: None     initial_lr: 0.0005     lr: 0.0005     maximize: False     weight_decay: 0 )",CosineAnnealingLR ( T_max = 500 base_lrs = [0.0005] eta_min = 0 last_epoch = 0 optimizer = Adam() verbose = False ),4.934785965721161e-9,500,0.05388758233388265,0.9286,0.13627538291613261,0.706
19,models.gitresnet_ee resnet18,cifar100_train,cifar100_val,10,"[ToTensor(), RandomHorizontalFlip(p=0.5), RandomRotation(degrees=[0.0, 360.0], interpolation=nearest, expand=False, fill=0)]",[ToTensor()],5000,1000,500,0.0005,128,40,32,2,256,3.5593963,1.6216915,0.4788564,2923520,CrossEntropyLoss(),"Adam ( Parameter Group 0     amsgrad: False     betas: (0.9, 0.999)     capturable: False     differentiable: False     eps: 1e-08     foreach: None     fused: None     initial_lr: 0.0005     lr: 0.0005     maximize: False     weight_decay: 0 )",CosineAnnealingLR ( T_max = 500 base_lrs = [0.0005] eta_min = 0 last_epoch = 0 optimizer = Adam() verbose = False ),4.934785965721161e-9,500,0.02386392431259155,0.9784,0.14888733116785685,0.713
20,models.gitresnet_ee resnet18,cifar100_train,cifar100_val,10,"[ToTensor(), RandomHorizontalFlip(p=0.5), RandomRotation(degrees=[0.0, 360.0], interpolation=nearest, expand=False, fill=0)]",[ToTensor()],5000,1000,500,0.0005,128,40,32,4,64,3.5593963,1.6216915,0.4788564,2855808,CrossEntropyLoss(),"Adam ( Parameter Group 0     amsgrad: False     betas: (0.9, 0.999)     capturable: False     differentiable: False     eps: 1e-08     foreach: None     fused: None     initial_lr: 0.0005     lr: 0.0005     maximize: False     weight_decay: 0 )",CosineAnnealingLR ( T_max = 500 base_lrs = [0.0005] eta_min = 0 last_epoch = 0 optimizer = Adam() verbose = False ),4.934785965721161e-9,500,0.016239966146151225,0.983,0.17351554608345032,0.714
21,models.gitresnet_ee resnet18,cifar100_train,cifar100_val,10,"[ToTensor(), RandomHorizontalFlip(p=0.5), RandomRotation(degrees=[0.0, 360.0], interpolation=nearest, expand=False, fill=0)]",[ToTensor()],5000,1000,500,0.0005,128,40,32,8,16,3.5593963,1.6216915,0.4788564,2822432,CrossEntropyLoss(),"Adam ( Parameter Group 0     amsgrad: False     betas: (0.9, 0.999)     capturable: False     differentiable: False     eps: 1e-08     foreach: None     fused: None     initial_lr: 0.0005     lr: 0.0005     maximize: False     weight_decay: 0 )",CosineAnnealingLR ( T_max = 500 base_lrs = [0.0005] eta_min = 0 last_epoch = 0 optimizer = Adam() verbose = False ),4.934785965721161e-9,500,0.008356936438878377,0.9916,0.19573700920740764,0.712
22,models.gitresnet_ee resnet18,cifar100_train,cifar100_val,10,"[ToTensor(), RandomHorizontalFlip(p=0.5), RandomRotation(degrees=[0.0, 360.0], interpolation=nearest, expand=False, fill=0)]",[ToTensor()],5000,1000,500,0.0005,128,40,32,16,4,3.5593963,1.6216915,0.4788564,2805864,CrossEntropyLoss(),"Adam ( Parameter Group 0     amsgrad: False     betas: (0.9, 0.999)     capturable: False     differentiable: False     eps: 1e-08     foreach: None     fused: None     initial_lr: 0.0005     lr: 0.0005     maximize: False     weight_decay: 0 )",CosineAnnealingLR ( T_max = 500 base_lrs = [0.0005] eta_min = 0 last_epoch = 0 optimizer = Adam() verbose = False ),4.934785965721161e-9,500,0.002933833924929301,0.999,0.2326056563059489,0.699
23,models.gitresnet_ee resnet18,cifar100_train,cifar100_val,10,"[ToTensor(), RandomHorizontalFlip(p=0.5), RandomRotation(degrees=[0.0, 360.0], interpolation=nearest, expand=False, fill=0)]",[ToTensor()],5000,1000,500,0.0005,128,40,32,32,1,3.5593963,1.6216915,0.4788564,2797610,CrossEntropyLoss(),"Adam ( Parameter Group 0     amsgrad: False     betas: (0.9, 0.999)     capturable: False     differentiable: False     eps: 1e-08     foreach: None     fused: None     initial_lr: 0.0005     lr: 0.0005     maximize: False     weight_decay: 0 )",CosineAnnealingLR ( T_max = 500 base_lrs = [0.0005] eta_min = 0 last_epoch = 0 optimizer = Adam() verbose = False ),4.934785965721161e-9,500,0.0018582947288950285,0.9982,0.3289976347287496,0.671
24,models.gitresnet_ee resnet18,cifar100_train,cifar100_val,10,"[ToTensor(), RandomHorizontalFlip(p=0.5), RandomRotation(degrees=[0.0, 360.0], interpolation=nearest, expand=False, fill=0)]",[ToTensor()],5000,1000,500,0.0005,128,40,32,1,1024,3.9470663,1.7353678,0.68405455,3062784,CrossEntropyLoss(),"Adam ( Parameter Group 0     amsgrad: False     betas: (0.9, 0.999)     capturable: False     differentiable: False     eps: 1e-08     foreach: None     fused: None     initial_lr: 0.0005     lr: 0.0005     maximize: False     weight_decay: 0 )",CosineAnnealingLR ( T_max = 500 base_lrs = [0.0005] eta_min = 0 last_epoch = 0 optimizer = Adam() verbose = False ),4.934785965721161e-9,500,0.05201088062127431,0.9296,0.11356697241465251,0.779
25,models.gitresnet_ee resnet18,cifar100_train,cifar100_val,10,"[ToTensor(), RandomHorizontalFlip(p=0.5), RandomRotation(degrees=[0.0, 360.0], interpolation=nearest, expand=False, fill=0)]",[ToTensor()],5000,1000,500,0.0005,128,40,32,2,256,3.9470663,1.7353678,0.68405455,2923520,CrossEntropyLoss(),"Adam ( Parameter Group 0     amsgrad: False     betas: (0.9, 0.999)     capturable: False     differentiable: False     eps: 1e-08     foreach: None     fused: None     initial_lr: 0.0005     lr: 0.0005     maximize: False     weight_decay: 0 )",CosineAnnealingLR ( T_max = 500 base_lrs = [0.0005] eta_min = 0 last_epoch = 0 optimizer = Adam() verbose = False ),4.934785965721161e-9,500,0.02450868886311849,0.9774,0.11875688592592876,0.78
26,models.gitresnet_ee resnet18,cifar100_train,cifar100_val,10,"[ToTensor(), RandomHorizontalFlip(p=0.5), RandomRotation(degrees=[0.0, 360.0], interpolation=nearest, expand=False, fill=0)]",[ToTensor()],5000,1000,500,0.0005,128,40,32,4,64,3.9470663,1.7353678,0.68405455,2855808,CrossEntropyLoss(),"Adam ( Parameter Group 0     amsgrad: False     betas: (0.9, 0.999)     capturable: False     differentiable: False     eps: 1e-08     foreach: None     fused: None     initial_lr: 0.0005     lr: 0.0005     maximize: False     weight_decay: 0 )",CosineAnnealingLR ( T_max = 500 base_lrs = [0.0005] eta_min = 0 last_epoch = 0 optimizer = Adam() verbose = False ),4.934785965721161e-9,500,0.016202316292126973,0.9826,0.14140918445587158,0.766
27,models.gitresnet_ee resnet18,cifar100_train,cifar100_val,10,"[ToTensor(), RandomHorizontalFlip(p=0.5), RandomRotation(degrees=[0.0, 360.0], interpolation=nearest, expand=False, fill=0)]",[ToTensor()],5000,1000,500,0.0005,128,40,32,8,16,3.9470663,1.7353678,0.68405455,2822432,CrossEntropyLoss(),"Adam ( Parameter Group 0     amsgrad: False     betas: (0.9, 0.999)     capturable: False     differentiable: False     eps: 1e-08     foreach: None     fused: None     initial_lr: 0.0005     lr: 0.0005     maximize: False     weight_decay: 0 )",CosineAnnealingLR ( T_max = 500 base_lrs = [0.0005] eta_min = 0 last_epoch = 0 optimizer = Adam() verbose = False ),4.934785965721161e-9,500,0.008429002211491267,0.9932,0.16819544649124146,0.758
28,models.gitresnet_ee resnet18,cifar100_train,cifar100_val,10,"[ToTensor(), RandomHorizontalFlip(p=0.5), RandomRotation(degrees=[0.0, 360.0], interpolation=nearest, expand=False, fill=0)]",[ToTensor()],5000,1000,500,0.0005,128,40,32,16,4,3.9470663,1.7353678,0.68405455,2805864,CrossEntropyLoss(),"Adam ( Parameter Group 0     amsgrad: False     betas: (0.9, 0.999)     capturable: False     differentiable: False     eps: 1e-08     foreach: None     fused: None     initial_lr: 0.0005     lr: 0.0005     maximize: False     weight_decay: 0 )",CosineAnnealingLR ( T_max = 500 base_lrs = [0.0005] eta_min = 0 last_epoch = 0 optimizer = Adam() verbose = False ),4.934785965721161e-9,500,0.0032217025051514306,0.998,0.19123632653554282,0.748
29,models.gitresnet_ee resnet18,cifar100_train,cifar100_val,10,"[ToTensor(), RandomHorizontalFlip(p=0.5), RandomRotation(degrees=[0.0, 360.0], interpolation=nearest, expand=False, fill=0)]",[ToTensor()],5000,1000,500,0.0005,128,40,32,32,1,3.9470663,1.7353678,0.68405455,2797610,CrossEntropyLoss(),"Adam ( Parameter Group 0     amsgrad: False     betas: (0.9, 0.999)     capturable: False     differentiable: False     eps: 1e-08     foreach: None     fused: None     initial_lr: 0.0005     lr: 0.0005     maximize: False     weight_decay: 0 )",CosineAnnealingLR ( T_max = 500 base_lrs = [0.0005] eta_min = 0 last_epoch = 0 optimizer = Adam() verbose = False ),4.934785965721161e-9,500,0.0016994122465451558,0.999,0.23481107584635416,0.749
30,models.gitresnet_ee resnet18,cifar100_train,cifar100_val,10,"[ToTensor(), RandomHorizontalFlip(p=0.5), RandomRotation(degrees=[0.0, 360.0], interpolation=nearest, expand=False, fill=0)]",[ToTensor()],5000,1000,500,0.0005,128,40,32,1,1024,2.4531279,1.3928648,0.5903765,3062784,CrossEntropyLoss(),"Adam ( Parameter Group 0     amsgrad: False     betas: (0.9, 0.999)     capturable: False     differentiable: False     eps: 1e-08     foreach: None     fused: None     initial_lr: 0.0005     lr: 0.0005     maximize: False     weight_decay: 0 )",CosineAnnealingLR ( T_max = 500 base_lrs = [0.0005] eta_min = 0 last_epoch = 0 optimizer = Adam() verbose = False ),4.934785965721161e-9,500,0.0584746631304423,0.9196,0.12869441652297975,0.717
31,models.gitresnet_ee resnet18,cifar100_train,cifar100_val,10,"[ToTensor(), RandomHorizontalFlip(p=0.5), RandomRotation(degrees=[0.0, 360.0], interpolation=nearest, expand=False, fill=0)]",[ToTensor()],5000,1000,500,0.0005,128,40,32,2,256,2.4531279,1.3928648,0.5903765,2923520,CrossEntropyLoss(),"Adam ( Parameter Group 0     amsgrad: False     betas: (0.9, 0.999)     capturable: False     differentiable: False     eps: 1e-08     foreach: None     fused: None     initial_lr: 0.0005     lr: 0.0005     maximize: False     weight_decay: 0 )",CosineAnnealingLR ( T_max = 500 base_lrs = [0.0005] eta_min = 0 last_epoch = 0 optimizer = Adam() verbose = False ),4.934785965721161e-9,500,0.02845436903635661,0.967,0.14079235617319744,0.719
32,models.gitresnet_ee resnet18,cifar100_train,cifar100_val,10,"[ToTensor(), RandomHorizontalFlip(p=0.5), RandomRotation(degrees=[0.0, 360.0], interpolation=nearest, expand=False, fill=0)]",[ToTensor()],5000,1000,500,0.0005,128,40,32,4,64,2.4531279,1.3928648,0.5903765,2855808,CrossEntropyLoss(),"Adam ( Parameter Group 0     amsgrad: False     betas: (0.9, 0.999)     capturable: False     differentiable: False     eps: 1e-08     foreach: None     fused: None     initial_lr: 0.0005     lr: 0.0005     maximize: False     weight_decay: 0 )",CosineAnnealingLR ( T_max = 500 base_lrs = [0.0005] eta_min = 0 last_epoch = 0 optimizer = Adam() verbose = False ),4.934785965721161e-9,500,0.020015267419815064,0.9756,0.16905505228042603,0.705
33,models.gitresnet_ee resnet18,cifar100_train,cifar100_val,10,"[ToTensor(), RandomHorizontalFlip(p=0.5), RandomRotation(degrees=[0.0, 360.0], interpolation=nearest, expand=False, fill=0)]",[ToTensor()],5000,1000,500,0.0005,128,40,32,8,16,2.4531279,1.3928648,0.5903765,2822432,CrossEntropyLoss(),"Adam ( Parameter Group 0     amsgrad: False     betas: (0.9, 0.999)     capturable: False     differentiable: False     eps: 1e-08     foreach: None     fused: None     initial_lr: 0.0005     lr: 0.0005     maximize: False     weight_decay: 0 )",CosineAnnealingLR ( T_max = 500 base_lrs = [0.0005] eta_min = 0 last_epoch = 0 optimizer = Adam() verbose = False ),4.934785965721161e-9,500,0.009594854203859965,0.9904,0.16920379225413004,0.723
34,models.gitresnet_ee resnet18,cifar100_train,cifar100_val,10,"[ToTensor(), RandomHorizontalFlip(p=0.5), RandomRotation(degrees=[0.0, 360.0], interpolation=nearest, expand=False, fill=0)]",[ToTensor()],5000,1000,500,0.0005,128,40,32,16,4,2.4531279,1.3928648,0.5903765,2805864,CrossEntropyLoss(),"Adam ( Parameter Group 0     amsgrad: False     betas: (0.9, 0.999)     capturable: False     differentiable: False     eps: 1e-08     foreach: None     fused: None     initial_lr: 0.0005     lr: 0.0005     maximize: False     weight_decay: 0 )",CosineAnnealingLR ( T_max = 500 base_lrs = [0.0005] eta_min = 0 last_epoch = 0 optimizer = Adam() verbose = False ),4.934785965721161e-9,500,0.004287054518858592,0.9962,0.20644155963261923,0.726
35,models.gitresnet_ee resnet18,cifar100_train,cifar100_val,10,"[ToTensor(), RandomHorizontalFlip(p=0.5), RandomRotation(degrees=[0.0, 360.0], interpolation=nearest, expand=False, fill=0)]",[ToTensor()],5000,1000,500,0.0005,128,40,32,32,1,2.4531279,1.3928648,0.5903765,2797610,CrossEntropyLoss(),"Adam ( Parameter Group 0     amsgrad: False     betas: (0.9, 0.999)     capturable: False     differentiable: False     eps: 1e-08     foreach: None     fused: None     initial_lr: 0.0005     lr: 0.0005     maximize: False     weight_decay: 0 )",CosineAnnealingLR ( T_max = 500 base_lrs = [0.0005] eta_min = 0 last_epoch = 0 optimizer = Adam() verbose = False ),4.934785965721161e-9,500,0.0023136784146229428,0.9976,0.27005969460805257,0.7
36,models.gitresnet_ee resnet18,cifar100_train,cifar100_val,10,"[ToTensor(), RandomHorizontalFlip(p=0.5), RandomRotation(degrees=[0.0, 360.0], interpolation=nearest, expand=False, fill=0)]",[ToTensor()],5000,1000,500,0.0005,128,40,32,1,1024,2.2262645,1.3463582,0.6729288,3062784,CrossEntropyLoss(),"Adam ( Parameter Group 0     amsgrad: False     betas: (0.9, 0.999)     capturable: False     differentiable: False     eps: 1e-08     foreach: None     fused: None     initial_lr: 0.0005     lr: 0.0005     maximize: False     weight_decay: 0 )",CosineAnnealingLR ( T_max = 500 base_lrs = [0.0005] eta_min = 0 last_epoch = 0 optimizer = Adam() verbose = False ),4.934785965721161e-9,500,0.041024801842371623,0.9588,0.12115998856226604,0.756
37,models.gitresnet_ee resnet18,cifar100_train,cifar100_val,10,"[ToTensor(), RandomHorizontalFlip(p=0.5), RandomRotation(degrees=[0.0, 360.0], interpolation=nearest, expand=False, fill=0)]",[ToTensor()],5000,1000,500,0.0005,128,40,32,2,256,2.2262645,1.3463582,0.6729288,2923520,CrossEntropyLoss(),"Adam ( Parameter Group 0     amsgrad: False     betas: (0.9, 0.999)     capturable: False     differentiable: False     eps: 1e-08     foreach: None     fused: None     initial_lr: 0.0005     lr: 0.0005     maximize: False     weight_decay: 0 )",CosineAnnealingLR ( T_max = 500 base_lrs = [0.0005] eta_min = 0 last_epoch = 0 optimizer = Adam() verbose = False ),4.934785965721161e-9,500,0.017317033421993255,0.9852,0.13177245291074116,0.762
38,models.gitresnet_ee resnet18,cifar100_train,cifar100_val,10,"[ToTensor(), RandomHorizontalFlip(p=0.5), RandomRotation(degrees=[0.0, 360.0], interpolation=nearest, expand=False, fill=0)]",[ToTensor()],5000,1000,500,0.0005,128,40,32,4,64,2.2262645,1.3463582,0.6729288,2855808,CrossEntropyLoss(),"Adam ( Parameter Group 0     amsgrad: False     betas: (0.9, 0.999)     capturable: False     differentiable: False     eps: 1e-08     foreach: None     fused: None     initial_lr: 0.0005     lr: 0.0005     maximize: False     weight_decay: 0 )",CosineAnnealingLR ( T_max = 500 base_lrs = [0.0005] eta_min = 0 last_epoch = 0 optimizer = Adam() verbose = False ),4.934785965721161e-9,500,0.011253414448102315,0.9896,0.15304286615053814,0.752
39,models.gitresnet_ee resnet18,cifar100_train,cifar100_val,10,"[ToTensor(), RandomHorizontalFlip(p=0.5), RandomRotation(degrees=[0.0, 360.0], interpolation=nearest, expand=False, fill=0)]",[ToTensor()],5000,1000,500,0.0005,128,40,32,8,16,2.2262645,1.3463582,0.6729288,2822432,CrossEntropyLoss(),"Adam ( Parameter Group 0     amsgrad: False     betas: (0.9, 0.999)     capturable: False     differentiable: False     eps: 1e-08     foreach: None     fused: None     initial_lr: 0.0005     lr: 0.0005     maximize: False     weight_decay: 0 )",CosineAnnealingLR ( T_max = 500 base_lrs = [0.0005] eta_min = 0 last_epoch = 0 optimizer = Adam() verbose = False ),4.934785965721161e-9,500,0.0054647658601403235,0.9954,0.15852501304944355,0.759
40,models.gitresnet_ee resnet18,cifar100_train,cifar100_val,10,"[ToTensor(), RandomHorizontalFlip(p=0.5), RandomRotation(degrees=[0.0, 360.0], interpolation=nearest, expand=False, fill=0)]",[ToTensor()],5000,1000,500,0.0005,128,40,32,16,4,2.2262645,1.3463582,0.6729288,2805864,CrossEntropyLoss(),"Adam ( Parameter Group 0     amsgrad: False     betas: (0.9, 0.999)     capturable: False     differentiable: False     eps: 1e-08     foreach: None     fused: None     initial_lr: 0.0005     lr: 0.0005     maximize: False     weight_decay: 0 )",CosineAnnealingLR ( T_max = 500 base_lrs = [0.0005] eta_min = 0 last_epoch = 0 optimizer = Adam() verbose = False ),4.934785965721161e-9,500,0.002569256947437922,0.998,0.20263331762949627,0.738
41,models.gitresnet_ee resnet18,cifar100_train,cifar100_val,10,"[ToTensor(), RandomHorizontalFlip(p=0.5), RandomRotation(degrees=[0.0, 360.0], interpolation=nearest, expand=False, fill=0)]",[ToTensor()],5000,1000,500,0.0005,128,40,32,32,1,2.2262645,1.3463582,0.6729288,2797610,CrossEntropyLoss(),"Adam ( Parameter Group 0     amsgrad: False     betas: (0.9, 0.999)     capturable: False     differentiable: False     eps: 1e-08     foreach: None     fused: None     initial_lr: 0.0005     lr: 0.0005     maximize: False     weight_decay: 0 )",CosineAnnealingLR ( T_max = 500 base_lrs = [0.0005] eta_min = 0 last_epoch = 0 optimizer = Adam() verbose = False ),4.934785965721161e-9,500,0.0013406460881233216,0.9992,0.22326641623179116,0.754
42,models.gitresnet_ee resnet18,cifar100_train,cifar100_val,10,"[ToTensor(), RandomHorizontalFlip(p=0.5), RandomRotation(degrees=[0.0, 360.0], interpolation=nearest, expand=False, fill=0)]",[ToTensor()],5000,1000,500,0.0005,128,40,32,1,1024,2.0113533,1.2456293,0.49972215,3062784,CrossEntropyLoss(),"Adam ( Parameter Group 0     amsgrad: False     betas: (0.9, 0.999)     capturable: False     differentiable: False     eps: 1e-08     foreach: None     fused: None     initial_lr: 0.0005     lr: 0.0005     maximize: False     weight_decay: 0 )",CosineAnnealingLR ( T_max = 500 base_lrs = [0.0005] eta_min = 0 last_epoch = 0 optimizer = Adam() verbose = False ),4.934785965721161e-9,500,0.1019357006072998,0.8462,0.20267659187316894,0.553
43,models.gitresnet_ee resnet18,cifar100_train,cifar100_val,10,"[ToTensor(), RandomHorizontalFlip(p=0.5), RandomRotation(degrees=[0.0, 360.0], interpolation=nearest, expand=False, fill=0)]",[ToTensor()],5000,1000,500,0.0005,128,40,32,2,256,2.0113533,1.2456293,0.49972215,2923520,CrossEntropyLoss(),"Adam ( Parameter Group 0     amsgrad: False     betas: (0.9, 0.999)     capturable: False     differentiable: False     eps: 1e-08     foreach: None     fused: None     initial_lr: 0.0005     lr: 0.0005     maximize: False     weight_decay: 0 )",CosineAnnealingLR ( T_max = 500 base_lrs = [0.0005] eta_min = 0 last_epoch = 0 optimizer = Adam() verbose = False ),4.934785965721161e-9,500,0.04967134313583374,0.9448,0.23425625292460123,0.537
44,models.gitresnet_ee resnet18,cifar100_train,cifar100_val,10,"[ToTensor(), RandomHorizontalFlip(p=0.5), RandomRotation(degrees=[0.0, 360.0], interpolation=nearest, expand=False, fill=0)]",[ToTensor()],5000,1000,500,0.0005,128,40,32,4,64,2.0113533,1.2456293,0.49972215,2855808,CrossEntropyLoss(),"Adam ( Parameter Group 0     amsgrad: False     betas: (0.9, 0.999)     capturable: False     differentiable: False     eps: 1e-08     foreach: None     fused: None     initial_lr: 0.0005     lr: 0.0005     maximize: False     weight_decay: 0 )",CosineAnnealingLR ( T_max = 500 base_lrs = [0.0005] eta_min = 0 last_epoch = 0 optimizer = Adam() verbose = False ),4.934785965721161e-9,500,0.033752870353062944,0.9564,0.27517123937606813,0.523
45,models.gitresnet_ee resnet18,cifar100_train,cifar100_val,10,"[ToTensor(), RandomHorizontalFlip(p=0.5), RandomRotation(degrees=[0.0, 360.0], interpolation=nearest, expand=False, fill=0)]",[ToTensor()],5000,1000,500,0.0005,128,40,32,8,16,2.0113533,1.2456293,0.49972215,2822432,CrossEntropyLoss(),"Adam ( Parameter Group 0     amsgrad: False     betas: (0.9, 0.999)     capturable: False     differentiable: False     eps: 1e-08     foreach: None     fused: None     initial_lr: 0.0005     lr: 0.0005     maximize: False     weight_decay: 0 )",CosineAnnealingLR ( T_max = 500 base_lrs = [0.0005] eta_min = 0 last_epoch = 0 optimizer = Adam() verbose = False ),4.934785965721161e-9,500,0.015065989798307419,0.987,0.322521009127299,0.524
46,models.gitresnet_ee resnet18,cifar100_train,cifar100_val,10,"[ToTensor(), RandomHorizontalFlip(p=0.5), RandomRotation(degrees=[0.0, 360.0], interpolation=nearest, expand=False, fill=0)]",[ToTensor()],5000,1000,500,0.0005,128,40,32,16,4,2.0113533,1.2456293,0.49972215,2805864,CrossEntropyLoss(),"Adam ( Parameter Group 0     amsgrad: False     betas: (0.9, 0.999)     capturable: False     differentiable: False     eps: 1e-08     foreach: None     fused: None     initial_lr: 0.0005     lr: 0.0005     maximize: False     weight_decay: 0 )",CosineAnnealingLR ( T_max = 500 base_lrs = [0.0005] eta_min = 0 last_epoch = 0 optimizer = Adam() verbose = False ),4.934785965721161e-9,500,0.004770497826735179,0.9972,0.4025988076527913,0.531
47,models.gitresnet_ee resnet18,cifar100_train,cifar100_val,10,"[ToTensor(), RandomHorizontalFlip(p=0.5), RandomRotation(degrees=[0.0, 360.0], interpolation=nearest, expand=False, fill=0)]",[ToTensor()],5000,1000,500,0.0005,128,40,32,32,1,2.0113533,1.2456293,0.49972215,2797610,CrossEntropyLoss(),"Adam ( Parameter Group 0     amsgrad: False     betas: (0.9, 0.999)     capturable: False     differentiable: False     eps: 1e-08     foreach: None     fused: None     initial_lr: 0.0005     lr: 0.0005     maximize: False     weight_decay: 0 )",CosineAnnealingLR ( T_max = 500 base_lrs = [0.0005] eta_min = 0 last_epoch = 0 optimizer = Adam() verbose = False ),4.934785965721161e-9,500,0.0026122313459714256,0.9978,0.4993591864903768,0.501
48,models.gitresnet_ee resnet18,cifar100_train,cifar100_val,10,"[ToTensor(), RandomHorizontalFlip(p=0.5), RandomRotation(degrees=[0.0, 360.0], interpolation=nearest, expand=False, fill=0)]",[ToTensor()],5000,1000,500,0.0005,128,40,32,1,1024,2.8623824,1.4786506,0.51254267,3062784,CrossEntropyLoss(),"Adam ( Parameter Group 0     amsgrad: False     betas: (0.9, 0.999)     capturable: False     differentiable: False     eps: 1e-08     foreach: None     fused: None     initial_lr: 0.0005     lr: 0.0005     maximize: False     weight_decay: 0 )",CosineAnnealingLR ( T_max = 500 base_lrs = [0.0005] eta_min = 0 last_epoch = 0 optimizer = Adam() verbose = False ),4.934785965721161e-9,500,0.0750937468846639,0.8838,0.16140394377708436,0.649
49,models.gitresnet_ee resnet18,cifar100_train,cifar100_val,10,"[ToTensor(), RandomHorizontalFlip(p=0.5), RandomRotation(degrees=[0.0, 360.0], interpolation=nearest, expand=False, fill=0)]",[ToTensor()],5000,1000,500,0.0005,128,40,32,2,256,2.8623824,1.4786506,0.51254267,2923520,CrossEntropyLoss(),"Adam ( Parameter Group 0     amsgrad: False     betas: (0.9, 0.999)     capturable: False     differentiable: False     eps: 1e-08     foreach: None     fused: None     initial_lr: 0.0005     lr: 0.0005     maximize: False     weight_decay: 0 )",CosineAnnealingLR ( T_max = 500 base_lrs = [0.0005] eta_min = 0 last_epoch = 0 optimizer = Adam() verbose = False ),4.934785965721161e-9,500,0.03738227790196737,0.9564,0.17478529167175294,0.649
50,models.gitresnet_ee resnet18,cifar100_train,cifar100_val,10,"[ToTensor(), RandomHorizontalFlip(p=0.5), RandomRotation(degrees=[0.0, 360.0], interpolation=nearest, expand=False, fill=0)]",[ToTensor()],5000,1000,500,0.0005,128,40,32,4,64,2.8623824,1.4786506,0.51254267,2855808,CrossEntropyLoss(),"Adam ( Parameter Group 0     amsgrad: False     betas: (0.9, 0.999)     capturable: False     differentiable: False     eps: 1e-08     foreach: None     fused: None     initial_lr: 0.0005     lr: 0.0005     maximize: False     weight_decay: 0 )",CosineAnnealingLR ( T_max = 500 base_lrs = [0.0005] eta_min = 0 last_epoch = 0 optimizer = Adam() verbose = False ),4.934785965721161e-9,500,0.024082687282562257,0.9756,0.21148764975865683,0.608
51,models.gitresnet_ee resnet18,cifar100_train,cifar100_val,10,"[ToTensor(), RandomHorizontalFlip(p=0.5), RandomRotation(degrees=[0.0, 360.0], interpolation=nearest, expand=False, fill=0)]",[ToTensor()],5000,1000,500,0.0005,128,40,32,8,16,2.8623824,1.4786506,0.51254267,2822432,CrossEntropyLoss(),"Adam ( Parameter Group 0     amsgrad: False     betas: (0.9, 0.999)     capturable: False     differentiable: False     eps: 1e-08     foreach: None     fused: None     initial_lr: 0.0005     lr: 0.0005     maximize: False     weight_decay: 0 )",CosineAnnealingLR ( T_max = 500 base_lrs = [0.0005] eta_min = 0 last_epoch = 0 optimizer = Adam() verbose = False ),4.934785965721161e-9,500,0.012812439219156901,0.9894,0.2508338974316915,0.603
52,models.gitresnet_ee resnet18,cifar100_train,cifar100_val,10,"[ToTensor(), RandomHorizontalFlip(p=0.5), RandomRotation(degrees=[0.0, 360.0], interpolation=nearest, expand=False, fill=0)]",[ToTensor()],5000,1000,500,0.0005,128,40,32,16,4,2.8623824,1.4786506,0.51254267,2805864,CrossEntropyLoss(),"Adam ( Parameter Group 0     amsgrad: False     betas: (0.9, 0.999)     capturable: False     differentiable: False     eps: 1e-08     foreach: None     fused: None     initial_lr: 0.0005     lr: 0.0005     maximize: False     weight_decay: 0 )",CosineAnnealingLR ( T_max = 500 base_lrs = [0.0005] eta_min = 0 last_epoch = 0 optimizer = Adam() verbose = False ),4.934785965721161e-9,500,0.004483614548047384,0.9966,0.28782081270217896,0.625
53,models.gitresnet_ee resnet18,cifar100_train,cifar100_val,10,"[ToTensor(), RandomHorizontalFlip(p=0.5), RandomRotation(degrees=[0.0, 360.0], interpolation=nearest, expand=False, fill=0)]",[ToTensor()],5000,1000,500,0.0005,128,40,32,32,1,2.8623824,1.4786506,0.51254267,2797610,CrossEntropyLoss(),"Adam ( Parameter Group 0     amsgrad: False     betas: (0.9, 0.999)     capturable: False     differentiable: False     eps: 1e-08     foreach: None     fused: None     initial_lr: 0.0005     lr: 0.0005     maximize: False     weight_decay: 0 )",CosineAnnealingLR ( T_max = 500 base_lrs = [0.0005] eta_min = 0 last_epoch = 0 optimizer = Adam() verbose = False ),4.934785965721161e-9,500,0.002619224468866984,0.9982,0.4022352765401204,0.596
54,models.gitresnet_ee resnet18,cifar100_train,cifar100_val,10,"[ToTensor(), RandomHorizontalFlip(p=0.5), RandomRotation(degrees=[0.0, 360.0], interpolation=nearest, expand=False, fill=0)]",[ToTensor()],5000,1000,500,0.0005,128,40,32,1,1024,1.3835821,1.0652537,0.42158264,3062784,CrossEntropyLoss(),"Adam ( Parameter Group 0     amsgrad: False     betas: (0.9, 0.999)     capturable: False     differentiable: False     eps: 1e-08     foreach: None     fused: None     initial_lr: 0.0005     lr: 0.0005     maximize: False     weight_decay: 0 )",CosineAnnealingLR ( T_max = 500 base_lrs = [0.0005] eta_min = 0 last_epoch = 0 optimizer = Adam() verbose = False ),4.934785965721161e-9,500,0.06223731260299683,0.9148,0.13135694098472595,0.732
55,models.gitresnet_ee resnet18,cifar100_train,cifar100_val,10,"[ToTensor(), RandomHorizontalFlip(p=0.5), RandomRotation(degrees=[0.0, 360.0], interpolation=nearest, expand=False, fill=0)]",[ToTensor()],5000,1000,500,0.0005,128,40,32,2,256,1.3835821,1.0652537,0.42158264,2923520,CrossEntropyLoss(),"Adam ( Parameter Group 0     amsgrad: False     betas: (0.9, 0.999)     capturable: False     differentiable: False     eps: 1e-08     foreach: None     fused: None     initial_lr: 0.0005     lr: 0.0005     maximize: False     weight_decay: 0 )",CosineAnnealingLR ( T_max = 500 base_lrs = [0.0005] eta_min = 0 last_epoch = 0 optimizer = Adam() verbose = False ),4.934785965721161e-9,500,0.02865315012931824,0.9736,0.1476011521021525,0.719
56,models.gitresnet_ee resnet18,cifar100_train,cifar100_val,10,"[ToTensor(), RandomHorizontalFlip(p=0.5), RandomRotation(degrees=[0.0, 360.0], interpolation=nearest, expand=False, fill=0)]",[ToTensor()],5000,1000,500,0.0005,128,40,32,4,64,1.3835821,1.0652537,0.42158264,2855808,CrossEntropyLoss(),"Adam ( Parameter Group 0     amsgrad: False     betas: (0.9, 0.999)     capturable: False     differentiable: False     eps: 1e-08     foreach: None     fused: None     initial_lr: 0.0005     lr: 0.0005     maximize: False     weight_decay: 0 )",CosineAnnealingLR ( T_max = 500 base_lrs = [0.0005] eta_min = 0 last_epoch = 0 optimizer = Adam() verbose = False ),4.934785965721161e-9,500,0.019255108245213825,0.9774,0.1833257336616516,0.701
57,models.gitresnet_ee resnet18,cifar100_train,cifar100_val,10,"[ToTensor(), RandomHorizontalFlip(p=0.5), RandomRotation(degrees=[0.0, 360.0], interpolation=nearest, expand=False, fill=0)]",[ToTensor()],5000,1000,500,0.0005,128,40,32,8,16,1.3835821,1.0652537,0.42158264,2822432,CrossEntropyLoss(),"Adam ( Parameter Group 0     amsgrad: False     betas: (0.9, 0.999)     capturable: False     differentiable: False     eps: 1e-08     foreach: None     fused: None     initial_lr: 0.0005     lr: 0.0005     maximize: False     weight_decay: 0 )",CosineAnnealingLR ( T_max = 500 base_lrs = [0.0005] eta_min = 0 last_epoch = 0 optimizer = Adam() verbose = False ),4.934785965721161e-9,500,0.008750734893480936,0.9914,0.1975026224454244,0.693
58,models.gitresnet_ee resnet18,cifar100_train,cifar100_val,10,"[ToTensor(), RandomHorizontalFlip(p=0.5), RandomRotation(degrees=[0.0, 360.0], interpolation=nearest, expand=False, fill=0)]",[ToTensor()],5000,1000,500,0.0005,128,40,32,16,4,1.3835821,1.0652537,0.42158264,2805864,CrossEntropyLoss(),"Adam ( Parameter Group 0     amsgrad: False     betas: (0.9, 0.999)     capturable: False     differentiable: False     eps: 1e-08     foreach: None     fused: None     initial_lr: 0.0005     lr: 0.0005     maximize: False     weight_decay: 0 )",CosineAnnealingLR ( T_max = 500 base_lrs = [0.0005] eta_min = 0 last_epoch = 0 optimizer = Adam() verbose = False ),4.934785965721161e-9,500,0.00352942552169164,0.997,0.24263519779841106,0.685
59,models.gitresnet_ee resnet18,cifar100_train,cifar100_val,10,"[ToTensor(), RandomHorizontalFlip(p=0.5), RandomRotation(degrees=[0.0, 360.0], interpolation=nearest, expand=False, fill=0)]",[ToTensor()],5000,1000,500,0.0005,128,40,32,32,1,1.3835821,1.0652537,0.42158264,2797610,CrossEntropyLoss(),"Adam ( Parameter Group 0     amsgrad: False     betas: (0.9, 0.999)     capturable: False     differentiable: False     eps: 1e-08     foreach: None     fused: None     initial_lr: 0.0005     lr: 0.0005     maximize: False     weight_decay: 0 )",CosineAnnealingLR ( T_max = 500 base_lrs = [0.0005] eta_min = 0 last_epoch = 0 optimizer = Adam() verbose = False ),4.934785965721161e-9,500,0.0019790173918008804,0.9988,0.33249919589360555,0.648
60,models.gitresnet_ee resnet18,cifar100_train,cifar100_val,10,"[ToTensor(), RandomHorizontalFlip(p=0.5), RandomRotation(degrees=[0.0, 360.0], interpolation=nearest, expand=False, fill=0)]",[ToTensor()],5000,1000,500,0.0005,128,40,32,1,1024,4.483821,1.9510405,1.5309842,3062784,CrossEntropyLoss(),"Adam ( Parameter Group 0     amsgrad: False     betas: (0.9, 0.999)     capturable: False     differentiable: False     eps: 1e-08     foreach: None     fused: None     initial_lr: 0.0005     lr: 0.0005     maximize: False     weight_decay: 0 )",CosineAnnealingLR ( T_max = 500 base_lrs = [0.0005] eta_min = 0 last_epoch = 0 optimizer = Adam() verbose = False ),4.934785965721161e-9,500,0.0276032284895579,0.9692,0.07638800879319509,0.839
61,models.gitresnet_ee resnet18,cifar100_train,cifar100_val,10,"[ToTensor(), RandomHorizontalFlip(p=0.5), RandomRotation(degrees=[0.0, 360.0], interpolation=nearest, expand=False, fill=0)]",[ToTensor()],5000,1000,500,0.0005,128,40,32,2,256,4.483821,1.9510405,1.5309842,2923520,CrossEntropyLoss(),"Adam ( Parameter Group 0     amsgrad: False     betas: (0.9, 0.999)     capturable: False     differentiable: False     eps: 1e-08     foreach: None     fused: None     initial_lr: 0.0005     lr: 0.0005     maximize: False     weight_decay: 0 )",CosineAnnealingLR ( T_max = 500 base_lrs = [0.0005] eta_min = 0 last_epoch = 0 optimizer = Adam() verbose = False ),4.934785965721161e-9,500,0.012514511998494467,0.9902,0.08433956340948741,0.828
62,models.gitresnet_ee resnet18,cifar100_train,cifar100_val,10,"[ToTensor(), RandomHorizontalFlip(p=0.5), RandomRotation(degrees=[0.0, 360.0], interpolation=nearest, expand=False, fill=0)]",[ToTensor()],5000,1000,500,0.0005,128,40,32,4,64,4.483821,1.9510405,1.5309842,2855808,CrossEntropyLoss(),"Adam ( Parameter Group 0     amsgrad: False     betas: (0.9, 0.999)     capturable: False     differentiable: False     eps: 1e-08     foreach: None     fused: None     initial_lr: 0.0005     lr: 0.0005     maximize: False     weight_decay: 0 )",CosineAnnealingLR ( T_max = 500 base_lrs = [0.0005] eta_min = 0 last_epoch = 0 optimizer = Adam() verbose = False ),4.934785965721161e-9,500,0.008734368586540222,0.9916,0.09604359511534373,0.829
63,models.gitresnet_ee resnet18,cifar100_train,cifar100_val,10,"[ToTensor(), RandomHorizontalFlip(p=0.5), RandomRotation(degrees=[0.0, 360.0], interpolation=nearest, expand=False, fill=0)]",[ToTensor()],5000,1000,500,0.0005,128,40,32,8,16,4.483821,1.9510405,1.5309842,2822432,CrossEntropyLoss(),"Adam ( Parameter Group 0     amsgrad: False     betas: (0.9, 0.999)     capturable: False     differentiable: False     eps: 1e-08     foreach: None     fused: None     initial_lr: 0.0005     lr: 0.0005     maximize: False     weight_decay: 0 )",CosineAnnealingLR ( T_max = 500 base_lrs = [0.0005] eta_min = 0 last_epoch = 0 optimizer = Adam() verbose = False ),4.934785965721161e-9,500,0.0043081236203511555,0.9968,0.1171784869035085,0.811
64,models.gitresnet_ee resnet18,cifar100_train,cifar100_val,10,"[ToTensor(), RandomHorizontalFlip(p=0.5), RandomRotation(degrees=[0.0, 360.0], interpolation=nearest, expand=False, fill=0)]",[ToTensor()],5000,1000,500,0.0005,128,40,32,16,4,4.483821,1.9510405,1.5309842,2805864,CrossEntropyLoss(),"Adam ( Parameter Group 0     amsgrad: False     betas: (0.9, 0.999)     capturable: False     differentiable: False     eps: 1e-08     foreach: None     fused: None     initial_lr: 0.0005     lr: 0.0005     maximize: False     weight_decay: 0 )",CosineAnnealingLR ( T_max = 500 base_lrs = [0.0005] eta_min = 0 last_epoch = 0 optimizer = Adam() verbose = False ),4.934785965721161e-9,500,0.0020867515633503594,0.999,0.12617753966649373,0.826
65,models.gitresnet_ee resnet18,cifar100_train,cifar100_val,10,"[ToTensor(), RandomHorizontalFlip(p=0.5), RandomRotation(degrees=[0.0, 360.0], interpolation=nearest, expand=False, fill=0)]",[ToTensor()],5000,1000,500,0.0005,128,40,32,32,1,4.483821,1.9510405,1.5309842,2797610,CrossEntropyLoss(),"Adam ( Parameter Group 0     amsgrad: False     betas: (0.9, 0.999)     capturable: False     differentiable: False     eps: 1e-08     foreach: None     fused: None     initial_lr: 0.0005     lr: 0.0005     maximize: False     weight_decay: 0 )",CosineAnnealingLR ( T_max = 500 base_lrs = [0.0005] eta_min = 0 last_epoch = 0 optimizer = Adam() verbose = False ),4.934785965721161e-9,500,0.0013716053679585457,0.9982,0.16170897754033406,0.824
66,models.gitresnet_ee resnet18,cifar100_train,cifar100_val,10,"[ToTensor(), RandomHorizontalFlip(p=0.5), RandomRotation(degrees=[0.0, 360.0], interpolation=nearest, expand=False, fill=0)]",[ToTensor()],5000,1000,500,0.0005,128,40,32,1,1024,4.5621157,1.971873,2.0220928,3062784,CrossEntropyLoss(),"Adam ( Parameter Group 0     amsgrad: False     betas: (0.9, 0.999)     capturable: False     differentiable: False     eps: 1e-08     foreach: None     fused: None     initial_lr: 0.0005     lr: 0.0005     maximize: False     weight_decay: 0 )",CosineAnnealingLR ( T_max = 500 base_lrs = [0.0005] eta_min = 0 last_epoch = 0 optimizer = Adam() verbose = False ),4.934785965721161e-9,500,0.022638566414515178,0.9808,0.06523704719543456,0.876
67,models.gitresnet_ee resnet18,cifar100_train,cifar100_val,10,"[ToTensor(), RandomHorizontalFlip(p=0.5), RandomRotation(degrees=[0.0, 360.0], interpolation=nearest, expand=False, fill=0)]",[ToTensor()],5000,1000,500,0.0005,128,40,32,2,256,4.5621157,1.971873,2.0220928,2923520,CrossEntropyLoss(),"Adam ( Parameter Group 0     amsgrad: False     betas: (0.9, 0.999)     capturable: False     differentiable: False     eps: 1e-08     foreach: None     fused: None     initial_lr: 0.0005     lr: 0.0005     maximize: False     weight_decay: 0 )",CosineAnnealingLR ( T_max = 500 base_lrs = [0.0005] eta_min = 0 last_epoch = 0 optimizer = Adam() verbose = False ),4.934785965721161e-9,500,0.009231998467445374,0.994,0.07551195542017619,0.854
68,models.gitresnet_ee resnet18,cifar100_train,cifar100_val,10,"[ToTensor(), RandomHorizontalFlip(p=0.5), RandomRotation(degrees=[0.0, 360.0], interpolation=nearest, expand=False, fill=0)]",[ToTensor()],5000,1000,500,0.0005,128,40,32,4,64,4.5621157,1.971873,2.0220928,2855808,CrossEntropyLoss(),"Adam ( Parameter Group 0     amsgrad: False     betas: (0.9, 0.999)     capturable: False     differentiable: False     eps: 1e-08     foreach: None     fused: None     initial_lr: 0.0005     lr: 0.0005     maximize: False     weight_decay: 0 )",CosineAnnealingLR ( T_max = 500 base_lrs = [0.0005] eta_min = 0 last_epoch = 0 optimizer = Adam() verbose = False ),4.934785965721161e-9,500,0.006408313024044037,0.9952,0.07831020851929983,0.867
69,models.gitresnet_ee resnet18,cifar100_train,cifar100_val,10,"[ToTensor(), RandomHorizontalFlip(p=0.5), RandomRotation(degrees=[0.0, 360.0], interpolation=nearest, expand=False, fill=0)]",[ToTensor()],5000,1000,500,0.0005,128,40,32,8,16,4.5621157,1.971873,2.0220928,2822432,CrossEntropyLoss(),"Adam ( Parameter Group 0     amsgrad: False     betas: (0.9, 0.999)     capturable: False     differentiable: False     eps: 1e-08     foreach: None     fused: None     initial_lr: 0.0005     lr: 0.0005     maximize: False     weight_decay: 0 )",CosineAnnealingLR ( T_max = 500 base_lrs = [0.0005] eta_min = 0 last_epoch = 0 optimizer = Adam() verbose = False ),4.934785965721161e-9,500,0.0037012544870376586,0.9964,0.08516257174809774,0.866
70,models.gitresnet_ee resnet18,cifar100_train,cifar100_val,10,"[ToTensor(), RandomHorizontalFlip(p=0.5), RandomRotation(degrees=[0.0, 360.0], interpolation=nearest, expand=False, fill=0)]",[ToTensor()],5000,1000,500,0.0005,128,40,32,16,4,4.5621157,1.971873,2.0220928,2805864,CrossEntropyLoss(),"Adam ( Parameter Group 0     amsgrad: False     betas: (0.9, 0.999)     capturable: False     differentiable: False     eps: 1e-08     foreach: None     fused: None     initial_lr: 0.0005     lr: 0.0005     maximize: False     weight_decay: 0 )",CosineAnnealingLR ( T_max = 500 base_lrs = [0.0005] eta_min = 0 last_epoch = 0 optimizer = Adam() verbose = False ),4.934785965721161e-9,500,0.0018917994658152262,0.9984,0.10804590161641439,0.858
71,models.gitresnet_ee resnet18,cifar100_train,cifar100_val,10,"[ToTensor(), RandomHorizontalFlip(p=0.5), RandomRotation(degrees=[0.0, 360.0], interpolation=nearest, expand=False, fill=0)]",[ToTensor()],5000,1000,500,0.0005,128,40,32,32,1,4.5621157,1.971873,2.0220928,2797610,CrossEntropyLoss(),"Adam ( Parameter Group 0     amsgrad: False     betas: (0.9, 0.999)     capturable: False     differentiable: False     eps: 1e-08     foreach: None     fused: None     initial_lr: 0.0005     lr: 0.0005     maximize: False     weight_decay: 0 )",CosineAnnealingLR ( T_max = 500 base_lrs = [0.0005] eta_min = 0 last_epoch = 0 optimizer = Adam() verbose = False ),4.934785965721161e-9,500,0.0014682560255130132,0.998,0.14452946376800538,0.829
72,models.gitresnet_ee resnet18,cifar100_train,cifar100_val,10,"[ToTensor(), RandomHorizontalFlip(p=0.5), RandomRotation(degrees=[0.0, 360.0], interpolation=nearest, expand=False, fill=0)]",[ToTensor()],5000,1000,500,0.0005,128,40,32,1,1024,4.525485,1.9711652,1.9865494,3062784,CrossEntropyLoss(),"Adam ( Parameter Group 0     amsgrad: False     betas: (0.9, 0.999)     capturable: False     differentiable: False     eps: 1e-08     foreach: None     fused: None     initial_lr: 0.0005     lr: 0.0005     maximize: False     weight_decay: 0 )",CosineAnnealingLR ( T_max = 500 base_lrs = [0.0005] eta_min = 0 last_epoch = 0 optimizer = Adam() verbose = False ),4.934785965721161e-9,500,0.036375639629364014,0.961,0.10250167791048685,0.798
73,models.gitresnet_ee resnet18,cifar100_train,cifar100_val,10,"[ToTensor(), RandomHorizontalFlip(p=0.5), RandomRotation(degrees=[0.0, 360.0], interpolation=nearest, expand=False, fill=0)]",[ToTensor()],5000,1000,500,0.0005,128,40,32,2,256,4.525485,1.9711652,1.9865494,2923520,CrossEntropyLoss(),"Adam ( Parameter Group 0     amsgrad: False     betas: (0.9, 0.999)     capturable: False     differentiable: False     eps: 1e-08     foreach: None     fused: None     initial_lr: 0.0005     lr: 0.0005     maximize: False     weight_decay: 0 )",CosineAnnealingLR ( T_max = 500 base_lrs = [0.0005] eta_min = 0 last_epoch = 0 optimizer = Adam() verbose = False ),4.934785965721161e-9,500,0.01766125752131144,0.9842,0.11882309174537659,0.783
74,models.gitresnet_ee resnet18,cifar100_train,cifar100_val,10,"[ToTensor(), RandomHorizontalFlip(p=0.5), RandomRotation(degrees=[0.0, 360.0], interpolation=nearest, expand=False, fill=0)]",[ToTensor()],5000,1000,500,0.0005,128,40,32,4,64,4.525485,1.9711652,1.9865494,2855808,CrossEntropyLoss(),"Adam ( Parameter Group 0     amsgrad: False     betas: (0.9, 0.999)     capturable: False     differentiable: False     eps: 1e-08     foreach: None     fused: None     initial_lr: 0.0005     lr: 0.0005     maximize: False     weight_decay: 0 )",CosineAnnealingLR ( T_max = 500 base_lrs = [0.0005] eta_min = 0 last_epoch = 0 optimizer = Adam() verbose = False ),4.934785965721161e-9,500,0.012567666371663412,0.987,0.1462795565923055,0.774
75,models.gitresnet_ee resnet18,cifar100_train,cifar100_val,10,"[ToTensor(), RandomHorizontalFlip(p=0.5), RandomRotation(degrees=[0.0, 360.0], interpolation=nearest, expand=False, fill=0)]",[ToTensor()],5000,1000,500,0.0005,128,40,32,8,16,4.525485,1.9711652,1.9865494,2822432,CrossEntropyLoss(),"Adam ( Parameter Group 0     amsgrad: False     betas: (0.9, 0.999)     capturable: False     differentiable: False     eps: 1e-08     foreach: None     fused: None     initial_lr: 0.0005     lr: 0.0005     maximize: False     weight_decay: 0 )",CosineAnnealingLR ( T_max = 500 base_lrs = [0.0005] eta_min = 0 last_epoch = 0 optimizer = Adam() verbose = False ),4.934785965721161e-9,500,0.006799236536026001,0.9948,0.16834282732009886,0.759
76,models.gitresnet_ee resnet18,cifar100_train,cifar100_val,10,"[ToTensor(), RandomHorizontalFlip(p=0.5), RandomRotation(degrees=[0.0, 360.0], interpolation=nearest, expand=False, fill=0)]",[ToTensor()],5000,1000,500,0.0005,128,40,32,16,4,4.525485,1.9711652,1.9865494,2805864,CrossEntropyLoss(),"Adam ( Parameter Group 0     amsgrad: False     betas: (0.9, 0.999)     capturable: False     differentiable: False     eps: 1e-08     foreach: None     fused: None     initial_lr: 0.0005     lr: 0.0005     maximize: False     weight_decay: 0 )",CosineAnnealingLR ( T_max = 500 base_lrs = [0.0005] eta_min = 0 last_epoch = 0 optimizer = Adam() verbose = False ),4.934785965721161e-9,500,0.002898092120885849,0.9978,0.19888180621465046,0.751
77,models.gitresnet_ee resnet18,cifar100_train,cifar100_val,10,"[ToTensor(), RandomHorizontalFlip(p=0.5), RandomRotation(degrees=[0.0, 360.0], interpolation=nearest, expand=False, fill=0)]",[ToTensor()],5000,1000,500,0.0005,128,40,32,32,1,4.525485,1.9711652,1.9865494,2797610,CrossEntropyLoss(),"Adam ( Parameter Group 0     amsgrad: False     betas: (0.9, 0.999)     capturable: False     differentiable: False     eps: 1e-08     foreach: None     fused: None     initial_lr: 0.0005     lr: 0.0005     maximize: False     weight_decay: 0 )",CosineAnnealingLR ( T_max = 500 base_lrs = [0.0005] eta_min = 0 last_epoch = 0 optimizer = Adam() verbose = False ),4.934785965721161e-9,500,0.0016495808174212775,0.9984,0.2775639322598775,0.724
78,models.gitresnet_ee resnet18,cifar100_train,cifar100_val,10,"[ToTensor(), RandomHorizontalFlip(p=0.5), RandomRotation(degrees=[0.0, 360.0], interpolation=nearest, expand=False, fill=0)]",[ToTensor()],5000,1000,500,0.0005,128,40,32,1,1024,4.375063,1.9434001,2.2303507,3062784,CrossEntropyLoss(),"Adam ( Parameter Group 0     amsgrad: False     betas: (0.9, 0.999)     capturable: False     differentiable: False     eps: 1e-08     foreach: None     fused: None     initial_lr: 0.0005     lr: 0.0005     maximize: False     weight_decay: 0 )",CosineAnnealingLR ( T_max = 500 base_lrs = [0.0005] eta_min = 0 last_epoch = 0 optimizer = Adam() verbose = False ),4.934785965721161e-9,500,0.03364956130981445,0.9616,0.09015294969081879,0.822
79,models.gitresnet_ee resnet18,cifar100_train,cifar100_val,10,"[ToTensor(), RandomHorizontalFlip(p=0.5), RandomRotation(degrees=[0.0, 360.0], interpolation=nearest, expand=False, fill=0)]",[ToTensor()],5000,1000,500,0.0005,128,40,32,2,256,4.375063,1.9434001,2.2303507,2923520,CrossEntropyLoss(),"Adam ( Parameter Group 0     amsgrad: False     betas: (0.9, 0.999)     capturable: False     differentiable: False     eps: 1e-08     foreach: None     fused: None     initial_lr: 0.0005     lr: 0.0005     maximize: False     weight_decay: 0 )",CosineAnnealingLR ( T_max = 500 base_lrs = [0.0005] eta_min = 0 last_epoch = 0 optimizer = Adam() verbose = False ),4.934785965721161e-9,500,0.014918477471669515,0.986,0.1009990046819051,0.815
80,models.gitresnet_ee resnet18,cifar100_train,cifar100_val,10,"[ToTensor(), RandomHorizontalFlip(p=0.5), RandomRotation(degrees=[0.0, 360.0], interpolation=nearest, expand=False, fill=0)]",[ToTensor()],5000,1000,500,0.0005,128,40,32,4,64,4.375063,1.9434001,2.2303507,2855808,CrossEntropyLoss(),"Adam ( Parameter Group 0     amsgrad: False     betas: (0.9, 0.999)     capturable: False     differentiable: False     eps: 1e-08     foreach: None     fused: None     initial_lr: 0.0005     lr: 0.0005     maximize: False     weight_decay: 0 )",CosineAnnealingLR ( T_max = 500 base_lrs = [0.0005] eta_min = 0 last_epoch = 0 optimizer = Adam() verbose = False ),4.934785965721161e-9,500,0.010952983617782592,0.9888,0.11019002874692281,0.824
81,models.gitresnet_ee resnet18,cifar100_train,cifar100_val,10,"[ToTensor(), RandomHorizontalFlip(p=0.5), RandomRotation(degrees=[0.0, 360.0], interpolation=nearest, expand=False, fill=0)]",[ToTensor()],5000,1000,500,0.0005,128,40,32,8,16,4.375063,1.9434001,2.2303507,2822432,CrossEntropyLoss(),"Adam ( Parameter Group 0     amsgrad: False     betas: (0.9, 0.999)     capturable: False     differentiable: False     eps: 1e-08     foreach: None     fused: None     initial_lr: 0.0005     lr: 0.0005     maximize: False     weight_decay: 0 )",CosineAnnealingLR ( T_max = 500 base_lrs = [0.0005] eta_min = 0 last_epoch = 0 optimizer = Adam() verbose = False ),4.934785965721161e-9,500,0.005648668599128723,0.9952,0.1381561988989512,0.815
82,models.gitresnet_ee resnet18,cifar100_train,cifar100_val,10,"[ToTensor(), RandomHorizontalFlip(p=0.5), RandomRotation(degrees=[0.0, 360.0], interpolation=nearest, expand=False, fill=0)]",[ToTensor()],5000,1000,500,0.0005,128,40,32,16,4,4.375063,1.9434001,2.2303507,2805864,CrossEntropyLoss(),"Adam ( Parameter Group 0     amsgrad: False     betas: (0.9, 0.999)     capturable: False     differentiable: False     eps: 1e-08     foreach: None     fused: None     initial_lr: 0.0005     lr: 0.0005     maximize: False     weight_decay: 0 )",CosineAnnealingLR ( T_max = 500 base_lrs = [0.0005] eta_min = 0 last_epoch = 0 optimizer = Adam() verbose = False ),4.934785965721161e-9,500,0.0024056812425454458,0.9984,0.16799954398473105,0.791
83,models.gitresnet_ee resnet18,cifar100_train,cifar100_val,10,"[ToTensor(), RandomHorizontalFlip(p=0.5), RandomRotation(degrees=[0.0, 360.0], interpolation=nearest, expand=False, fill=0)]",[ToTensor()],5000,1000,500,0.0005,128,40,32,32,1,4.375063,1.9434001,2.2303507,2797610,CrossEntropyLoss(),"Adam ( Parameter Group 0     amsgrad: False     betas: (0.9, 0.999)     capturable: False     differentiable: False     eps: 1e-08     foreach: None     fused: None     initial_lr: 0.0005     lr: 0.0005     maximize: False     weight_decay: 0 )",CosineAnnealingLR ( T_max = 500 base_lrs = [0.0005] eta_min = 0 last_epoch = 0 optimizer = Adam() verbose = False ),4.934785965721161e-9,500,0.001531636040409406,0.998,0.19934872055053712,0.787
84,models.gitresnet_ee resnet18,cifar100_train,cifar100_val,10,"[ToTensor(), RandomHorizontalFlip(p=0.5), RandomRotation(degrees=[0.0, 360.0], interpolation=nearest, expand=False, fill=0)]",[ToTensor()],5000,1000,500,0.0005,128,40,32,1,1024,4.146168,1.8793532,1.7108161,3062784,CrossEntropyLoss(),"Adam ( Parameter Group 0     amsgrad: False     betas: (0.9, 0.999)     capturable: False     differentiable: False     eps: 1e-08     foreach: None     fused: None     initial_lr: 0.0005     lr: 0.0005     maximize: False     weight_decay: 0 )",CosineAnnealingLR ( T_max = 500 base_lrs = [0.0005] eta_min = 0 last_epoch = 0 optimizer = Adam() verbose = False ),4.934785965721161e-9,500,0.015859228324890135,0.9878,0.05005435649553935,0.892
85,models.gitresnet_ee resnet18,cifar100_train,cifar100_val,10,"[ToTensor(), RandomHorizontalFlip(p=0.5), RandomRotation(degrees=[0.0, 360.0], interpolation=nearest, expand=False, fill=0)]",[ToTensor()],5000,1000,500,0.0005,128,40,32,2,256,4.146168,1.8793532,1.7108161,2923520,CrossEntropyLoss(),"Adam ( Parameter Group 0     amsgrad: False     betas: (0.9, 0.999)     capturable: False     differentiable: False     eps: 1e-08     foreach: None     fused: None     initial_lr: 0.0005     lr: 0.0005     maximize: False     weight_decay: 0 )",CosineAnnealingLR ( T_max = 500 base_lrs = [0.0005] eta_min = 0 last_epoch = 0 optimizer = Adam() verbose = False ),4.934785965721161e-9,500,0.006457455436388652,0.9972,0.05762661417325338,0.888
86,models.gitresnet_ee resnet18,cifar100_train,cifar100_val,10,"[ToTensor(), RandomHorizontalFlip(p=0.5), RandomRotation(degrees=[0.0, 360.0], interpolation=nearest, expand=False, fill=0)]",[ToTensor()],5000,1000,500,0.0005,128,40,32,4,64,4.146168,1.8793532,1.7108161,2855808,CrossEntropyLoss(),"Adam ( Parameter Group 0     amsgrad: False     betas: (0.9, 0.999)     capturable: False     differentiable: False     eps: 1e-08     foreach: None     fused: None     initial_lr: 0.0005     lr: 0.0005     maximize: False     weight_decay: 0 )",CosineAnnealingLR ( T_max = 500 base_lrs = [0.0005] eta_min = 0 last_epoch = 0 optimizer = Adam() verbose = False ),4.934785965721161e-9,500,0.005324116023381551,0.9952,0.057724299748738606,0.884
87,models.gitresnet_ee resnet18,cifar100_train,cifar100_val,10,"[ToTensor(), RandomHorizontalFlip(p=0.5), RandomRotation(degrees=[0.0, 360.0], interpolation=nearest, expand=False, fill=0)]",[ToTensor()],5000,1000,500,0.0005,128,40,32,8,16,4.146168,1.8793532,1.7108161,2822432,CrossEntropyLoss(),"Adam ( Parameter Group 0     amsgrad: False     betas: (0.9, 0.999)     capturable: False     differentiable: False     eps: 1e-08     foreach: None     fused: None     initial_lr: 0.0005     lr: 0.0005     maximize: False     weight_decay: 0 )",CosineAnnealingLR ( T_max = 500 base_lrs = [0.0005] eta_min = 0 last_epoch = 0 optimizer = Adam() verbose = False ),4.934785965721161e-9,500,0.002859061473608017,0.9982,0.06518518849213918,0.897
88,models.gitresnet_ee resnet18,cifar100_train,cifar100_val,10,"[ToTensor(), RandomHorizontalFlip(p=0.5), RandomRotation(degrees=[0.0, 360.0], interpolation=nearest, expand=False, fill=0)]",[ToTensor()],5000,1000,500,0.0005,128,40,32,16,4,4.146168,1.8793532,1.7108161,2805864,CrossEntropyLoss(),"Adam ( Parameter Group 0     amsgrad: False     betas: (0.9, 0.999)     capturable: False     differentiable: False     eps: 1e-08     foreach: None     fused: None     initial_lr: 0.0005     lr: 0.0005     maximize: False     weight_decay: 0 )",CosineAnnealingLR ( T_max = 500 base_lrs = [0.0005] eta_min = 0 last_epoch = 0 optimizer = Adam() verbose = False ),4.934785965721161e-9,500,0.001527578799923261,0.9994,0.08534497737884522,0.892
89,models.gitresnet_ee resnet18,cifar100_train,cifar100_val,10,"[ToTensor(), RandomHorizontalFlip(p=0.5), RandomRotation(degrees=[0.0, 360.0], interpolation=nearest, expand=False, fill=0)]",[ToTensor()],5000,1000,500,0.0005,128,40,32,32,1,4.146168,1.8793532,1.7108161,2797610,CrossEntropyLoss(),"Adam ( Parameter Group 0     amsgrad: False     betas: (0.9, 0.999)     capturable: False     differentiable: False     eps: 1e-08     foreach: None     fused: None     initial_lr: 0.0005     lr: 0.0005     maximize: False     weight_decay: 0 )",CosineAnnealingLR ( T_max = 500 base_lrs = [0.0005] eta_min = 0 last_epoch = 0 optimizer = Adam() verbose = False ),4.934785965721161e-9,500,0.0010786031896869342,0.999,0.10324032580852509,0.869
90,models.gitresnet_ee resnet18,cifar100_train,cifar100_val,10,"[ToTensor(), RandomHorizontalFlip(p=0.5), RandomRotation(degrees=[0.0, 360.0], interpolation=nearest, expand=False, fill=0)]",[ToTensor()],5000,1000,500,0.0005,128,40,32,1,1024,4.8895555,2.0366383,2.0794914,3062784,CrossEntropyLoss(),"Adam ( Parameter Group 0     amsgrad: False     betas: (0.9, 0.999)     capturable: False     differentiable: False     eps: 1e-08     foreach: None     fused: None     initial_lr: 0.0005     lr: 0.0005     maximize: False     weight_decay: 0 )",CosineAnnealingLR ( T_max = 500 base_lrs = [0.0005] eta_min = 0 last_epoch = 0 optimizer = Adam() verbose = False ),4.934785965721161e-9,500,0.029346570444107056,0.9704,0.08194709968566895,0.835
91,models.gitresnet_ee resnet18,cifar100_train,cifar100_val,10,"[ToTensor(), RandomHorizontalFlip(p=0.5), RandomRotation(degrees=[0.0, 360.0], interpolation=nearest, expand=False, fill=0)]",[ToTensor()],5000,1000,500,0.0005,128,40,32,2,256,4.8895555,2.0366383,2.0794914,2923520,CrossEntropyLoss(),"Adam ( Parameter Group 0     amsgrad: False     betas: (0.9, 0.999)     capturable: False     differentiable: False     eps: 1e-08     foreach: None     fused: None     initial_lr: 0.0005     lr: 0.0005     maximize: False     weight_decay: 0 )",CosineAnnealingLR ( T_max = 500 base_lrs = [0.0005] eta_min = 0 last_epoch = 0 optimizer = Adam() verbose = False ),4.934785965721161e-9,500,0.01325564572016398,0.9878,0.08397789072990418,0.833
92,models.gitresnet_ee resnet18,cifar100_train,cifar100_val,10,"[ToTensor(), RandomHorizontalFlip(p=0.5), RandomRotation(degrees=[0.0, 360.0], interpolation=nearest, expand=False, fill=0)]",[ToTensor()],5000,1000,500,0.0005,128,40,32,4,64,4.8895555,2.0366383,2.0794914,2855808,CrossEntropyLoss(),"Adam ( Parameter Group 0     amsgrad: False     betas: (0.9, 0.999)     capturable: False     differentiable: False     eps: 1e-08     foreach: None     fused: None     initial_lr: 0.0005     lr: 0.0005     maximize: False     weight_decay: 0 )",CosineAnnealingLR ( T_max = 500 base_lrs = [0.0005] eta_min = 0 last_epoch = 0 optimizer = Adam() verbose = False ),4.934785965721161e-9,500,0.009536962715784709,0.9888,0.10212363950411478,0.831
93,models.gitresnet_ee resnet18,cifar100_train,cifar100_val,10,"[ToTensor(), RandomHorizontalFlip(p=0.5), RandomRotation(degrees=[0.0, 360.0], interpolation=nearest, expand=False, fill=0)]",[ToTensor()],5000,1000,500,0.0005,128,40,32,8,16,4.8895555,2.0366383,2.0794914,2822432,CrossEntropyLoss(),"Adam ( Parameter Group 0     amsgrad: False     betas: (0.9, 0.999)     capturable: False     differentiable: False     eps: 1e-08     foreach: None     fused: None     initial_lr: 0.0005     lr: 0.0005     maximize: False     weight_decay: 0 )",CosineAnnealingLR ( T_max = 500 base_lrs = [0.0005] eta_min = 0 last_epoch = 0 optimizer = Adam() verbose = False ),4.934785965721161e-9,500,0.005268707887331645,0.9942,0.12751419099171957,0.806
94,models.gitresnet_ee resnet18,cifar100_train,cifar100_val,10,"[ToTensor(), RandomHorizontalFlip(p=0.5), RandomRotation(degrees=[0.0, 360.0], interpolation=nearest, expand=False, fill=0)]",[ToTensor()],5000,1000,500,0.0005,128,40,32,16,4,4.8895555,2.0366383,2.0794914,2805864,CrossEntropyLoss(),"Adam ( Parameter Group 0     amsgrad: False     betas: (0.9, 0.999)     capturable: False     differentiable: False     eps: 1e-08     foreach: None     fused: None     initial_lr: 0.0005     lr: 0.0005     maximize: False     weight_decay: 0 )",CosineAnnealingLR ( T_max = 500 base_lrs = [0.0005] eta_min = 0 last_epoch = 0 optimizer = Adam() verbose = False ),4.934785965721161e-9,500,0.0024187326967716216,0.9976,0.11038522291183471,0.833
95,models.gitresnet_ee resnet18,cifar100_train,cifar100_val,10,"[ToTensor(), RandomHorizontalFlip(p=0.5), RandomRotation(degrees=[0.0, 360.0], interpolation=nearest, expand=False, fill=0)]",[ToTensor()],5000,1000,500,0.0005,128,40,32,32,1,4.8895555,2.0366383,2.0794914,2797610,CrossEntropyLoss(),"Adam ( Parameter Group 0     amsgrad: False     betas: (0.9, 0.999)     capturable: False     differentiable: False     eps: 1e-08     foreach: None     fused: None     initial_lr: 0.0005     lr: 0.0005     maximize: False     weight_decay: 0 )",CosineAnnealingLR ( T_max = 500 base_lrs = [0.0005] eta_min = 0 last_epoch = 0 optimizer = Adam() verbose = False ),4.934785965721161e-9,500,0.0015266889135042826,0.9988,0.15526783005396524,0.816
96,models.gitresnet_ee resnet18,cifar100_train,cifar100_val,10,"[ToTensor(), RandomHorizontalFlip(p=0.5), RandomRotation(degrees=[0.0, 360.0], interpolation=nearest, expand=False, fill=0)]",[ToTensor()],5000,1000,500,0.0005,128,40,32,1,1024,4.2242146,1.8765402,1.7890673,3062784,CrossEntropyLoss(),"Adam ( Parameter Group 0     amsgrad: False     betas: (0.9, 0.999)     capturable: False     differentiable: False     eps: 1e-08     foreach: None     fused: None     initial_lr: 0.0005     lr: 0.0005     maximize: False     weight_decay: 0 )",CosineAnnealingLR ( T_max = 500 base_lrs = [0.0005] eta_min = 0 last_epoch = 0 optimizer = Adam() verbose = False ),4.934785965721161e-9,500,0.028562051320075988,0.9724,0.08368802245457967,0.824
97,models.gitresnet_ee resnet18,cifar100_train,cifar100_val,10,"[ToTensor(), RandomHorizontalFlip(p=0.5), RandomRotation(degrees=[0.0, 360.0], interpolation=nearest, expand=False, fill=0)]",[ToTensor()],5000,1000,500,0.0005,128,40,32,2,256,4.2242146,1.8765402,1.7890673,2923520,CrossEntropyLoss(),"Adam ( Parameter Group 0     amsgrad: False     betas: (0.9, 0.999)     capturable: False     differentiable: False     eps: 1e-08     foreach: None     fused: None     initial_lr: 0.0005     lr: 0.0005     maximize: False     weight_decay: 0 )",CosineAnnealingLR ( T_max = 500 base_lrs = [0.0005] eta_min = 0 last_epoch = 0 optimizer = Adam() verbose = False ),4.934785965721161e-9,500,0.012564895335833232,0.9904,0.09459029165903728,0.827
98,models.gitresnet_ee resnet18,cifar100_train,cifar100_val,10,"[ToTensor(), RandomHorizontalFlip(p=0.5), RandomRotation(degrees=[0.0, 360.0], interpolation=nearest, expand=False, fill=0)]",[ToTensor()],5000,1000,500,0.0005,128,40,32,4,64,4.2242146,1.8765402,1.7890673,2855808,CrossEntropyLoss(),"Adam ( Parameter Group 0     amsgrad: False     betas: (0.9, 0.999)     capturable: False     differentiable: False     eps: 1e-08     foreach: None     fused: None     initial_lr: 0.0005     lr: 0.0005     maximize: False     weight_decay: 0 )",CosineAnnealingLR ( T_max = 500 base_lrs = [0.0005] eta_min = 0 last_epoch = 0 optimizer = Adam() verbose = False ),4.934785965721161e-9,500,0.009817584224541981,0.9892,0.10869341508547466,0.815
99,models.gitresnet_ee resnet18,cifar100_train,cifar100_val,10,"[ToTensor(), RandomHorizontalFlip(p=0.5), RandomRotation(degrees=[0.0, 360.0], interpolation=nearest, expand=False, fill=0)]",[ToTensor()],5000,1000,500,0.0005,128,40,32,8,16,4.2242146,1.8765402,1.7890673,2822432,CrossEntropyLoss(),"Adam ( Parameter Group 0     amsgrad: False     betas: (0.9, 0.999)     capturable: False     differentiable: False     eps: 1e-08     foreach: None     fused: None     initial_lr: 0.0005     lr: 0.0005     maximize: False     weight_decay: 0 )",CosineAnnealingLR ( T_max = 500 base_lrs = [0.0005] eta_min = 0 last_epoch = 0 optimizer = Adam() verbose = False ),4.934785965721161e-9,500,0.005032660949230194,0.995,0.11028506406148275,0.814
100,models.gitresnet_ee resnet18,cifar100_train,cifar100_val,10,"[ToTensor(), RandomHorizontalFlip(p=0.5), RandomRotation(degrees=[0.0, 360.0], interpolation=nearest, expand=False, fill=0)]",[ToTensor()],5000,1000,500,0.0005,128,40,32,16,4,4.2242146,1.8765402,1.7890673,2805864,CrossEntropyLoss(),"Adam ( Parameter Group 0     amsgrad: False     betas: (0.9, 0.999)     capturable: False     differentiable: False     eps: 1e-08     foreach: None     fused: None     initial_lr: 0.0005     lr: 0.0005     maximize: False     weight_decay: 0 )",CosineAnnealingLR ( T_max = 500 base_lrs = [0.0005] eta_min = 0 last_epoch = 0 optimizer = Adam() verbose = False ),4.934785965721161e-9,500,0.0022254005829493205,0.998,0.1303378336429596,0.819
101,models.gitresnet_ee resnet18,cifar100_train,cifar100_val,10,"[ToTensor(), RandomHorizontalFlip(p=0.5), RandomRotation(degrees=[0.0, 360.0], interpolation=nearest, expand=False, fill=0)]",[ToTensor()],5000,1000,500,0.0005,128,40,32,32,1,4.2242146,1.8765402,1.7890673,2797610,CrossEntropyLoss(),"Adam ( Parameter Group 0     amsgrad: False     betas: (0.9, 0.999)     capturable: False     differentiable: False     eps: 1e-08     foreach: None     fused: None     initial_lr: 0.0005     lr: 0.0005     maximize: False     weight_decay: 0 )",CosineAnnealingLR ( T_max = 500 base_lrs = [0.0005] eta_min = 0 last_epoch = 0 optimizer = Adam() verbose = False ),4.934785965721161e-9,500,0.0010525891405840716,0.9994,0.17053392696380615,0.804
102,models.gitresnet_ee resnet18,cifar100_train,cifar100_val,10,"[ToTensor(), RandomHorizontalFlip(p=0.5), RandomRotation(degrees=[0.0, 360.0], interpolation=nearest, expand=False, fill=0)]",[ToTensor()],5000,1000,500,0.0005,128,40,32,1,1024,4.8097467,2.0174606,1.9381844,3062784,CrossEntropyLoss(),"Adam ( Parameter Group 0     amsgrad: False     betas: (0.9, 0.999)     capturable: False     differentiable: False     eps: 1e-08     foreach: None     fused: None     initial_lr: 0.0005     lr: 0.0005     maximize: False     weight_decay: 0 )",CosineAnnealingLR ( T_max = 500 base_lrs = [0.0005] eta_min = 0 last_epoch = 0 optimizer = Adam() verbose = False ),4.934785965721161e-9,500,0.03707060980002085,0.9532,0.09419965314865113,0.808
103,models.gitresnet_ee resnet18,cifar100_train,cifar100_val,10,"[ToTensor(), RandomHorizontalFlip(p=0.5), RandomRotation(degrees=[0.0, 360.0], interpolation=nearest, expand=False, fill=0)]",[ToTensor()],5000,1000,500,0.0005,128,40,32,2,256,4.8097467,2.0174606,1.9381844,2923520,CrossEntropyLoss(),"Adam ( Parameter Group 0     amsgrad: False     betas: (0.9, 0.999)     capturable: False     differentiable: False     eps: 1e-08     foreach: None     fused: None     initial_lr: 0.0005     lr: 0.0005     maximize: False     weight_decay: 0 )",CosineAnnealingLR ( T_max = 500 base_lrs = [0.0005] eta_min = 0 last_epoch = 0 optimizer = Adam() verbose = False ),4.934785965721161e-9,500,0.015997273778915404,0.985,0.10146755639712016,0.819
104,models.gitresnet_ee resnet18,cifar100_train,cifar100_val,10,"[ToTensor(), RandomHorizontalFlip(p=0.5), RandomRotation(degrees=[0.0, 360.0], interpolation=nearest, expand=False, fill=0)]",[ToTensor()],5000,1000,500,0.0005,128,40,32,4,64,4.8097467,2.0174606,1.9381844,2855808,CrossEntropyLoss(),"Adam ( Parameter Group 0     amsgrad: False     betas: (0.9, 0.999)     capturable: False     differentiable: False     eps: 1e-08     foreach: None     fused: None     initial_lr: 0.0005     lr: 0.0005     maximize: False     weight_decay: 0 )",CosineAnnealingLR ( T_max = 500 base_lrs = [0.0005] eta_min = 0 last_epoch = 0 optimizer = Adam() verbose = False ),4.934785965721161e-9,500,0.011946545553207398,0.9848,0.12683812340100606,0.791
105,models.gitresnet_ee resnet18,cifar100_train,cifar100_val,10,"[ToTensor(), RandomHorizontalFlip(p=0.5), RandomRotation(degrees=[0.0, 360.0], interpolation=nearest, expand=False, fill=0)]",[ToTensor()],5000,1000,500,0.0005,128,40,32,8,16,4.8097467,2.0174606,1.9381844,2822432,CrossEntropyLoss(),"Adam ( Parameter Group 0     amsgrad: False     betas: (0.9, 0.999)     capturable: False     differentiable: False     eps: 1e-08     foreach: None     fused: None     initial_lr: 0.0005     lr: 0.0005     maximize: False     weight_decay: 0 )",CosineAnnealingLR ( T_max = 500 base_lrs = [0.0005] eta_min = 0 last_epoch = 0 optimizer = Adam() verbose = False ),4.934785965721161e-9,500,0.00620421701669693,0.9942,0.1444619067509969,0.78
106,models.gitresnet_ee resnet18,cifar100_train,cifar100_val,10,"[ToTensor(), RandomHorizontalFlip(p=0.5), RandomRotation(degrees=[0.0, 360.0], interpolation=nearest, expand=False, fill=0)]",[ToTensor()],5000,1000,500,0.0005,128,40,32,16,4,4.8097467,2.0174606,1.9381844,2805864,CrossEntropyLoss(),"Adam ( Parameter Group 0     amsgrad: False     betas: (0.9, 0.999)     capturable: False     differentiable: False     eps: 1e-08     foreach: None     fused: None     initial_lr: 0.0005     lr: 0.0005     maximize: False     weight_decay: 0 )",CosineAnnealingLR ( T_max = 500 base_lrs = [0.0005] eta_min = 0 last_epoch = 0 optimizer = Adam() verbose = False ),4.934785965721161e-9,500,0.0033255327959855396,0.9976,0.1670956114133199,0.783
107,models.gitresnet_ee resnet18,cifar100_train,cifar100_val,10,"[ToTensor(), RandomHorizontalFlip(p=0.5), RandomRotation(degrees=[0.0, 360.0], interpolation=nearest, expand=False, fill=0)]",[ToTensor()],5000,1000,500,0.0005,128,40,32,32,1,4.8097467,2.0174606,1.9381844,2797610,CrossEntropyLoss(),"Adam ( Parameter Group 0     amsgrad: False     betas: (0.9, 0.999)     capturable: False     differentiable: False     eps: 1e-08     foreach: None     fused: None     initial_lr: 0.0005     lr: 0.0005     maximize: False     weight_decay: 0 )",CosineAnnealingLR ( T_max = 500 base_lrs = [0.0005] eta_min = 0 last_epoch = 0 optimizer = Adam() verbose = False ),4.934785965721161e-9,500,0.001829992758234342,0.9982,0.23298167339960735,0.761
108,models.gitresnet_ee resnet18,cifar100_train,cifar100_val,10,"[ToTensor(), RandomHorizontalFlip(p=0.5), RandomRotation(degrees=[0.0, 360.0], interpolation=nearest, expand=False, fill=0)]",[ToTensor()],5000,1000,500,0.0005,128,40,32,1,1024,4.4388905,1.9396102,1.9552071,3062784,CrossEntropyLoss(),"Adam ( Parameter Group 0     amsgrad: False     betas: (0.9, 0.999)     capturable: False     differentiable: False     eps: 1e-08     foreach: None     fused: None     initial_lr: 0.0005     lr: 0.0005     maximize: False     weight_decay: 0 )",CosineAnnealingLR ( T_max = 500 base_lrs = [0.0005] eta_min = 0 last_epoch = 0 optimizer = Adam() verbose = False ),4.934785965721161e-9,500,0.03149161659876506,0.9684,0.09285106539726257,0.817
109,models.gitresnet_ee resnet18,cifar100_train,cifar100_val,10,"[ToTensor(), RandomHorizontalFlip(p=0.5), RandomRotation(degrees=[0.0, 360.0], interpolation=nearest, expand=False, fill=0)]",[ToTensor()],5000,1000,500,0.0005,128,40,32,2,256,4.4388905,1.9396102,1.9552071,2923520,CrossEntropyLoss(),"Adam ( Parameter Group 0     amsgrad: False     betas: (0.9, 0.999)     capturable: False     differentiable: False     eps: 1e-08     foreach: None     fused: None     initial_lr: 0.0005     lr: 0.0005     maximize: False     weight_decay: 0 )",CosineAnnealingLR ( T_max = 500 base_lrs = [0.0005] eta_min = 0 last_epoch = 0 optimizer = Adam() verbose = False ),4.934785965721161e-9,500,0.012925544675191244,0.9926,0.09910752828915914,0.828
110,models.gitresnet_ee resnet18,cifar100_train,cifar100_val,10,"[ToTensor(), RandomHorizontalFlip(p=0.5), RandomRotation(degrees=[0.0, 360.0], interpolation=nearest, expand=False, fill=0)]",[ToTensor()],5000,1000,500,0.0005,128,40,32,4,64,4.4388905,1.9396102,1.9552071,2855808,CrossEntropyLoss(),"Adam ( Parameter Group 0     amsgrad: False     betas: (0.9, 0.999)     capturable: False     differentiable: False     eps: 1e-08     foreach: None     fused: None     initial_lr: 0.0005     lr: 0.0005     maximize: False     weight_decay: 0 )",CosineAnnealingLR ( T_max = 500 base_lrs = [0.0005] eta_min = 0 last_epoch = 0 optimizer = Adam() verbose = False ),4.934785965721161e-9,500,0.009485477224985758,0.9912,0.11590189385414124,0.812
111,models.gitresnet_ee resnet18,cifar100_train,cifar100_val,10,"[ToTensor(), RandomHorizontalFlip(p=0.5), RandomRotation(degrees=[0.0, 360.0], interpolation=nearest, expand=False, fill=0)]",[ToTensor()],5000,1000,500,0.0005,128,40,32,8,16,4.4388905,1.9396102,1.9552071,2822432,CrossEntropyLoss(),"Adam ( Parameter Group 0     amsgrad: False     betas: (0.9, 0.999)     capturable: False     differentiable: False     eps: 1e-08     foreach: None     fused: None     initial_lr: 0.0005     lr: 0.0005     maximize: False     weight_decay: 0 )",CosineAnnealingLR ( T_max = 500 base_lrs = [0.0005] eta_min = 0 last_epoch = 0 optimizer = Adam() verbose = False ),4.934785965721161e-9,500,0.005564451797803243,0.9956,0.13741646313667297,0.776
112,models.gitresnet_ee resnet18,cifar100_train,cifar100_val,10,"[ToTensor(), RandomHorizontalFlip(p=0.5), RandomRotation(degrees=[0.0, 360.0], interpolation=nearest, expand=False, fill=0)]",[ToTensor()],5000,1000,500,0.0005,128,40,32,16,4,4.4388905,1.9396102,1.9552071,2805864,CrossEntropyLoss(),"Adam ( Parameter Group 0     amsgrad: False     betas: (0.9, 0.999)     capturable: False     differentiable: False     eps: 1e-08     foreach: None     fused: None     initial_lr: 0.0005     lr: 0.0005     maximize: False     weight_decay: 0 )",CosineAnnealingLR ( T_max = 500 base_lrs = [0.0005] eta_min = 0 last_epoch = 0 optimizer = Adam() verbose = False ),4.934785965721161e-9,500,0.0023834476709365844,0.9982,0.1376509165763855,0.809
113,models.gitresnet_ee resnet18,cifar100_train,cifar100_val,10,"[ToTensor(), RandomHorizontalFlip(p=0.5), RandomRotation(degrees=[0.0, 360.0], interpolation=nearest, expand=False, fill=0)]",[ToTensor()],5000,1000,500,0.0005,128,40,32,32,1,4.4388905,1.9396102,1.9552071,2797610,CrossEntropyLoss(),"Adam ( Parameter Group 0     amsgrad: False     betas: (0.9, 0.999)     capturable: False     differentiable: False     eps: 1e-08     foreach: None     fused: None     initial_lr: 0.0005     lr: 0.0005     maximize: False     weight_decay: 0 )",CosineAnnealingLR ( T_max = 500 base_lrs = [0.0005] eta_min = 0 last_epoch = 0 optimizer = Adam() verbose = False ),4.934785965721161e-9,500,0.0012524615754683813,0.9992,0.2100773983001709,0.78
